Coordinates
version=1
nRows=203
nColumns=40
inDegrees=yes

Units are S.I. units (second, meters, Newtons, ...)
If the header above contains a line with 'inDegrees', this indicates whether rotational values are in degrees (yes) or radians (no).

endheader
time	pelvis_tilt	pelvis_list	pelvis_rotation	pelvis_tx	pelvis_ty	pelvis_tz	hip_flexion_r	hip_adduction_r	hip_rotation_r	knee_angle_r	knee_angle_r_beta	ankle_angle_r	subtalar_angle_r	mtp_angle_r	hip_flexion_l	hip_adduction_l	hip_rotation_l	knee_angle_l	knee_angle_l_beta	ankle_angle_l	subtalar_angle_l	mtp_angle_l	lumbar_extension	lumbar_bending	lumbar_rotation	arm_flex_r	arm_add_r	arm_rot_r	elbow_flex_r	pro_sup_r	wrist_flex_r	wrist_dev_r	arm_flex_l	arm_add_l	arm_rot_l	elbow_flex_l	pro_sup_l	wrist_flex_l	wrist_dev_l
1749651033.78399992	     -0.82731732	     10.09353396	    -79.57974178	      0.15770212	     -0.38913694	      0.87085757	     80.00000000	     -7.00000000	      0.00000000	     80.00000000	      1.39626340	      0.00000000	      0.00000000	      0.00000000	     80.00000000	     -7.00000000	      0.00000000	     80.00000000	      1.39626340	      0.00000000	      0.00000000	      0.00000000	    -12.25575357	     -1.96378730	     12.31791424	     22.82483832	    -13.40561886	    -87.06062114	      0.23085468	      2.79577733	      0.00000000	      5.18405998	     14.48571993	     -3.37727248	      0.03941555	     69.01616424	     47.51547065	      0.00000000	      5.18405998
1749651034.05100012	     -0.52645529	     10.58019077	    -79.42659798	      0.15964488	     -0.38775657	      0.87021008	     80.00000000	     -7.00000000	      0.00000000	     80.00000000	      1.39626340	      0.00000000	      0.00000000	      0.00000000	     80.00000000	     -7.00000000	      0.00000000	     80.00000000	      1.39626340	      0.00000000	      0.00000000	      0.00000000	    -12.52028112	     -1.97704822	     12.76235657	     22.21966545	    -14.17806045	    -84.50784801	      0.34893057	      4.96972305	      0.00000000	      5.17075484	     14.66746787	     -3.07816164	      0.04253196	     69.08765983	     47.43300107	      0.00000000	      5.17075484
1749651034.08400011	     -1.11801222	     10.53902078	    -79.63383484	      0.15656646	     -0.38739582	      0.87095052	     80.00000000	     -7.00000000	      0.00000000	     80.00000000	      1.39626340	      0.00000000	      0.00000000	      0.00000000	     80.00000000	     -7.00000000	      0.00000000	     80.00000000	      1.39626340	      0.00000000	      0.00000000	      0.00000000	    -12.42731997	     -1.87483234	     13.56411952	     21.78185099	    -13.92942071	    -85.09172246	      0.31865931	      4.53644841	      0.00000000	      5.10570767	     15.21081940	     -3.33133454	      0.04186822	     69.63068266	     46.89727761	      0.00000000	      5.10570767
1749651034.11800003	     -0.31255438	     11.63557845	    -77.62979770	      0.16201328	     -0.38902048	      0.86789188	     80.00000000	     -7.00000000	      0.00000000	     80.00000000	      1.39626340	      0.00000000	      0.00000000	      0.00000000	     80.00000000	     -7.00000000	      0.00000000	     80.00000000	      1.39626340	      0.00000000	      0.00000000	      0.00000000	    -11.45549798	     -2.07073998	      9.68481966	     23.15287527	    -13.63020430	    -85.18260977	      0.30284996	      4.40557533	      0.00000000	      5.08849799	     14.07444024	     -3.61551653	      0.04222459	     69.97032660	     46.70122474	      0.00000000	      5.08849799
1749651034.15199995	     -0.32000213	     10.93197933	    -78.71561646	      0.16164256	     -0.38882534	      0.86931264	     80.00000000	     -7.00000000	      0.00000000	     80.00000000	      1.39626340	      0.00000000	      0.00000000	      0.00000000	     80.00000000	     -7.00000000	      0.00000000	     80.00000000	      1.39626340	      0.00000000	      0.00000000	      0.00000000	    -12.00025948	     -2.04340529	     11.37878166	     22.93785951	    -14.15400259	    -83.77228188	      0.37410274	      5.84683802	      0.00000000	      5.05266761	     14.50422187	     -3.23677077	      0.04915683	     70.85865792	     46.23369964	      0.00000000	      5.05266761
1749651034.18499994	     -0.52769858	     10.65502946	    -79.32370815	      0.16010832	     -0.38890037	      0.86980206	     80.00000000	     -7.00000000	      0.00000000	     80.00000000	      1.39626340	      0.00000000	      0.00000000	      0.00000000	     80.00000000	     -7.00000000	      0.00000000	     80.00000000	      1.39626340	      0.00000000	      0.00000000	      0.00000000	    -12.16486032	     -2.01135928	     11.78751256	     23.38104925	    -14.00389070	    -84.05493652	      0.37802195	      5.92074861	      0.00000000	      5.03436235	     14.44287700	     -3.42132923	      0.04967921	     71.18323812	     46.01999595	      0.00000000	      5.03436235
1749651034.21900010	     -0.50662861	     10.62467411	    -80.48088357	      0.15851260	     -0.38956831	      0.86949457	     80.00000000	     -7.00000000	      0.00000000	     80.00000000	      1.39626340	      0.00000000	      0.00000000	      0.00000000	     80.00000000	     -7.00000000	      0.00000000	     80.00000000	      1.39626340	      0.00000000	      0.00000000	      0.00000000	    -12.04791730	     -2.39757804	     12.71734847	     23.33928421	    -13.81698997	    -83.45182139	      0.46739682	      6.55289678	      0.00000000	      5.03348158	     14.49081486	     -3.32685747	      0.05065003	     71.19911466	     46.00828188	      0.00000000	      5.03348158
1749651034.25200009	     -0.53007257	     10.50609678	    -80.58986963	      0.15841972	     -0.38907492	      0.87012936	     80.00000000	     -7.00000000	      0.00000000	     80.00000000	      1.39626340	      0.00000000	      0.00000000	      0.00000000	     80.00000000	     -7.00000000	      0.00000000	     80.00000000	      1.39626340	      0.00000000	      0.00000000	      0.00000000	    -12.05104914	     -2.42042132	     12.58599020	     23.31677278	    -13.43341527	    -84.00710628	      0.34521000	      6.32323090	      0.00000000	      5.02715306	     14.29229917	     -3.30247128	      0.05265350	     71.42420019	     45.89773914	      0.00000000	      5.02715306
1749651034.28600001	     -0.82057451	     10.47256639	    -80.18002379	      0.15709316	     -0.38859173	      0.87068687	     80.00000000	     -7.00000000	      0.00000000	     80.00000000	      1.39626340	      0.00000000	      0.00000000	      0.00000000	     80.00000000	     -7.00000000	      0.00000000	     80.00000000	      1.39626340	      0.00000000	      0.00000000	      0.00000000	    -12.12785927	     -2.34794161	     12.98116956	     22.80442897	    -13.57638384	    -85.52426157	      0.31241611	      4.90937726	      0.00000000	      5.02605908	     14.76753889	     -3.33856988	      0.05200626	     71.44488748	     45.88059645	      0.00000000	      5.02605908
1749651034.31900001	     -1.04045044	     10.37369851	    -80.23183623	      0.15594708	     -0.38801545	      0.87133621	     80.00000000	     -7.00000000	      0.00000000	     80.00000000	      1.39626340	      0.00000000	      0.00000000	      0.00000000	     80.00000000	     -7.00000000	      0.00000000	     80.00000000	      1.39626340	      0.00000000	      0.00000000	      0.00000000	    -12.17817624	     -2.24865057	     13.19605195	     22.42228342	    -13.19051502	    -85.90678034	      0.27156416	      4.16133876	      0.00000000	      5.02179932	     14.86805243	     -3.34663119	      0.05400846	     71.68600031	     45.78677238	      0.00000000	      5.02179932
1749651034.35200000	     -1.16654321	     10.42992304	    -80.28205497	      0.15527732	     -0.38802123	      0.87102082	     80.00000000	     -7.00000000	      0.00000000	     80.00000000	      1.39626340	      0.00000000	      0.00000000	      0.00000000	     80.00000000	     -7.00000000	      0.00000000	     80.00000000	      1.39626340	      0.00000000	      0.00000000	      0.00000000	    -12.12545793	     -2.16012689	     12.90521097	     22.76317133	    -12.89308259	    -85.90446151	      0.28441637	      4.17243264	      0.00000000	      5.01462489	     14.70307965	     -3.56344291	      0.05438842	     71.97571152	     45.65506284	      0.00000000	      5.01462489
1749651034.38599992	     -1.26103388	     10.46641240	    -80.52068439	      0.15463938	     -0.38768587	      0.87102458	     80.00000000	     -7.00000000	      0.00000000	     80.00000000	      1.39626340	      0.00000000	      0.00000000	      0.00000000	     80.00000000	     -7.00000000	      0.00000000	     80.00000000	      1.39626340	      0.00000000	      0.00000000	      0.00000000	    -12.08008778	     -2.05595014	     13.02517366	     22.91345376	    -12.76247638	    -86.57144213	      0.24734629	      3.36848290	      0.00000000	      5.01285456	     14.69074257	     -3.64810388	      0.05446234	     72.08414442	     45.61111198	      0.00000000	      5.01285456
1749651034.41899991	     -1.26347506	     10.39827976	    -80.20386651	      0.15504504	     -0.38771648	      0.87118738	     80.00000000	     -7.00000000	      0.00000000	     80.00000000	      1.39626340	      0.00000000	      0.00000000	      0.00000000	     80.00000000	     -7.00000000	      0.00000000	     80.00000000	      1.39626340	      0.00000000	      0.00000000	      0.00000000	    -12.08224510	     -2.01375775	     12.50930676	     23.43920024	    -13.03548291	    -85.65335958	      0.28373216	      3.66303328	      0.00000000	      5.01040526	     14.52426217	     -3.74750343	      0.05428019	     72.21587580	     45.54720212	      0.00000000	      5.01040526
1749651034.45300007	     -0.98980043	     10.43202809	    -80.01487621	      0.15644224	     -0.38742229	      0.87121622	     80.00000000	     -7.00000000	      0.00000000	     80.00000000	      1.39626340	      0.00000000	      0.00000000	      0.00000000	     80.00000000	     -7.00000000	      0.00000000	     80.00000000	      1.39626340	      0.00000000	      0.00000000	      0.00000000	    -12.22555591	     -2.07579688	     12.44824766	     23.20084238	    -13.09558241	    -83.49142992	      0.30505108	      6.50541254	      0.00000000	      5.00926656	     14.51566303	     -3.57664962	      0.05757509	     72.37486339	     45.50301955	      0.00000000	      5.00926656
1749651034.48600006	     -0.96228594	     10.45656302	    -80.16234824	      0.15619532	     -0.38759950	      0.87138046	     80.00000000	     -7.00000000	      0.00000000	     80.00000000	      1.39626340	      0.00000000	      0.00000000	      0.00000000	     80.00000000	     -7.00000000	      0.00000000	     80.00000000	      1.39626340	      0.00000000	      0.00000000	      0.00000000	    -12.21498591	     -2.15012390	     12.98447506	     22.61960612	    -13.21010989	    -85.07444363	      0.29772532	      5.12794335	      0.00000000	      5.00806491	     14.76717347	     -3.55645381	      0.05836337	     72.47477440	     45.46571610	      0.00000000	      5.00806491
1749651034.51999998	     -1.00281402	     10.44737591	    -79.83222353	      0.15659152	     -0.38732947	      0.87159041	     80.00000000	     -7.00000000	      0.00000000	     80.00000000	      1.39626340	      0.00000000	      0.00000000	      0.00000000	     80.00000000	     -7.00000000	      0.00000000	     80.00000000	      1.39626340	      0.00000000	      0.00000000	      0.00000000	    -12.22977444	     -2.02356547	     12.93036635	     22.04227956	    -13.22614106	    -85.10086293	      0.31562759	      5.29064582	      0.00000000	      5.00673812	     14.94076729	     -3.52298835	      0.05959858	     72.60055764	     45.42224031	      0.00000000	      5.00673812
1749651034.55299997	     -0.78153269	     10.48866338	    -80.09187996	      0.15711408	     -0.38746454	      0.87163011	     80.00000000	     -7.00000000	      0.00000000	     80.00000000	      1.39626340	      0.00000000	      0.00000000	      0.00000000	     80.00000000	     -7.00000000	      0.00000000	     80.00000000	      1.39626340	      0.00000000	      0.00000000	      0.00000000	    -12.21751521	     -2.22315589	     13.18864037	     22.01203869	    -13.34186349	    -86.02212311	      0.26209786	      3.79736250	      0.00000000	      5.00609978	     14.96487134	     -3.34159440	      0.06205377	     72.67836371	     45.39860721	      0.00000000	      5.00609978
1749651034.58599997	     -0.64353483	     10.86515412	    -78.91467902	      0.15976261	     -0.38806871	      0.86949076	     80.00000000	     -7.00000000	      0.00000000	     80.00000000	      1.39626340	      0.00000000	      0.00000000	      0.00000000	     80.00000000	     -7.00000000	      0.00000000	     80.00000000	      1.39626340	      0.00000000	      0.00000000	      0.00000000	    -12.07558551	     -1.99760002	     11.68657584	     22.77165146	    -13.84028546	    -85.38552654	      0.30340093	      4.04347732	      0.00000000	      5.00495173	     14.93393097	     -3.30348451	      0.06372462	     72.82939396	     45.35327038	      0.00000000	      5.00495173
1749651034.61999989	     -0.53755204	     10.65578471	    -79.79389522	      0.15950962	     -0.38946630	      0.86958617	     80.00000000	     -7.00000000	      0.00000000	     80.00000000	      1.39626340	      0.00000000	      0.00000000	      0.00000000	     80.00000000	     -7.00000000	      0.00000000	     80.00000000	      1.39626340	      0.00000000	      0.00000000	      0.00000000	    -11.74334489	     -2.02477884	     10.97440634	     23.62097167	    -13.50571241	    -85.45051257	      0.27879372	      3.92418484	      0.00000000	      5.00493090	     14.14506975	     -3.50500169	      0.06225293	     72.83086299	     45.35260818	      0.00000000	      5.00493090
1749651034.65400004	     -0.44148599	     10.33607612	    -79.84136586	      0.15988070	     -0.38962847	      0.87048816	     80.00000000	     -7.00000000	      0.00000000	     80.00000000	      1.39626340	      0.00000000	      0.00000000	      0.00000000	     80.00000000	     -7.00000000	      0.00000000	     80.00000000	      1.39626340	      0.00000000	      0.00000000	      0.00000000	    -11.98906554	     -2.08768584	     11.03255208	     23.56707531	    -13.55973183	    -85.65897566	      0.28922634	      3.46825132	      0.00000000	      5.00430589	     13.98449157	     -3.53446854	      0.06257386	     72.90039416	     45.32899937	      0.00000000	      5.00430589
1749651034.68700004	     -0.62770121	     10.21507796	    -80.18337982	      0.15856191	     -0.39009410	      0.87083647	     80.00000000	     -7.00000000	      0.00000000	     80.00000000	      1.39626340	      0.00000000	      0.00000000	      0.00000000	     80.00000000	     -7.00000000	      0.00000000	     80.00000000	      1.39626340	      0.00000000	      0.00000000	      0.00000000	    -12.09613515	     -2.04638841	     11.80844360	     23.12599239	    -13.74548730	    -85.12487306	      0.31615046	      4.23443854	      0.00000000	      5.00388336	     14.11105178	     -3.54746874	      0.06335009	     72.99387066	     45.30742162	      0.00000000	      5.00388336
1749651034.72000003	     -0.78506362	     10.16344580	    -80.12229133	      0.15820179	     -0.38996931	      0.87092553	     80.00000000	     -7.00000000	      0.00000000	     80.00000000	      1.39626340	      0.00000000	      0.00000000	      0.00000000	     80.00000000	     -7.00000000	      0.00000000	     80.00000000	      1.39626340	      0.00000000	      0.00000000	      0.00000000	    -12.20641406	     -1.88807200	     11.91340970	     23.51691476	    -13.87972163	    -83.18983180	      0.34464087	      6.83837355	      0.00000000	      5.00349054	     14.13118774	     -3.59194707	      0.06399081	     73.09513680	     45.28503012	      0.00000000	      5.00349054
1749651034.75399995	     -0.91353681	     10.09792603	    -80.46830800	      0.15700803	     -0.39010396	      0.87119812	     80.00000000	     -7.00000000	      0.00000000	     80.00000000	      1.39626340	      0.00000000	      0.00000000	      0.00000000	     80.00000000	     -7.00000000	      0.00000000	     80.00000000	      1.39626340	      0.00000000	      0.00000000	      0.00000000	    -12.23261363	     -1.96876265	     12.50990877	     23.23119221	    -13.94803000	    -84.03127884	      0.37289429	      4.82960352	      0.00000000	      5.00282619	     14.30445605	     -3.64085720	      0.06388608	     73.17836305	     45.25687946	      0.00000000	      5.00282619
1749651034.78699994	     -1.16632492	     10.81066053	    -80.16452711	      0.15629946	     -0.39000670	      0.86863253	     80.00000000	     -7.00000000	      0.00000000	     80.00000000	      1.39626340	      0.00000000	      0.00000000	      0.00000000	     80.00000000	     -7.00000000	      0.00000000	     80.00000000	      1.39626340	      0.00000000	      0.00000000	      0.00000000	    -11.76430134	     -1.92458018	     12.16390992	     23.50684347	    -13.82881779	    -84.67736088	      0.33009084	      3.89841252	      0.00000000	      5.00229863	     14.59220435	     -3.66367770	      0.06472878	     73.30837272	     45.22647673	      0.00000000	      5.00229863
1749651034.82100010	     -8.24786417	     13.59508983	    -61.93215491	      0.16727737	     -0.40371752	      0.84415799	     80.00000000	     -7.00000000	      0.00000000	     80.00000000	      1.39626340	      0.00000000	      0.00000000	      0.00000000	     80.00000000	     -7.00000000	      0.00000000	     80.00000000	      1.39626340	      0.00000000	      0.00000000	      0.00000000	     -7.48184319	      5.96103348	     -3.91754192	     25.85277992	    -13.46089376	    -84.61123256	      0.31706393	      4.17259896	      0.00000000	      5.00216801	     16.00542633	     -4.38068507	      0.05683631	     73.32412722	     45.22066801	      0.00000000	      5.00216801
1749651034.85400009	     -1.21076090	     10.62127833	    -80.01268078	      0.15602112	     -0.38973672	      0.86934236	     80.00000000	     -7.00000000	      0.00000000	     80.00000000	      1.39626340	      0.00000000	      0.00000000	      0.00000000	     80.00000000	     -7.00000000	      0.00000000	     80.00000000	      1.39626340	      0.00000000	      0.00000000	      0.00000000	    -12.17482129	     -1.92923026	     12.20279136	     23.50232648	    -13.64780399	    -85.52746241	      0.29289461	      3.56075917	      0.00000000	      5.00201031	     14.49376384	     -3.65398905	      0.06503266	     73.34627890	     45.21307507	      0.00000000	      5.00201031
1749651034.88800001	     -1.34521562	     10.88035475	    -81.47965554	      0.15307662	     -0.38980723	      0.86884707	     80.00000000	     -7.00000000	      0.00000000	     80.00000000	      1.39626340	      0.00000000	      0.00000000	      0.00000000	     80.00000000	     -7.00000000	      0.00000000	     80.00000000	      1.39626340	      0.00000000	      0.00000000	      0.00000000	    -11.95703347	     -2.20179327	     13.84459014	     22.91681462	    -13.18656781	    -81.85629081	      0.41265870	      8.69702131	      0.00000000	      5.00151773	     14.68421032	     -3.67191628	      0.06517872	     73.44876800	     45.18419480	      0.00000000	      5.00151773
1749651034.92100000	     -1.02919321	     10.84812606	    -80.96482658	      0.15503382	     -0.38999946	      0.86951481	     80.00000000	     -7.00000000	      0.00000000	     80.00000000	      1.39626340	      0.00000000	      0.00000000	      0.00000000	     80.00000000	     -7.00000000	      0.00000000	     80.00000000	      1.39626340	      0.00000000	      0.00000000	      0.00000000	    -12.00483243	     -2.32105355	     13.95799089	     22.20050190	    -13.30391941	    -80.03402489	      0.49120670	     20.23891143	      0.00000000	      5.00034849	     14.94305054	     -3.46496393	      0.06902347	     73.79420903	     45.09803035	      0.00000000	      5.00034849
1749651034.95400000	     -0.98778112	     11.03979007	    -79.82605992	      0.15646180	     -0.38979066	      0.86865872	     80.00000000	     -7.00000000	      0.00000000	     80.00000000	      1.39626340	      0.00000000	      0.00000000	      0.00000000	     80.00000000	     -7.00000000	      0.00000000	     80.00000000	      1.39626340	      0.00000000	      0.00000000	      0.00000000	    -11.76583952	     -2.29933839	     12.33952187	     22.30458564	    -12.82044864	    -78.03397040	      0.43293935	     21.86471211	      0.00000000	      5.00030411	     14.82333538	     -3.60931573	      0.06853349	     73.86397704	     45.08922404	      0.00000000	      5.00030411
1749651034.98799992	     -1.26762801	     11.06998507	    -81.17116099	      0.15409300	     -0.39053988	      0.86773063	     80.00000000	     -7.00000000	      0.00000000	     80.00000000	      1.39626340	      0.00000000	      0.00000000	      0.00000000	     80.00000000	     -7.00000000	      0.00000000	     80.00000000	      1.39626340	      0.00000000	      0.00000000	      0.00000000	    -11.52750335	     -2.09632255	     12.02276215	     24.10925441	    -12.38312352	    -77.27668129	      0.37923249	     22.43956730	      0.00000000	      5.00028571	     13.93175321	     -4.06384335	      0.06480581	     73.88216354	     45.08630733	      0.00000000	      5.00028571
1749651035.02099991	     -1.19298361	     10.69751584	    -81.08787198	      0.15433938	     -0.38957640	      0.86937197	     80.00000000	     -7.00000000	      0.00000000	     80.00000000	      1.39626340	      0.00000000	      0.00000000	      0.00000000	     80.00000000	     -7.00000000	      0.00000000	     80.00000000	      1.39626340	      0.00000000	      0.00000000	      0.00000000	    -11.76022953	     -2.16608633	     11.80164320	     23.91158712	    -12.22977649	    -77.56323284	      0.32009718	     22.47100084	      0.00000000	      5.00027626	     13.66262240	     -4.09911516	      0.06469248	     73.89043998	     45.08485478	      0.00000000	      5.00027626
1749651035.05500007	     -5.70339484	     14.00434180	     -7.51758254	      0.21663661	     -0.40204050	      0.78468709	     80.00000000	     -7.00000000	      0.00000000	     80.00000000	      1.39626340	      0.00000000	      0.00000000	      0.00000000	     80.00000000	     -7.00000000	      0.00000000	     80.00000000	      1.39626340	      0.00000000	      0.00000000	      0.00000000	     -2.50917121	      5.92953962	    -60.00601767	     23.44793178	    -10.17845804	    -85.26721985	      0.27220842	      4.28661485	      0.00000000	      4.99996565	     13.88758078	     -7.09654396	      0.04281527	     74.81564598	     44.97365156	      0.00000000	      4.99996565
1749651035.08800006	     -1.35596555	     11.30844665	    -80.03024437	      0.15513266	     -0.39013016	      0.87064856	     80.00000000	     -7.00000000	      0.00000000	     80.00000000	      1.39626340	      0.00000000	      0.00000000	      0.00000000	     80.00000000	     -7.00000000	      0.00000000	     80.00000000	      1.39626340	      0.00000000	      0.00000000	      0.00000000	    -11.22638806	     -2.25498406	     11.24348634	     23.24649324	    -11.96150288	    -85.66339374	      0.29469544	      4.23004565	      0.00000000	      4.99998140	     13.48303790	     -4.17922718	      0.07242511	     74.83991271	     44.98087547	      0.00000000	      4.99998140
1749651035.12199998	     -5.60905338	     14.56997553	     -8.53966297	      0.21735695	     -0.40232159	      0.78559296	     80.00000000	     -7.00000000	      0.00000000	     80.00000000	      1.39626340	      0.00000000	      0.00000000	      0.00000000	     80.00000000	     -7.00000000	      0.00000000	     80.00000000	      1.39626340	      0.00000000	      0.00000000	      0.00000000	     -2.44897923	      5.52230996	    -59.81959391	     24.96321831	    -10.14073147	    -85.37312941	      0.27015128	      4.05831067	      0.00000000	      5.00000120	     13.27546353	     -7.27967969	      0.04464225	     74.96636502	     45.00399228	      0.00000000	      5.00000120
1749651035.15499997	     -5.53531417	     14.53036480	     -8.72027099	      0.21774817	     -0.40278281	      0.78532821	     80.00000000	     -7.00000000	      0.00000000	     80.00000000	      1.39626340	      0.00000000	      0.00000000	      0.00000000	     80.00000000	     -7.00000000	      0.00000000	     80.00000000	      1.39626340	      0.00000000	      0.00000000	      0.00000000	     -2.74111113	      5.72840632	    -59.81010864	     24.88291674	    -10.06853481	    -86.00581843	      0.23121531	      3.36697416	      0.00000000	      5.00000117	     13.17547961	     -7.18832015	      0.04561091	     74.96650879	     45.00394527	      0.00000000	      5.00000117
1749651035.18799996	     -5.45546400	     14.58710381	    -13.03926801	      0.21648927	     -0.40493559	      0.79090193	     80.00000000	     -7.00000000	      0.00000000	     80.00000000	      1.39626340	      0.00000000	      0.00000000	      0.00000000	     80.00000000	     -7.00000000	      0.00000000	     80.00000000	      1.39626340	      0.00000000	      0.00000000	      0.00000000	     -3.38885646	      5.63177320	    -55.48738371	     24.81756155	    -10.31000761	    -86.47677538	      0.22062197	      2.80100314	      0.00000000	      5.00000015	     13.43425189	     -7.04028051	      0.04810160	     74.97869158	     45.00120880	      0.00000000	      5.00000015
1749651035.22199988	     -5.43177072	     14.53572683	    -13.26547977	      0.21648842	     -0.40517568	      0.79109108	     80.00000000	     -7.00000000	      0.00000000	     80.00000000	      1.39626340	      0.00000000	      0.00000000	      0.00000000	     80.00000000	     -7.00000000	      0.00000000	     80.00000000	      1.39626340	      0.00000000	      0.00000000	      0.00000000	     -3.53777917	      5.74891326	    -54.85660336	     24.47839620	    -10.44790221	    -86.88848333	      0.20011850	      2.42333335	      0.00000000	      5.00000015	     13.76565861	     -6.98290449	      0.04874077	     74.97954676	     45.00112380	      0.00000000	      5.00000015
1749651035.25500011	     -5.20779368	     14.58697326	    -13.95608012	      0.21727024	     -0.40466763	      0.79173712	     80.00000000	     -7.00000000	      0.00000000	     80.00000000	      1.39626340	      0.00000000	      0.00000000	      0.00000000	     80.00000000	     -7.00000000	      0.00000000	     80.00000000	      1.39626340	      0.00000000	      0.00000000	      0.00000000	     -3.64736195	      5.69086614	    -54.85923624	     25.12269980	    -10.57080726	    -86.68990072	      0.19820561	      2.37323005	      0.00000000	      5.00000015	     13.30800622	     -6.97901669	      0.04904529	     74.97987909	     45.00107235	      0.00000000	      5.00000015
1749651035.28900003	     -5.76041045	     14.25364484	    -12.99333104	      0.21483856	     -0.40285219	      0.79268454	     80.00000000	     -7.00000000	      0.00000000	     80.00000000	      1.39626340	      0.00000000	      0.00000000	      0.00000000	     80.00000000	     -7.00000000	      0.00000000	     80.00000000	      1.39626340	      0.00000000	      0.00000000	      0.00000000	     -3.38250998	      6.37593483	    -53.94318156	     24.21063006	    -11.10431109	    -86.60426447	      0.23354799	      2.51091639	      0.00000000	      5.00000015	     14.24897103	     -6.93997292	      0.04882833	     74.97989385	     45.00107019	      0.00000000	      5.00000015
1749651035.32200003	     -7.06507159	     14.64846243	     -2.60794432	      0.20934628	     -0.40348382	      0.77636133	     80.00000000	     -7.00000000	      0.00000000	     80.00000000	      1.39626340	      0.00000000	      0.00000000	      0.00000000	     80.00000000	     -7.00000000	      0.00000000	     80.00000000	      1.39626340	      0.00000000	      0.00000000	      0.00000000	     -1.76523685	      6.12486856	    -63.33553602	     23.26041078	    -10.22182700	    -84.60689943	      0.28244732	      3.65969557	      0.00000000	      5.00000014	     14.93980668	     -7.85901720	      0.03982729	     74.98510900	     45.00044721	      0.00000000	      5.00000014
1749651035.35599995	     -6.60281542	     14.48178405	     -3.57627829	      0.21211120	     -0.40208102	      0.77827802	     80.00000000	     -7.00000000	      0.00000000	     80.00000000	      1.39626340	      0.00000000	      0.00000000	      0.00000000	     80.00000000	     -7.00000000	      0.00000000	     80.00000000	      1.39626340	      0.00000000	      0.00000000	      0.00000000	     -2.12418680	      6.40471444	    -62.18133088	     22.70817065	    -10.78376974	    -85.37564278	      0.26145002	      3.31041073	      0.00000000	      5.00000014	     14.86665577	     -7.35069668	      0.04546393	     74.98623942	     45.00039320	      0.00000000	      5.00000014
1749651035.38899994	     -6.27623872	     14.27841798	     -4.67830382	      0.21409382	     -0.40157491	      0.78049457	     80.00000000	     -7.00000000	      0.00000000	     80.00000000	      1.39626340	      0.00000000	      0.00000000	      0.00000000	     80.00000000	     -7.00000000	      0.00000000	     80.00000000	      1.39626340	      0.00000000	      0.00000000	      0.00000000	     -2.44549059	      6.60589726	    -61.01466410	     22.31168322	    -11.24596061	    -85.43927962	      0.25633265	      3.15380078	      0.00000000	      5.00000014	     14.64443255	     -7.13198148	      0.04782991	     74.98732145	     45.00033391	      0.00000000	      5.00000014
1749651035.42300010	     -6.08727432	     14.21422554	     -6.50644583	      0.21499915	     -0.40109902	      0.78358692	     80.00000000	     -7.00000000	      0.00000000	     80.00000000	      1.39626340	      0.00000000	      0.00000000	      0.00000000	     80.00000000	     -7.00000000	      0.00000000	     80.00000000	      1.39626340	      0.00000000	      0.00000000	      0.00000000	     -2.56578227	      6.79799830	    -59.48534923	     22.37321315	    -11.18127035	    -85.53808049	      0.25971764	      3.26131776	      0.00000000	      5.00000014	     14.40697810	     -7.14886553	      0.04821086	     74.98864908	     45.00025693	      0.00000000	      5.00000014
1749651035.45600009	     -5.73248072	     14.34974938	     -9.42380399	      0.21628161	     -0.40139106	      0.78726969	     80.00000000	     -7.00000000	      0.00000000	     80.00000000	      1.39626340	      0.00000000	      0.00000000	      0.00000000	     80.00000000	     -7.00000000	      0.00000000	     80.00000000	      1.39626340	      0.00000000	      0.00000000	      0.00000000	     -3.06657234	      6.59966574	    -56.78086589	     22.52248830	    -11.45575157	    -85.76904169	      0.25144284	      3.07049369	      0.00000000	      5.00000014	     14.36676729	     -6.79792161	      0.05175296	     74.98954003	     45.00022768	      0.00000000	      5.00000014
1749651035.49000001	     -5.61077643	     14.33282070	     -9.51237985	      0.21704496	     -0.40180980	      0.78720179	     80.00000000	     -7.00000000	      0.00000000	     80.00000000	      1.39626340	      0.00000000	      0.00000000	      0.00000000	     80.00000000	     -7.00000000	      0.00000000	     80.00000000	      1.39626340	      0.00000000	      0.00000000	      0.00000000	     -3.05268343	      6.58911046	    -56.51828952	     22.49958521	    -11.68700667	    -85.68290389	      0.25134389	      3.19306008	      0.00000000	      5.00000014	     14.62300219	     -6.69796001	      0.05262890	     74.98977677	     45.00021630	      0.00000000	      5.00000014
1749651035.52300000	     -5.29325607	     14.61099199	    -11.24029992	      0.21822496	     -0.40217149	      0.78844430	     80.00000000	     -7.00000000	      0.00000000	     80.00000000	      1.39626340	      0.00000000	      0.00000000	      0.00000000	     80.00000000	     -7.00000000	      0.00000000	     80.00000000	      1.39626340	      0.00000000	      0.00000000	      0.00000000	     -3.27085083	      6.18573935	    -55.65942822	     23.58931601	    -11.84082095	    -84.56989427	      0.27978112	      3.68430222	      0.00000000	      5.00000014	     14.25811752	     -6.69382627	      0.05317308	     74.99060182	     45.00018865	      0.00000000	      5.00000014
1749651035.55699992	     -5.48273862	     14.47470181	    -11.42738274	      0.21709956	     -0.40243152	      0.78938901	     80.00000000	     -7.00000000	      0.00000000	     80.00000000	      1.39626340	      0.00000000	      0.00000000	      0.00000000	     80.00000000	     -7.00000000	      0.00000000	     80.00000000	      1.39626340	      0.00000000	      0.00000000	      0.00000000	     -3.36141011	      6.26036499	    -55.07064962	     23.06285870	    -11.66081333	    -85.78590384	      0.24394186	      2.97020741	      0.00000000	      5.00000014	     14.45744966	     -6.79067946	      0.05219502	     74.99104129	     45.00017108	      0.00000000	      5.00000014
1749651035.58999991	     -6.42438633	     13.60700929	    -10.85027150	      0.21212901	     -0.40612222	      0.79233488	     80.00000000	     -7.00000000	      0.00000000	     80.00000000	      1.39626340	      0.00000000	      0.00000000	      0.00000000	     80.00000000	     -7.00000000	      0.00000000	     80.00000000	      1.39626340	      0.00000000	      0.00000000	      0.00000000	     -3.02574917	      6.73630852	    -54.51867432	     22.44544392	    -11.29357326	    -85.94372256	      0.21437786	      2.90086041	      0.00000000	      5.00000014	     15.04348317	     -7.34100877	      0.04641323	     74.99104754	     45.00017075	      0.00000000	      5.00000014
1749651035.62299991	     -6.27266431	     13.70626528	     -6.00598030	      0.21449122	     -0.40338652	      0.78457120	     80.00000000	     -7.00000000	      0.00000000	     80.00000000	      1.39626340	      0.00000000	      0.00000000	      0.00000000	     80.00000000	     -7.00000000	      0.00000000	     80.00000000	      1.39626340	      0.00000000	      0.00000000	      0.00000000	     -2.52758617	      6.79793904	    -59.58277554	     22.40445967	    -11.17923407	    -86.69357677	      0.21448415	      2.83694145	      0.00000000	      5.00000014	     14.76005284	     -7.23139050	      0.04733262	     74.99280918	     45.00009257	      0.00000000	      5.00000014
1749651035.65700006	     -6.25625508	     13.76145240	     -6.10290602	      0.21444132	     -0.40234726	      0.78472907	     80.00000000	     -7.00000000	      0.00000000	     80.00000000	      1.39626340	      0.00000000	      0.00000000	      0.00000000	     80.00000000	     -7.00000000	      0.00000000	     80.00000000	      1.39626340	      0.00000000	      0.00000000	      0.00000000	     -2.58420295	      6.90476373	    -59.10420821	     22.17073992	    -11.08746213	    -86.79664112	      0.19805346	      2.42798336	      0.00000000	      5.00000014	     14.96323106	     -7.11416127	      0.04849756	     74.99308189	     45.00008574	      0.00000000	      5.00000014
1749651035.69000006	     -1.25946605	     11.81445465	    -78.13785909	      0.15873237	     -0.39101740	      0.86913343	     80.00000000	     -7.00000000	      0.00000000	     80.00000000	      1.39626340	      0.00000000	      0.00000000	      0.00000000	     80.00000000	     -7.00000000	      0.00000000	     80.00000000	      1.39626340	      0.00000000	      0.00000000	      0.00000000	    -11.30026599	     -2.02763286	     10.16716211	     23.72571659	    -13.04983687	    -84.99930147	      0.32885701	      4.96709218	      0.00000000	      5.00000014	     13.87394837	     -4.06502157	      0.07876453	     74.99463622	     45.00004915	      0.00000000	      5.00000014
1749651035.75699997	     -6.01437038	     14.36712692	     -2.57941453	      0.21684356	     -0.40030385	      0.77823672	     80.00000000	     -7.00000000	      0.00000000	     80.00000000	      1.39626340	      0.00000000	      0.00000000	      0.00000000	     80.00000000	     -7.00000000	      0.00000000	     80.00000000	      1.39626340	      0.00000000	      0.00000000	      0.00000000	     -1.83458379	      5.91812715	    -63.67703375	     23.10276627	    -10.64944806	    -87.01459919	      0.20145771	      2.64983013	      0.00000000	      5.00000014	     14.40730686	     -7.01370892	      0.04827942	     74.99867230	     44.99998957	      0.00000000	      5.00000014
1749651035.85700011	     -1.66180144	     11.96427241	    -82.15703333	      0.15132196	     -0.39007387	      0.86545291	     80.00000000	     -7.00000000	      0.00000000	     80.00000000	      1.39626340	      0.00000000	      0.00000000	      0.00000000	     80.00000000	     -7.00000000	      0.00000000	     80.00000000	      1.39626340	      0.00000000	      0.00000000	      0.00000000	    -11.15121441	     -2.06173870	     13.09984519	     26.24504238	    -12.65210841	    -84.16145118	      0.38443394	     10.09608568	      0.00000000	      5.00000014	     13.95856563	     -4.02239819	      0.07827772	     74.99890694	     44.99999295	      0.00000000	      5.00000014
1749651035.89100003	     -5.62315185	     14.37624172	     -9.51869209	      0.21679897	     -0.40286464	      0.78640485	     80.00000000	     -7.00000000	      0.00000000	     80.00000000	      1.39626340	      0.00000000	      0.00000000	      0.00000000	     80.00000000	     -7.00000000	      0.00000000	     80.00000000	      1.39626340	      0.00000000	      0.00000000	      0.00000000	     -2.66928240	      5.81713677	    -58.25458836	     24.37785561	    -10.55273595	    -86.47617774	      0.22522425	      2.81612609	      0.00000000	      5.00000014	     13.89352161	     -7.22655009	      0.04638664	     74.99993323	     45.00000299	      0.00000000	      5.00000014
1749651035.92499995	     -1.24358503	     11.27188892	    -79.83607409	      0.15610945	     -0.38930425	      0.86793290	     80.00000000	     -7.00000000	      0.00000000	     80.00000000	      1.39626340	      0.00000000	      0.00000000	      0.00000000	     80.00000000	     -7.00000000	      0.00000000	     80.00000000	      1.39626340	      0.00000000	      0.00000000	      0.00000000	    -11.78093872	     -2.00334219	     10.85209991	     24.17866917	    -12.46948839	    -86.40707447	      0.25834890	      3.12157939	      0.00000000	      5.00000014	     13.73813105	     -4.09519818	      0.07750775	     74.99996765	     45.00000218	      0.00000000	      5.00000014
1749651035.95799994	     -1.09846868	     11.05559945	    -78.62046781	      0.15826557	     -0.38864243	      0.86904903	     80.00000000	     -7.00000000	      0.00000000	     80.00000000	      1.39626340	      0.00000000	      0.00000000	      0.00000000	     80.00000000	     -7.00000000	      0.00000000	     80.00000000	      1.39626340	      0.00000000	      0.00000000	      0.00000000	    -11.82736937	     -1.86508263	     10.43919755	     23.32263639	    -12.85921880	    -86.53107860	      0.26300999	      3.31793545	      0.00000000	      5.00000014	     14.17204239	     -3.96990076	      0.07822119	     74.99997383	     45.00000202	      0.00000000	      5.00000014
1749651035.99099994	     -0.99301443	     11.03599887	    -79.27826514	      0.15781856	     -0.38947357	      0.86887268	     80.00000000	     -7.00000000	      0.00000000	     80.00000000	      1.39626340	      0.00000000	      0.00000000	      0.00000000	     80.00000000	     -7.00000000	      0.00000000	     80.00000000	      1.39626340	      0.00000000	      0.00000000	      0.00000000	    -11.61267371	     -2.03164167	     10.93315831	     23.31895081	    -12.98680128	    -86.08333903	      0.26730703	      3.28820252	      0.00000000	      5.00000014	     14.14209345	     -3.74223499	      0.08054035	     74.99998121	     45.00000190	      0.00000000	      5.00000014
1749651036.02500010	     -4.85025053	     14.54529390	    -12.92077118	      0.21940080	     -0.40300808	      0.79041627	     80.00000000	     -7.00000000	      0.00000000	     80.00000000	      1.39626340	      0.00000000	      0.00000000	      0.00000000	     80.00000000	     -7.00000000	      0.00000000	     80.00000000	      1.39626340	      0.00000000	      0.00000000	      0.00000000	     -3.30763622	      5.40117699	    -54.50506904	     24.81337411	    -11.79190229	    -84.93115805	      0.28430219	      4.10000202	      0.00000000	      5.00000014	     14.38502387	     -6.22506968	      0.05458040	     75.00011021	     44.99999999	      0.00000000	      5.00000014
1749651036.05800009	     -0.87457651	     10.68535543	    -79.26019280	      0.15963299	     -0.39045149	      0.86896065	     80.00000000	     -7.00000000	      0.00000000	     80.00000000	      1.39626340	      0.00000000	      0.00000000	      0.00000000	     80.00000000	     -7.00000000	      0.00000000	     80.00000000	      1.39626340	      0.00000000	      0.00000000	      0.00000000	    -11.85587574	     -1.77471192	      9.05206393	     26.03386414	    -13.00261310	    -82.64464577	      0.44049654	      6.96417478	      0.00000000	      5.00000014	     12.86457937	     -3.95978151	      0.07797787	     75.00011857	     45.00000006	      0.00000000	      5.00000014
1749651036.09200001	     -0.92127664	     10.85286106	    -80.08493267	      0.15767966	     -0.39057763	      0.86879880	     80.00000000	     -7.00000000	      0.00000000	     80.00000000	      1.39626340	      0.00000000	      0.00000000	      0.00000000	     80.00000000	     -7.00000000	      0.00000000	     80.00000000	      1.39626340	      0.00000000	      0.00000000	      0.00000000	    -11.70811221	     -2.02027816	     10.89338475	     24.75593363	    -13.37100067	    -84.34862223	      0.37083526	      5.02467039	      0.00000000	      5.00000014	     13.59021852	     -3.80757806	      0.07904012	     75.00012106	     45.00000008	      0.00000000	      5.00000014
1749651036.12500000	     -0.97496220	     10.79997136	    -79.68571414	      0.15760119	     -0.38976209	      0.86961466	     80.00000000	     -7.00000000	      0.00000000	     80.00000000	      1.39626340	      0.00000000	      0.00000000	      0.00000000	     80.00000000	     -7.00000000	      0.00000000	     80.00000000	      1.39626340	      0.00000000	      0.00000000	      0.00000000	    -11.89328111	     -2.01233759	     11.47992811	     23.74314147	    -13.62744130	    -84.58166111	      0.33147871	      4.15763331	      0.00000000	      5.00000014	     14.11047232	     -3.66618697	      0.08047409	     75.00012347	     45.00000009	      0.00000000	      5.00000014
1749651036.15899992	     -0.71820546	     10.58417047	    -79.62091505	      0.15927329	     -0.39016967	      0.86984008	     80.00000000	     -7.00000000	      0.00000000	     80.00000000	      1.39626340	      0.00000000	      0.00000000	      0.00000000	     80.00000000	     -7.00000000	      0.00000000	     80.00000000	      1.39626340	      0.00000000	      0.00000000	      0.00000000	    -12.01226525	     -2.04552309	     11.12120544	     23.82311724	    -13.76639521	    -84.62503761	      0.34380480	      4.61019755	      0.00000000	      5.00000014	     13.93329318	     -3.52320326	      0.08207017	     75.00012512	     45.00000009	      0.00000000	      5.00000014
1749651036.19199991	     -0.58837358	     10.82624458	    -80.33039683	      0.15838390	     -0.38959040	      0.86970117	     80.00000000	     -7.00000000	      0.00000000	     80.00000000	      1.39626340	      0.00000000	      0.00000000	      0.00000000	     80.00000000	     -7.00000000	      0.00000000	     80.00000000	      1.39626340	      0.00000000	      0.00000000	      0.00000000	    -11.82244871	     -2.36682599	     12.37649326	     22.66224267	    -13.75294826	    -83.12854845	      0.38626719	      5.89387842	      0.00000000	      5.00000014	     14.37144437	     -3.23241769	      0.08446202	     75.00012747	     45.00000011	      0.00000000	      5.00000014
1749651036.22499990	     -0.70239805	     10.92977328	    -80.54727241	      0.15733830	     -0.38980958	      0.86946828	     80.00000000	     -7.00000000	      0.00000000	     80.00000000	      1.39626340	      0.00000000	      0.00000000	      0.00000000	     80.00000000	     -7.00000000	      0.00000000	     80.00000000	      1.39626340	      0.00000000	      0.00000000	      0.00000000	    -11.76112287	     -2.51092921	     12.79005825	     22.57288044	    -13.84640868	    -83.10067817	      0.36245435	      4.79709212	      0.00000000	      5.00000014	     14.49082490	     -3.19073406	      0.08504181	     75.00012941	     45.00000012	      0.00000000	      5.00000014
1749651036.25900006	     -0.88693743	     10.98010212	    -80.44909066	      0.15669013	     -0.38985402	      0.86932058	     80.00000000	     -7.00000000	      0.00000000	     80.00000000	      1.39626340	      0.00000000	      0.00000000	      0.00000000	     80.00000000	     -7.00000000	      0.00000000	     80.00000000	      1.39626340	      0.00000000	      0.00000000	      0.00000000	    -11.66557063	     -2.36720805	     12.80255424	     22.76864862	    -13.70024767	    -84.34393763	      0.30748796	      3.66098699	      0.00000000	      5.00000014	     14.62922732	     -3.21226489	      0.08493318	     75.00013381	     45.00000014	      0.00000000	      5.00000014
1749651036.29200006	     -0.98831289	     10.97453072	    -79.86179748	      0.15684874	     -0.38971231	      0.86965732	     80.00000000	     -7.00000000	      0.00000000	     80.00000000	      1.39626340	      0.00000000	      0.00000000	      0.00000000	     80.00000000	     -7.00000000	      0.00000000	     80.00000000	      1.39626340	      0.00000000	      0.00000000	      0.00000000	    -11.68116164	     -2.18775439	     12.53697415	     22.54515394	    -13.55201051	    -85.21058589	      0.29260844	      3.57792770	      0.00000000	      5.00000014	     14.74590936	     -3.31473579	      0.08382747	     75.00013643	     45.00000015	      0.00000000	      5.00000014
1749651036.32599998	     -0.72466625	     10.98440631	    -80.58124188	      0.15727233	     -0.39019433	      0.86922586	     80.00000000	     -7.00000000	      0.00000000	     80.00000000	      1.39626340	      0.00000000	      0.00000000	      0.00000000	     80.00000000	     -7.00000000	      0.00000000	     80.00000000	      1.39626340	      0.00000000	      0.00000000	      0.00000000	    -11.50876557	     -2.27576869	     12.21320287	     23.41412560	    -13.31465577	    -85.47843322	      0.29883318	      3.80015486	      0.00000000	      5.00000014	     14.16985055	     -3.42816277	      0.08246071	     75.00013918	     45.00000017	      0.00000000	      5.00000014
1749651036.35899997	     -0.66508944	     11.31561783	    -79.88087775	      0.15835055	     -0.39013911	      0.86782141	     80.00000000	     -7.00000000	      0.00000000	     80.00000000	      1.39626340	      0.00000000	      0.00000000	      0.00000000	     80.00000000	     -7.00000000	      0.00000000	     80.00000000	      1.39626340	      0.00000000	      0.00000000	      0.00000000	    -11.43818352	     -2.31701768	     11.54871106	     23.41245589	    -13.23484271	    -86.26989396	      0.27585702	      3.60554288	      0.00000000	      5.00000014	     14.30733109	     -3.47308861	      0.08188807	     75.00014109	     45.00000018	      0.00000000	      5.00000014
1749651036.39299989	     -5.03383817	     14.36120949	     -9.19158732	      0.21956047	     -0.40202716	      0.78606841	     80.00000000	     -7.00000000	      0.00000000	     80.00000000	      1.39626340	      0.00000000	      0.00000000	      0.00000000	     80.00000000	     -7.00000000	      0.00000000	     80.00000000	      1.39626340	      0.00000000	      0.00000000	      0.00000000	     -2.82417498	      5.64764467	    -58.82181696	     23.85633559	    -10.67361765	    -86.97216152	      0.20016524	      2.30713029	      0.00000000	      5.00000014	     13.71088506	     -6.67187766	      0.05057132	     75.00016706	     45.00000027	      0.00000000	      5.00000014
1749651036.42600012	     -1.09244222	     10.48187950	    -78.92782680	      0.15840114	     -0.38955092	      0.87043123	     80.00000000	     -7.00000000	      0.00000000	     80.00000000	      1.39626340	      0.00000000	      0.00000000	      0.00000000	     80.00000000	     -7.00000000	      0.00000000	     80.00000000	      1.39626340	      0.00000000	      0.00000000	      0.00000000	    -12.11898659	     -1.75710858	      8.74822010	     25.25988782	    -12.07796770	    -85.19920419	      0.31552602	      4.16668908	      0.00000000	      5.00000014	     12.68086986	     -4.32907210	      0.07457596	     75.00016815	     45.00000027	      0.00000000	      5.00000014
1749651036.46000004	     -1.03850576	     11.23956111	    -77.50258828	      0.16013745	     -0.39007939	      0.86735446	     80.00000000	     -7.00000000	      0.00000000	     80.00000000	      1.39626340	      0.00000000	      0.00000000	      0.00000000	     80.00000000	     -7.00000000	      0.00000000	     80.00000000	      1.39626340	      0.00000000	      0.00000000	      0.00000000	    -11.64084587	     -1.79305455	      7.98164207	     24.76536894	    -12.25974999	    -85.51655861	      0.28933852	      4.09429386	      0.00000000	      5.00000014	     13.45986951	     -4.15643165	      0.07609632	     75.00016862	     45.00000026	      0.00000000	      5.00000014
1749651036.49300003	     -1.63614664	     10.86672243	    -77.88151378	      0.15749804	     -0.39118545	      0.86868125	     80.00000000	     -7.00000000	      0.00000000	     80.00000000	      1.39626340	      0.00000000	      0.00000000	      0.00000000	     80.00000000	     -7.00000000	      0.00000000	     80.00000000	      1.39626340	      0.00000000	      0.00000000	      0.00000000	    -11.38746305	     -1.54323121	      8.18957504	     24.76560380	    -11.75578479	    -85.60990340	      0.26447034	      3.98987208	      0.00000000	      5.00000014	     13.35655935	     -4.41834699	      0.07358699	     75.00016862	     45.00000026	      0.00000000	      5.00000014
1749651036.52699995	     -1.40728193	     10.87409299	    -78.90877036	      0.15707498	     -0.39159618	      0.86868306	     80.00000000	     -7.00000000	      0.00000000	     80.00000000	      1.39626340	      0.00000000	      0.00000000	      0.00000000	     80.00000000	     -7.00000000	      0.00000000	     80.00000000	      1.39626340	      0.00000000	      0.00000000	      0.00000000	    -11.46828631	     -1.87727530	      9.63855449	     24.72625212	    -12.36718058	    -86.42489704	      0.26380874	      3.21088892	      0.00000000	      5.00000014	     13.63847177	     -4.15094387	      0.07641298	     75.00016875	     45.00000026	      0.00000000	      5.00000014
1749651036.55999994	     -5.36525023	     14.74933877	    -17.09185576	      0.21516924	     -0.40706368	      0.79557028	     80.00000000	     -7.00000000	      0.00000000	     80.00000000	      1.39626340	      0.00000000	      0.00000000	      0.00000000	     80.00000000	     -7.00000000	      0.00000000	     80.00000000	      1.39626340	      0.00000000	      0.00000000	      0.00000000	     -3.46651916	      4.88808349	    -51.67141978	     25.04287100	    -10.47165540	    -87.31428191	      0.18519801	      2.04714090	      0.00000000	      5.00000014	     13.65265674	     -6.85604663	      0.04934660	     75.00017610	     45.00000025	      0.00000000	      5.00000014
1749651036.59400010	     -1.13687514	     10.81154806	    -79.33672089	      0.15753010	     -0.39138253	      0.86888525	     80.00000000	     -7.00000000	      0.00000000	     80.00000000	      1.39626340	      0.00000000	      0.00000000	      0.00000000	     80.00000000	     -7.00000000	      0.00000000	     80.00000000	      1.39626340	      0.00000000	      0.00000000	      0.00000000	    -11.89395035	     -2.20922794	      9.66987033	     24.43709217	    -12.28850532	    -86.96512251	      0.21427168	      2.24186029	      0.00000000	      5.00000014	     13.20937104	     -4.07453775	      0.07720866	     75.00017608	     45.00000025	      0.00000000	      5.00000014
1749651036.62700009	     -1.21787887	     10.67341297	    -79.85328792	      0.15609381	     -0.39048990	      0.87012356	     80.00000000	     -7.00000000	      0.00000000	     80.00000000	      1.39626340	      0.00000000	      0.00000000	      0.00000000	     80.00000000	     -7.00000000	      0.00000000	     80.00000000	      1.39626340	      0.00000000	      0.00000000	      0.00000000	    -11.76863883	     -2.24072996	     10.76893308	     23.79297948	    -12.30222722	    -86.67413173	      0.22873351	      2.75850590	      0.00000000	      5.00000014	     13.57939876	     -3.99089615	      0.07781886	     75.00017607	     45.00000025	      0.00000000	      5.00000014
1749651036.66000009	     -5.24019643	     14.07373140	     -5.66915030	      0.21937930	     -0.40108655	      0.78226475	     80.00000000	     -7.00000000	      0.00000000	     80.00000000	      1.39626340	      0.00000000	      0.00000000	      0.00000000	     80.00000000	     -7.00000000	      0.00000000	     80.00000000	      1.39626340	      0.00000000	      0.00000000	      0.00000000	     -2.89912111	      5.91273517	    -60.71270285	     22.50980995	    -11.12763092	    -87.43960583	      0.17933352	      2.11751963	      0.00000000	      5.00000014	     14.65317415	     -6.35435185	      0.05285045	     75.00017591	     45.00000026	      0.00000000	      5.00000014
1749651036.69400001	     -4.94393345	     14.00899719	     -5.63853689	      0.22063720	     -0.39998348	      0.78268036	     80.00000000	     -7.00000000	      0.00000000	     80.00000000	      1.39626340	      0.00000000	      0.00000000	      0.00000000	     80.00000000	     -7.00000000	      0.00000000	     80.00000000	      1.39626340	      0.00000000	      0.00000000	      0.00000000	     -3.08267947	      6.42813832	    -60.72260326	     22.51140866	    -11.41756963	    -87.22501779	      0.21483645	      2.32727584	      0.00000000	      5.00000014	     14.37230141	     -6.28670236	      0.05369443	     75.00017591	     45.00000026	      0.00000000	      5.00000014
1749651036.72700000	     -5.33546640	     14.05653589	     -5.67985675	      0.21888698	     -0.39961495	      0.78289621	     80.00000000	     -7.00000000	      0.00000000	     80.00000000	      1.39626340	      0.00000000	      0.00000000	      0.00000000	     80.00000000	     -7.00000000	      0.00000000	     80.00000000	      1.39626340	      0.00000000	      0.00000000	      0.00000000	     -2.89088984	      6.67836309	    -60.66060981	     22.58047419	    -11.19606440	    -86.76142363	      0.21168692	      2.69074670	      0.00000000	      5.00000014	     14.25375290	     -6.58223833	      0.05100744	     75.00017591	     45.00000026	      0.00000000	      5.00000014
1749651036.76099992	     -5.56327987	     14.03120150	     -5.59494847	      0.21796983	     -0.39986996	      0.78271348	     80.00000000	     -7.00000000	      0.00000000	     80.00000000	      1.39626340	      0.00000000	      0.00000000	      0.00000000	     80.00000000	     -7.00000000	      0.00000000	     80.00000000	      1.39626340	      0.00000000	      0.00000000	      0.00000000	     -2.71967577	      6.86366691	    -60.68494273	     22.87502907	    -11.27467231	    -86.76861998	      0.21243361	      2.63516360	      0.00000000	      5.00000014	     14.28352917	     -6.78757034	      0.04908155	     75.00017590	     45.00000026	      0.00000000	      5.00000014
1749651036.79399991	     -5.25090593	     13.98756699	     -5.69180625	      0.21930371	     -0.39994627	      0.78299857	     80.00000000	     -7.00000000	      0.00000000	     80.00000000	      1.39626340	      0.00000000	      0.00000000	      0.00000000	     80.00000000	     -7.00000000	      0.00000000	     80.00000000	      1.39626340	      0.00000000	      0.00000000	      0.00000000	     -2.98712718	      6.89231452	    -60.41447408	     22.44497614	    -11.45520337	    -86.73603213	      0.21207540	      2.65135885	      0.00000000	      5.00000014	     14.39057233	     -6.61884019	      0.05097263	     75.00017590	     45.00000026	      0.00000000	      5.00000014
1749651036.82800007	     -5.51215033	     14.02666758	     -5.99785881	      0.21815107	     -0.40082188	      0.78316865	     80.00000000	     -7.00000000	      0.00000000	     80.00000000	      1.39626340	      0.00000000	      0.00000000	      0.00000000	     80.00000000	     -7.00000000	      0.00000000	     80.00000000	      1.39626340	      0.00000000	      0.00000000	      0.00000000	     -2.83609452	      6.88624841	    -60.05489934	     22.49331622	    -11.49306723	    -86.34571994	      0.22653704	      2.92727093	      0.00000000	      5.00000014	     14.50708654	     -6.80197832	      0.04933181	     75.00017590	     45.00000026	      0.00000000	      5.00000014
1749651036.86100006	     -5.49154656	     14.15147616	     -7.01139948	      0.21826381	     -0.40112661	      0.78389409	     80.00000000	     -7.00000000	      0.00000000	     80.00000000	      1.39626340	      0.00000000	      0.00000000	      0.00000000	     80.00000000	     -7.00000000	      0.00000000	     80.00000000	      1.39626340	      0.00000000	      0.00000000	      0.00000000	     -2.88739499	      6.68138537	    -59.57516766	     22.91198522	    -11.40037699	    -85.92800984	      0.22308654	      2.59762655	      0.00000000	      5.00000014	     14.22182213	     -6.79796388	      0.04967867	     75.00017590	     45.00000026	      0.00000000	      5.00000014
1749651036.89499998	     -5.32588613	     14.35933293	     -7.94822228	      0.21892394	     -0.40186096	      0.78400566	     80.00000000	     -7.00000000	      0.00000000	     80.00000000	      1.39626340	      0.00000000	      0.00000000	      0.00000000	     80.00000000	     -7.00000000	      0.00000000	     80.00000000	      1.39626340	      0.00000000	      0.00000000	      0.00000000	     -2.97052192	      6.49365001	    -58.89901738	     23.97248100	    -11.76588331	    -82.66784087	      0.30554388	      6.33983496	      0.00000000	      5.00000014	     14.22592382	     -6.79379002	      0.05003732	     75.00017590	     45.00000026	      0.00000000	      5.00000014
1749651036.92799997	     -5.54290284	     14.32918331	     -8.45399321	      0.21774429	     -0.40202472	      0.78509561	     80.00000000	     -7.00000000	      0.00000000	     80.00000000	      1.39626340	      0.00000000	      0.00000000	      0.00000000	     80.00000000	     -7.00000000	      0.00000000	     80.00000000	      1.39626340	      0.00000000	      0.00000000	      0.00000000	     -3.03365275	      6.51046418	    -58.13222929	     23.41364119	    -11.55025195	    -84.11297173	      0.31462632	      5.22348114	      0.00000000	      5.00000014	     14.32980558	     -6.91552382	      0.04884755	     75.00017589	     45.00000026	      0.00000000	      5.00000014
1749651036.96099997	     -5.61905384	     14.32507922	     -9.10933842	      0.21711652	     -0.40221070	      0.78619093	     80.00000000	     -7.00000000	      0.00000000	     80.00000000	      1.39626340	      0.00000000	      0.00000000	      0.00000000	     80.00000000	     -7.00000000	      0.00000000	     80.00000000	      1.39626340	      0.00000000	      0.00000000	      0.00000000	     -3.16067934	      6.51831445	    -57.22944430	     23.06903371	    -11.55227803	    -83.69233804	      0.30777138	      5.06305583	      0.00000000	      5.00000014	     14.51732384	     -6.86416966	      0.04947517	     75.00017589	     45.00000026	      0.00000000	      5.00000014
1749651037.02900004	     -5.95738354	     14.20382754	     -9.03214178	      0.21523920	     -0.40117799	      0.78734192	     80.00000000	     -7.00000000	      0.00000000	     80.00000000	      1.39626340	      0.00000000	      0.00000000	      0.00000000	     80.00000000	     -7.00000000	      0.00000000	     80.00000000	      1.39626340	      0.00000000	      0.00000000	      0.00000000	     -2.95603140	      6.66512518	    -57.17152770	     22.92159697	    -10.95953775	    -83.89149254	      0.24514434	      4.90188963	      0.00000000	      5.00000014	     14.43563207	     -7.01489113	      0.04804475	     75.00017589	     45.00000026	      0.00000000	      5.00000014
1749651037.06200004	     -5.73807357	     14.29642247	     -9.76971078	      0.21625652	     -0.40143272	      0.78770480	     80.00000000	     -7.00000000	      0.00000000	     80.00000000	      1.39626340	      0.00000000	      0.00000000	      0.00000000	     80.00000000	     -7.00000000	      0.00000000	     80.00000000	      1.39626340	      0.00000000	      0.00000000	      0.00000000	     -3.01105093	      6.27943027	    -58.23056023	     24.19204211	    -10.26062442	    -86.42094988	      0.22161000	      2.80325882	      0.00000000	      5.00000014	     13.24087156	     -7.12980232	      0.04768196	     75.00017589	     45.00000026	      0.00000000	      5.00000014
1749651037.09500003	     -5.11504095	     14.40169756	     -9.68611632	      0.21903407	     -0.40075620	      0.78722292	     80.00000000	     -7.00000000	      0.00000000	     80.00000000	      1.39626340	      0.00000000	      0.00000000	      0.00000000	     80.00000000	     -7.00000000	      0.00000000	     80.00000000	      1.39626340	      0.00000000	      0.00000000	      0.00000000	     -3.25635888	      6.18528316	    -58.37796457	     23.96042557	    -10.68617607	    -86.70114383	      0.22213269	      2.74473299	      0.00000000	      5.00000014	     13.19885076	     -6.89105429	      0.05019973	     75.00017589	     45.00000026	      0.00000000	      5.00000014
1749651037.12899995	     -5.29992615	     14.34844978	    -10.05833381	      0.21804116	     -0.40155089	      0.78770141	     80.00000000	     -7.00000000	      0.00000000	     80.00000000	      1.39626340	      0.00000000	      0.00000000	      0.00000000	     80.00000000	     -7.00000000	      0.00000000	     80.00000000	      1.39626340	      0.00000000	      0.00000000	      0.00000000	     -3.12848854	      6.32928902	    -57.83244220	     24.59711076	    -10.75932244	    -85.68616007	      0.25357643	      3.39302226	      0.00000000	      5.00000014	     13.42782800	     -7.03976474	      0.04904940	     75.00017589	     45.00000026	      0.00000000	      5.00000014
1749651037.16199994	     -6.65462307	     15.19423431	     -9.97117212	      0.20940865	     -0.40674214	      0.78449656	     80.00000000	     -7.00000000	      0.00000000	     80.00000000	      1.39626340	      0.00000000	      0.00000000	      0.00000000	     80.00000000	     -7.00000000	      0.00000000	     80.00000000	      1.39626340	      0.00000000	      0.00000000	      0.00000000	     -2.50167687	      5.49094570	    -57.83610437	     25.58523669	     -9.99969000	    -85.60503828	      0.27816473	      3.50792249	      0.00000000	      5.00000014	     14.17586739	     -8.11835936	      0.03797643	     75.00017589	     45.00000026	      0.00000000	      5.00000014
1749651037.19600010	     -6.06811884	     15.08258432	    -14.28300132	      0.21141460	     -0.40732475	      0.79063352	     80.00000000	     -7.00000000	      0.00000000	     80.00000000	      1.39626340	      0.00000000	      0.00000000	      0.00000000	     80.00000000	     -7.00000000	      0.00000000	     80.00000000	      1.39626340	      0.00000000	      0.00000000	      0.00000000	     -3.02892305	      5.51719817	    -54.11946672	     26.70966442	    -10.40126995	    -82.73702822	      0.35755870	      6.76900988	      0.00000000	      5.00000014	     13.83441962	     -7.81161880	      0.04140607	     75.00017588	     45.00000026	      0.00000000	      5.00000014
1749651037.22900009	     -5.85767299	     14.72537520	    -14.28677113	      0.21309172	     -0.40581691	      0.79214697	     80.00000000	     -7.00000000	      0.00000000	     80.00000000	      1.39626340	      0.00000000	      0.00000000	      0.00000000	     80.00000000	     -7.00000000	      0.00000000	     80.00000000	      1.39626340	      0.00000000	      0.00000000	      0.00000000	     -3.16159489	      5.74576074	    -54.35514807	     26.01996762	    -10.28205062	    -85.11169679	      0.28085275	      3.98811308	      0.00000000	      5.00000014	     13.51539077	     -7.78416431	      0.04189924	     75.00017588	     45.00000026	      0.00000000	      5.00000014
1749651037.26300001	     -0.65174630	     11.40066128	    -77.95965712	      0.16031623	     -0.38993784	      0.86726279	     80.00000000	     -7.00000000	      0.00000000	     80.00000000	      1.39626340	      0.00000000	      0.00000000	      0.00000000	     80.00000000	     -7.00000000	      0.00000000	     80.00000000	      1.39626340	      0.00000000	      0.00000000	      0.00000000	    -11.92659866	     -2.20023511	      8.17604747	     25.14717615	    -12.27209207	    -85.16232067	      0.32774365	      5.03163751	      0.00000000	      5.00000014	     13.45863675	     -4.35053026	      0.07588504	     75.00017588	     45.00000026	      0.00000000	      5.00000014
1749651037.29600000	     -4.82164261	     14.29676018	     -9.33600262	      0.22066550	     -0.40214685	      0.78646782	     80.00000000	     -7.00000000	      0.00000000	     80.00000000	      1.39626340	      0.00000000	      0.00000000	      0.00000000	     80.00000000	     -7.00000000	      0.00000000	     80.00000000	      1.39626340	      0.00000000	      0.00000000	      0.00000000	     -3.22598858	      5.79789260	    -58.11396228	     23.78697284	    -11.11061957	    -86.32302927	      0.23178145	      3.08962233	      0.00000000	      5.00000014	     14.18230649	     -6.55127630	      0.05190273	     75.00017585	     45.00000026	      0.00000000	      5.00000014
1749651037.32900000	     -4.91471517	     14.38825968	     -9.57006716	      0.22040459	     -0.40291687	      0.78627656	     80.00000000	     -7.00000000	      0.00000000	     80.00000000	      1.39626340	      0.00000000	      0.00000000	      0.00000000	     80.00000000	     -7.00000000	      0.00000000	     80.00000000	      1.39626340	      0.00000000	      0.00000000	      0.00000000	     -3.24094445	      5.70662393	    -58.60484718	     24.00165772	    -10.67997907	    -86.39835192	      0.20668953	      2.40214840	      0.00000000	      5.00000014	     13.48797851	     -6.75084360	      0.05053868	     75.00017585	     45.00000026	      0.00000000	      5.00000014
1749651037.36299992	     -4.98796806	     14.24174602	     -8.46863147	      0.22029284	     -0.40254322	      0.78552905	     80.00000000	     -7.00000000	      0.00000000	     80.00000000	      1.39626340	      0.00000000	      0.00000000	      0.00000000	     80.00000000	     -7.00000000	      0.00000000	     80.00000000	      1.39626340	      0.00000000	      0.00000000	      0.00000000	     -3.44662754	      6.07783102	    -57.57238197	     22.04803934	    -11.23269313	    -86.47449120	      0.21386097	      2.64255870	      0.00000000	      5.00000014	     14.83083398	     -6.27394601	      0.05436752	     75.00017585	     45.00000026	      0.00000000	      5.00000014
1749651037.39599991	     -4.74839315	     14.37124652	     -8.18451918	      0.22130890	     -0.40241720	      0.78466583	     80.00000000	     -7.00000000	      0.00000000	     80.00000000	      1.39626340	      0.00000000	      0.00000000	      0.00000000	     80.00000000	     -7.00000000	      0.00000000	     80.00000000	      1.39626340	      0.00000000	      0.00000000	      0.00000000	     -3.55578463	      5.94598687	    -58.28071774	     22.21413029	    -11.26402219	    -86.59034207	      0.21302191	      2.90435054	      0.00000000	      5.00000014	     14.57031841	     -6.12649891	      0.05593681	     75.00017585	     45.00000026	      0.00000000	      5.00000014
1749651037.43000007	     -5.17186003	     14.40634498	     -8.82311379	      0.21920920	     -0.40231020	      0.78584505	     80.00000000	     -7.00000000	      0.00000000	     80.00000000	      1.39626340	      0.00000000	      0.00000000	      0.00000000	     80.00000000	     -7.00000000	      0.00000000	     80.00000000	      1.39626340	      0.00000000	      0.00000000	      0.00000000	     -3.22301124	      6.00502099	    -58.41461128	     22.90756172	    -10.57992066	    -86.69424243	      0.20494091	      2.60561374	      0.00000000	      5.00000014	     14.01929711	     -6.55464875	      0.05218488	     75.00017585	     45.00000026	      0.00000000	      5.00000014
1749651037.46300006	     -5.50231950	     14.39745003	     -8.58785968	      0.21771403	     -0.40260383	      0.78564570	     80.00000000	     -7.00000000	      0.00000000	     80.00000000	      1.39626340	      0.00000000	      0.00000000	      0.00000000	     80.00000000	     -7.00000000	      0.00000000	     80.00000000	      1.39626340	      0.00000000	      0.00000000	      0.00000000	     -3.11744293	      5.99012223	    -58.74606236	     22.45370174	    -10.11003501	    -85.76223344	      0.25180398	      3.90389101	      0.00000000	      5.00000014	     13.91964760	     -6.81946190	      0.04949043	     75.00017585	     45.00000026	      0.00000000	      5.00000014
1749651037.49699998	     -5.72043241	     14.35689931	     -8.66317134	      0.21672381	     -0.40209432	      0.78613484	     80.00000000	     -7.00000000	      0.00000000	     80.00000000	      1.39626340	      0.00000000	      0.00000000	      0.00000000	     80.00000000	     -7.00000000	      0.00000000	     80.00000000	      1.39626340	      0.00000000	      0.00000000	      0.00000000	     -2.98569837	      6.06493567	    -58.96570468	     22.71856948	     -9.94453304	    -85.74620959	      0.24409153	      3.45012522	      0.00000000	      5.00000014	     13.73300493	     -7.09693449	      0.04701352	     75.00017585	     45.00000026	      0.00000000	      5.00000014
1749651037.52999997	     -5.62516795	     14.42178630	     -8.77707165	      0.21741987	     -0.40339786	      0.78532391	     80.00000000	     -7.00000000	      0.00000000	     80.00000000	      1.39626340	      0.00000000	      0.00000000	      0.00000000	     80.00000000	     -7.00000000	      0.00000000	     80.00000000	      1.39626340	      0.00000000	      0.00000000	      0.00000000	     -2.96456293	      5.99936007	    -59.06255467	     23.02521016	    -10.46708696	    -85.71868087	      0.25763326	      3.46145776	      0.00000000	      5.00000014	     13.60338257	     -7.08217607	      0.04724172	     75.00017585	     45.00000026	      0.00000000	      5.00000014
1749651037.56299996	     -5.51570987	     14.48709031	     -8.80400129	      0.21799040	     -0.40284505	      0.78499805	     80.00000000	     -7.00000000	      0.00000000	     80.00000000	      1.39626340	      0.00000000	      0.00000000	      0.00000000	     80.00000000	     -7.00000000	      0.00000000	     80.00000000	      1.39626340	      0.00000000	      0.00000000	      0.00000000	     -2.96691377	      6.10319273	    -59.12965998	     24.10144031	    -11.10041203	    -85.53997280	      0.37824297	      3.62434059	      0.00000000	      5.00000014	     13.66101641	     -7.00843913	      0.04792964	     75.00017585	     45.00000026	      0.00000000	      5.00000014
1749651037.59699988	     -5.66714328	     14.52198929	     -8.36377780	      0.21721789	     -0.40180087	      0.78494517	     80.00000000	     -7.00000000	      0.00000000	     80.00000000	      1.39626340	      0.00000000	      0.00000000	      0.00000000	     80.00000000	     -7.00000000	      0.00000000	     80.00000000	      1.39626340	      0.00000000	      0.00000000	      0.00000000	     -2.85311916	      6.30085688	    -58.61286471	     23.57985749	    -11.56576976	    -85.20425540	      0.36788498	      3.85103921	      0.00000000	      5.00000014	     14.23113281	     -6.98297969	      0.04781740	     75.00017585	     45.00000026	      0.00000000	      5.00000014
1749651037.63000011	     -5.37351554	     14.64275211	     -8.91921644	      0.21861505	     -0.40274741	      0.78474502	     80.00000000	     -7.00000000	      0.00000000	     80.00000000	      1.39626340	      0.00000000	      0.00000000	      0.00000000	     80.00000000	     -7.00000000	      0.00000000	     80.00000000	      1.39626340	      0.00000000	      0.00000000	      0.00000000	     -3.00662442	      6.16483086	    -58.18663312	     23.78141864	    -11.70894437	    -83.62525132	      0.36820525	      6.01398239	      0.00000000	      5.00000014	     14.36021958	     -6.75513756	      0.05015892	     75.00017585	     45.00000026	      0.00000000	      5.00000014
1749651037.66400003	     -5.51717934	     14.57789218	    -12.42022912	      0.21655231	     -0.40355429	      0.79050046	     80.00000000	     -7.00000000	      0.00000000	     80.00000000	      1.39626340	      0.00000000	      0.00000000	      0.00000000	     80.00000000	     -7.00000000	      0.00000000	     80.00000000	      1.39626340	      0.00000000	      0.00000000	      0.00000000	     -3.42442003	      6.20976455	    -53.96501338	     23.42510591	    -11.74338232	    -82.76295716	      0.34896035	      5.81723095	      0.00000000	      5.00000014	     15.00219910	     -6.60058588	      0.05163262	     75.00017585	     45.00000026	      0.00000000	      5.00000014
1749651037.69700003	     -5.31090577	     14.73957476	    -13.42886643	      0.21721836	     -0.40346854	      0.79131026	     80.00000000	     -7.00000000	      0.00000000	     80.00000000	      1.39626340	      0.00000000	      0.00000000	      0.00000000	     80.00000000	     -7.00000000	      0.00000000	     80.00000000	      1.39626340	      0.00000000	      0.00000000	      0.00000000	     -3.47291357	      5.93004640	    -54.02686263	     24.73844889	    -11.49583226	    -80.91806271	      0.36389714	      7.52136208	      0.00000000	      5.00000014	     14.41221790	     -6.70231723	      0.05126125	     75.00017585	     45.00000026	      0.00000000	      5.00000014
1749651037.73099995	     -5.32802458	     14.68498389	    -14.05582631	      0.21682843	     -0.40372598	      0.79239426	     80.00000000	     -7.00000000	      0.00000000	     80.00000000	      1.39626340	      0.00000000	      0.00000000	      0.00000000	     80.00000000	     -7.00000000	      0.00000000	     80.00000000	      1.39626340	      0.00000000	      0.00000000	      0.00000000	     -3.53830495	      5.92262393	    -53.37962263	     25.49648107	    -11.56597892	    -79.19928533	      0.44691123	     10.28291453	      0.00000000	      5.00000014	     14.36562799	     -6.75764431	      0.05097122	     75.00017585	     45.00000026	      0.00000000	      5.00000014
1749651037.76399994	     -5.43025129	     14.65396735	    -13.03312820	      0.21671383	     -0.40303892	      0.79136571	     80.00000000	     -7.00000000	      0.00000000	     80.00000000	      1.39626340	      0.00000000	      0.00000000	      0.00000000	     80.00000000	     -7.00000000	      0.00000000	     80.00000000	      1.39626340	      0.00000000	      0.00000000	      0.00000000	     -3.33217001	      5.89751192	    -54.87871704	     25.53486986	    -11.22121406	    -84.44901446	      0.29434107	      4.08435338	      0.00000000	      5.00000014	     13.90617466	     -6.94176387	      0.04892210	     75.00017585	     45.00000026	      0.00000000	      5.00000014
1749651037.79800010	     -5.36205139	     14.78181584	    -13.27637508	      0.21715293	     -0.40234342	      0.79151511	     80.00000000	     -7.00000000	      0.00000000	     80.00000000	      1.39626340	      0.00000000	      0.00000000	      0.00000000	     80.00000000	     -7.00000000	      0.00000000	     80.00000000	      1.39626340	      0.00000000	      0.00000000	      0.00000000	     -3.11424103	      6.01825589	    -55.10320042	     26.83934186	    -11.33809149	    -84.09845429	      0.41672274	      4.51893630	      0.00000000	      5.00000014	     13.41335652	     -7.12235674	      0.04746342	     75.00017585	     45.00000026	      0.00000000	      5.00000014
1749651037.83100009	     -5.40186820	     14.68858287	    -13.27117403	      0.21691516	     -0.40284246	      0.79178443	     80.00000000	     -7.00000000	      0.00000000	     80.00000000	      1.39626340	      0.00000000	      0.00000000	      0.00000000	     80.00000000	     -7.00000000	      0.00000000	     80.00000000	      1.39626340	      0.00000000	      0.00000000	      0.00000000	     -3.21937048	      5.93916463	    -55.02261113	     25.86226574	    -10.97258054	    -84.10747421	      0.31615191	      4.51928158	      0.00000000	      5.00000014	     13.49262683	     -7.06029530	      0.04802275	     75.00017585	     45.00000026	      0.00000000	      5.00000014
1749651037.86500001	     -5.37390609	     14.75668141	    -15.04339319	      0.21629838	     -0.40369092	      0.79399184	     80.00000000	     -7.00000000	      0.00000000	     80.00000000	      1.39626340	      0.00000000	      0.00000000	      0.00000000	     80.00000000	     -7.00000000	      0.00000000	     80.00000000	      1.39626340	      0.00000000	      0.00000000	      0.00000000	     -3.36919378	      5.73522040	    -54.41562584	     26.60594081	    -10.45296560	    -82.61015181	      0.30704389	      4.38965973	      0.00000000	      5.00000014	     12.58539392	     -7.30773332	      0.04634227	     75.00017585	     45.00000026	      0.00000000	      5.00000014
1749651037.89800000	     -5.59564775	     14.66190425	    -14.45908222	      0.21522311	     -0.40338094	      0.79392880	     80.00000000	     -7.00000000	      0.00000000	     80.00000000	      1.39626340	      0.00000000	      0.00000000	      0.00000000	     80.00000000	     -7.00000000	      0.00000000	     80.00000000	      1.39626340	      0.00000000	      0.00000000	      0.00000000	     -3.28557466	      6.11486214	    -53.85229040	     25.87287933	    -10.63433867	    -82.68559901	      0.30919157	      4.42321548	      0.00000000	      5.00000014	     13.12432651	     -7.30504931	      0.04602553	     75.00017585	     45.00000026	      0.00000000	      5.00000014
1749651037.93099999	     -5.73260108	     14.59820312	    -13.55739073	      0.21494058	     -0.40313613	      0.79301251	     80.00000000	     -7.00000000	      0.00000000	     80.00000000	      1.39626340	      0.00000000	      0.00000000	      0.00000000	     80.00000000	     -7.00000000	      0.00000000	     80.00000000	      1.39626340	      0.00000000	      0.00000000	      0.00000000	     -3.31446223	      5.98508060	    -54.47070695	     25.19050299	    -10.65516918	    -85.47643261	      0.25959260	      3.38335999	      0.00000000	      5.00000014	     13.46319122	     -7.09308842	      0.04789859	     75.00017585	     45.00000026	      0.00000000	      5.00000014
1749651037.96499991	     -1.15335069	     10.94989798	    -78.79262591	      0.15766778	     -0.38878314	      0.87037051	     80.00000000	     -7.00000000	      0.00000000	     80.00000000	      1.39626340	      0.00000000	      0.00000000	      0.00000000	     80.00000000	     -7.00000000	      0.00000000	     80.00000000	      1.39626340	      0.00000000	      0.00000000	      0.00000000	    -12.23337141	     -2.22387561	      9.97241171	     24.14403988	    -12.46692137	    -85.66483300	      0.29252046	      4.07044217	      0.00000000	      5.00000014	     13.61329645	     -3.89950432	      0.07938326	     75.00017585	     45.00000026	      0.00000000	      5.00000014
1749651037.99799991	     -5.84162132	     14.21767440	     -6.11060619	      0.21682361	     -0.40142973	      0.78324604	     80.00000000	     -7.00000000	      0.00000000	     80.00000000	      1.39626340	      0.00000000	      0.00000000	      0.00000000	     80.00000000	     -7.00000000	      0.00000000	     80.00000000	      1.39626340	      0.00000000	      0.00000000	      0.00000000	     -2.56537738	      5.99014821	    -60.32166281	     22.99171285	    -10.95212706	    -86.51609824	      0.22071825	      2.80904708	      0.00000000	      5.00000014	     14.67229692	     -6.65807107	      0.05055166	     75.00017585	     45.00000026	      0.00000000	      5.00000014
1749651038.03200006	     -5.98162463	     14.16670054	     -6.73835566	      0.21596391	     -0.40142654	      0.78453020	     80.00000000	     -7.00000000	      0.00000000	     80.00000000	      1.39626340	      0.00000000	      0.00000000	      0.00000000	     80.00000000	     -7.00000000	      0.00000000	     80.00000000	      1.39626340	      0.00000000	      0.00000000	      0.00000000	     -2.61214639	      6.15032320	    -59.83624983	     22.92714954	    -10.60756809	    -84.83633478	      0.27773393	      4.60154455	      0.00000000	      5.00000014	     14.55370861	     -6.81581910	      0.04929846	     75.00017585	     45.00000026	      0.00000000	      5.00000014
1749651038.06500006	     -1.11848027	     10.52695788	    -79.85140695	      0.15656782	     -0.38914532	      0.87183976	     80.00000000	     -7.00000000	      0.00000000	     80.00000000	      1.39626340	      0.00000000	      0.00000000	      0.00000000	     80.00000000	     -7.00000000	      0.00000000	     80.00000000	      1.39626340	      0.00000000	      0.00000000	      0.00000000	    -12.18028732	     -2.38404102	     10.54876680	     23.58860371	    -12.21636444	    -84.59510122	      0.33751131	      5.09276552	      0.00000000	      5.00000014	     13.41828721	     -3.98990803	      0.07803402	     75.00017585	     45.00000026	      0.00000000	      5.00000014
1749651038.09899998	     -1.04796731	     10.52166141	    -79.55154748	      0.15699731	     -0.38948055	      0.87169864	     80.00000000	     -7.00000000	      0.00000000	     80.00000000	      1.39626340	      0.00000000	      0.00000000	      0.00000000	     80.00000000	     -7.00000000	      0.00000000	     80.00000000	      1.39626340	      0.00000000	      0.00000000	      0.00000000	    -11.95832681	     -2.46266150	     10.56339089	     23.10028345	    -12.12372894	    -82.78857185	      0.29887376	      7.57690109	      0.00000000	      5.00000014	     13.60511691	     -4.10210023	      0.07714143	     75.00017585	     45.00000026	      0.00000000	      5.00000014
1749651038.16599989	     -5.63535730	     14.33579242	    -10.11700433	      0.21656453	     -0.40325235	      0.78832771	     80.00000000	     -7.00000000	      0.00000000	     80.00000000	      1.39626340	      0.00000000	      0.00000000	      0.00000000	     80.00000000	     -7.00000000	      0.00000000	     80.00000000	      1.39626340	      0.00000000	      0.00000000	      0.00000000	     -3.00400760	      5.71703854	    -57.03794088	     24.21249859	    -10.72344923	    -81.80761068	      0.35938161	      8.77791107	      0.00000000	      5.00000014	     14.31229155	     -6.81764981	      0.04942607	     75.00017585	     45.00000026	      0.00000000	      5.00000014
1749651038.19899988	     -5.94246136	     14.19831920	     -9.52088164	      0.21524810	     -0.40204424	      0.78856989	     80.00000000	     -7.00000000	      0.00000000	     80.00000000	      1.39626340	      0.00000000	      0.00000000	      0.00000000	     80.00000000	     -7.00000000	      0.00000000	     80.00000000	      1.39626340	      0.00000000	      0.00000000	      0.00000000	     -2.97901223	      6.26476447	    -57.79514673	     23.83461727	    -10.19800499	    -86.05840663	      0.24804702	      3.90012397	      0.00000000	      5.00000014	     13.96541548	     -6.97123511	      0.04814647	     75.00017585	     45.00000026	      0.00000000	      5.00000014
1749651038.23200011	     -1.17370139	     10.43857253	    -79.36723231	      0.15697632	     -0.38855788	      0.87206107	     80.00000000	     -7.00000000	      0.00000000	     80.00000000	      1.39626340	      0.00000000	      0.00000000	      0.00000000	     80.00000000	     -7.00000000	      0.00000000	     80.00000000	      1.39626340	      0.00000000	      0.00000000	      0.00000000	    -12.53410866	     -2.42681126	      9.75846809	     24.26647761	    -12.00794612	    -85.74341786	      0.30277627	      4.86470686	      0.00000000	      5.00000014	     13.15594170	     -3.97347927	      0.07840790	     75.00017585	     45.00000026	      0.00000000	      5.00000014
1749651038.26600003	     -5.87841269	     14.17142252	     -6.55894129	      0.21651070	     -0.40112496	      0.78411715	     80.00000000	     -7.00000000	      0.00000000	     80.00000000	      1.39626340	      0.00000000	      0.00000000	      0.00000000	     80.00000000	     -7.00000000	      0.00000000	     80.00000000	      1.39626340	      0.00000000	      0.00000000	      0.00000000	     -2.76817098	      6.08940462	    -60.70552829	     23.35642080	    -10.30747476	    -85.97838772	      0.23778419	      3.31274627	      0.00000000	      5.00000014	     14.34371384	     -6.80076755	      0.04948410	     75.00017585	     45.00000026	      0.00000000	      5.00000014
1749651038.29900002	     -0.96925968	     10.88330328	    -77.94230983	      0.15981239	     -0.38895079	      0.86989503	     80.00000000	     -7.00000000	      0.00000000	     80.00000000	      1.39626340	      0.00000000	      0.00000000	      0.00000000	     80.00000000	     -7.00000000	      0.00000000	     80.00000000	      1.39626340	      0.00000000	      0.00000000	      0.00000000	    -12.17981144	     -2.45724274	      8.53220394	     24.13295312	    -12.25321097	    -86.41075610	      0.26202413	      3.35678189	      0.00000000	      5.00000014	     13.73551482	     -3.85003312	      0.07915760	     75.00017585	     45.00000026	      0.00000000	      5.00000014
1749651038.33299994	     -0.97888492	     11.19357665	    -78.02599192	      0.15980401	     -0.38974879	      0.86840167	     80.00000000	     -7.00000000	      0.00000000	     80.00000000	      1.39626340	      0.00000000	      0.00000000	      0.00000000	     80.00000000	     -7.00000000	      0.00000000	     80.00000000	      1.39626340	      0.00000000	      0.00000000	      0.00000000	    -11.64032586	     -2.52152114	      8.44167480	     24.27033229	    -12.25931322	    -86.39475755	      0.25782839	      3.31901795	      0.00000000	      5.00000014	     13.86745076	     -3.84556322	      0.07911488	     75.00017585	     45.00000026	      0.00000000	      5.00000014
1749651038.36599994	     -0.93779845	     11.14133088	    -77.66063186	      0.16041385	     -0.38971351	      0.86867425	     80.00000000	     -7.00000000	      0.00000000	     80.00000000	      1.39626340	      0.00000000	      0.00000000	      0.00000000	     80.00000000	     -7.00000000	      0.00000000	     80.00000000	      1.39626340	      0.00000000	      0.00000000	      0.00000000	    -11.55769793	     -2.34814723	      8.28623233	     24.18093113	    -12.19128983	    -85.74556384	      0.28559587	      3.61083865	      0.00000000	      5.00000014	     13.95018689	     -3.77930683	      0.07994873	     75.00017585	     45.00000026	      0.00000000	      5.00000014
1749651038.40000010	     -1.38224557	     11.66695589	    -81.46259705	      0.15286432	     -0.38994561	      0.86738119	     80.00000000	     -7.00000000	      0.00000000	     80.00000000	      1.39626340	      0.00000000	      0.00000000	      0.00000000	     80.00000000	     -7.00000000	      0.00000000	     80.00000000	      1.39626340	      0.00000000	      0.00000000	      0.00000000	    -11.19102434	     -2.61903575	     12.65512035	     24.05633861	    -12.45955745	    -85.71101508	      0.29580616	      4.04843044	      0.00000000	      5.00000014	     14.67107440	     -3.64388904	      0.08121948	     75.00017585	     45.00000026	      0.00000000	      5.00000014
1749651038.43300009	     -5.50702639	     14.24780553	    -12.18356899	      0.21639463	     -0.40379156	      0.79155365	     80.00000000	     -7.00000000	      0.00000000	     80.00000000	      1.39626340	      0.00000000	      0.00000000	      0.00000000	     80.00000000	     -7.00000000	      0.00000000	     80.00000000	      1.39626340	      0.00000000	      0.00000000	      0.00000000	     -3.26152038	      5.41098515	    -56.10919425	     24.84407711	    -10.44054787	    -85.32691605	      0.26361686	      3.59204165	      0.00000000	      5.00000014	     14.07000738	     -6.77363692	      0.04973844	     75.00017585	     45.00000026	      0.00000000	      5.00000014
1749651038.46700001	     -5.32527605	     14.30688304	    -12.43360805	      0.21734920	     -0.40338550	      0.79155216	     80.00000000	     -7.00000000	      0.00000000	     80.00000000	      1.39626340	      0.00000000	      0.00000000	      0.00000000	     80.00000000	     -7.00000000	      0.00000000	     80.00000000	      1.39626340	      0.00000000	      0.00000000	      0.00000000	     -3.39502117	      5.77003476	    -56.33911240	     26.16547838	    -10.69103420	    -84.98728893	      0.38139166	      4.00435113	      0.00000000	      5.00000014	     13.50466729	     -6.76067130	      0.05022683	     75.00017585	     45.00000026	      0.00000000	      5.00000014
1749651038.50000000	     -5.57881151	     14.29230804	    -13.70463226	      0.21552110	     -0.40327505	      0.79384472	     80.00000000	     -7.00000000	      0.00000000	     80.00000000	      1.39626340	      0.00000000	      0.00000000	      0.00000000	     80.00000000	     -7.00000000	      0.00000000	     80.00000000	      1.39626340	      0.00000000	      0.00000000	      0.00000000	     -3.52073993	      6.05136261	    -55.19887379	     25.82377068	    -10.21325995	    -83.02767570	      0.30618325	      4.67496324	      0.00000000	      5.00000014	     13.20834076	     -6.94379027	      0.04952338	     75.00017585	     45.00000026	      0.00000000	      5.00000014
1749651038.53399992	     -5.64489106	     14.27685430	    -12.63201422	      0.21567264	     -0.40275195	      0.79240424	     80.00000000	     -7.00000000	      0.00000000	     80.00000000	      1.39626340	      0.00000000	      0.00000000	      0.00000000	     80.00000000	     -7.00000000	      0.00000000	     80.00000000	      1.39626340	      0.00000000	      0.00000000	      0.00000000	     -3.45806608	      6.22347339	    -55.92565079	     25.13545189	    -10.22425295	    -85.17263308	      0.27045513	      3.76587941	      0.00000000	      5.00000014	     13.43861991	     -6.95479421	      0.04969911	     75.00017585	     45.00000026	      0.00000000	      5.00000014
1749651038.56699991	     -1.05953369	     11.06917988	    -77.28454000	      0.16045359	     -0.38863972	      0.86872728	     80.00000000	     -7.00000000	      0.00000000	     80.00000000	      1.39626340	      0.00000000	      0.00000000	      0.00000000	     80.00000000	     -7.00000000	      0.00000000	     80.00000000	      1.39626340	      0.00000000	      0.00000000	      0.00000000	    -12.35816433	     -2.02459674	      7.13592332	     25.09416602	    -11.84268949	    -85.29501313	      0.31511980	      4.42727105	      0.00000000	      5.00000014	     13.26390308	     -4.00769455	      0.07891701	     75.00017585	     45.00000026	      0.00000000	      5.00000014
1749651038.59999990	     -1.43084586	     12.05695966	    -84.49775780	      0.14823495	     -0.39001363	      0.86618171	     80.00000000	     -7.00000000	      0.00000000	     80.00000000	      1.39626340	      0.00000000	      0.00000000	      0.00000000	     80.00000000	     -7.00000000	      0.00000000	     80.00000000	      1.39626340	      0.00000000	      0.00000000	      0.00000000	    -11.12874498	     -3.19976950	     14.32659276	     25.30897306	    -12.01088737	    -85.43009221	      0.28272418	      4.03197327	      0.00000000	      5.00000014	     13.59586389	     -3.63763495	      0.08231933	     75.00017585	     45.00000026	      0.00000000	      5.00000014
1749651038.63400006	     -0.87193173	     10.75552518	    -81.45349769	      0.15524868	     -0.38921419	      0.87090206	     80.00000000	     -7.00000000	      0.00000000	     80.00000000	      1.39626340	      0.00000000	      0.00000000	      0.00000000	     80.00000000	     -7.00000000	      0.00000000	     80.00000000	      1.39626340	      0.00000000	      0.00000000	      0.00000000	    -11.74624168	     -2.72019811	     11.43571453	     24.47504074	    -12.00687956	    -85.62524029	      0.29297339	      3.86561678	      0.00000000	      5.00000014	     13.28512642	     -3.65646310	      0.08278723	     75.00017585	     45.00000026	      0.00000000	      5.00000014
1749651038.66700006	     -0.86400710	     10.09249528	    -79.46829352	      0.15810433	     -0.38925157	      0.87305948	     80.00000000	     -7.00000000	      0.00000000	     80.00000000	      1.39626340	      0.00000000	      0.00000000	      0.00000000	     80.00000000	     -7.00000000	      0.00000000	     80.00000000	      1.39626340	      0.00000000	      0.00000000	      0.00000000	    -12.00181868	     -2.29975116	      9.75726846	     23.72153124	    -11.86400280	    -85.82296342	      0.30583509	      4.57060742	      0.00000000	      5.00000014	     13.30153002	     -3.84441350	      0.08089555	     75.00017585	     45.00000026	      0.00000000	      5.00000014
1749651038.70099998	     -5.23676600	     14.21724689	     -7.56620951	      0.22000401	     -0.40276088	      0.78476022	     80.00000000	     -7.00000000	      0.00000000	     80.00000000	      1.39626340	      0.00000000	      0.00000000	      0.00000000	     80.00000000	     -7.00000000	      0.00000000	     80.00000000	      1.39626340	      0.00000000	      0.00000000	      0.00000000	     -2.78397442	      5.43528963	    -60.42692739	     23.54490073	    -10.43337627	    -86.16966903	      0.22704811	      2.86917952	      0.00000000	      5.00000014	     13.87305653	     -6.34577569	      0.05382867	     75.00017585	     45.00000026	      0.00000000	      5.00000014
1749651038.73399997	     -1.29068043	     11.17898050	    -83.84131063	      0.15035666	     -0.38979654	      0.86950499	     80.00000000	     -7.00000000	      0.00000000	     80.00000000	      1.39626340	      0.00000000	      0.00000000	      0.00000000	     80.00000000	     -7.00000000	      0.00000000	     80.00000000	      1.39626340	      0.00000000	      0.00000000	      0.00000000	    -11.71055374	     -3.14717568	     15.11708204	     23.17579081	    -12.49400174	    -85.16833002	      0.31555122	      4.50430288	      0.00000000	      5.00000014	     14.23418101	     -3.31826095	      0.08360656	     75.00017585	     45.00000026	      0.00000000	      5.00000014
1749651038.76799989	     -0.86274785	     10.81733776	    -81.98031072	      0.15514810	     -0.39084545	      0.87043594	     80.00000000	     -7.00000000	      0.00000000	     80.00000000	      1.39626340	      0.00000000	      0.00000000	      0.00000000	     80.00000000	     -7.00000000	      0.00000000	     80.00000000	      1.39626340	      0.00000000	      0.00000000	      0.00000000	    -11.63701232	     -2.86316047	     12.40385417	     24.43776946	    -12.50037481	    -82.50305850	      0.42501412	      6.69030919	      0.00000000	      5.00000014	     13.68927029	     -3.38718687	      0.08317209	     75.00017585	     45.00000026	      0.00000000	      5.00000014
1749651038.80100012	     -0.88238301	     10.72269007	    -81.74308492	      0.15643713	     -0.39141930	      0.87079226	     80.00000000	     -7.00000000	      0.00000000	     80.00000000	      1.39626340	      0.00000000	      0.00000000	      0.00000000	     80.00000000	     -7.00000000	      0.00000000	     80.00000000	      1.39626340	      0.00000000	      0.00000000	      0.00000000	    -11.45824811	     -2.78026224	     12.36393782	     24.83376325	    -12.80880354	    -81.44148474	      0.50723061	      8.16446558	      0.00000000	      5.00000014	     13.66063301	     -3.24147247	      0.08474916	     75.00017585	     45.00000026	      0.00000000	      5.00000014
1749651038.83500004	     -0.71214259	     11.05494239	    -80.81010690	      0.15806524	     -0.39081444	      0.86974088	     80.00000000	     -7.00000000	      0.00000000	     80.00000000	      1.39626340	      0.00000000	      0.00000000	      0.00000000	     80.00000000	     -7.00000000	      0.00000000	     80.00000000	      1.39626340	      0.00000000	      0.00000000	      0.00000000	    -11.42651878	     -2.91538501	     11.67435520	     24.36165820	    -12.73504846	    -83.03299210	      0.38824501	      6.89956058	      0.00000000	      5.00000014	     13.96079173	     -3.13380575	      0.08538768	     75.00017585	     45.00000026	      0.00000000	      5.00000014
1749651038.86800003	     -0.59318375	     10.69671225	    -80.65844879	      0.15912683	     -0.39075285	      0.87092851	     80.00000000	     -7.00000000	      0.00000000	     80.00000000	      1.39626340	      0.00000000	      0.00000000	      0.00000000	     80.00000000	     -7.00000000	      0.00000000	     80.00000000	      1.39626340	      0.00000000	      0.00000000	      0.00000000	    -11.54038888	     -2.75673356	     10.69764292	     24.33621781	    -12.16374391	    -81.67311467	      0.33904320	      8.84300333	      0.00000000	      5.00000014	     13.36893091	     -3.27173991	      0.08460579	     75.00017585	     45.00000026	      0.00000000	      5.00000014
1749651038.90199995	     -0.88630470	     10.35245187	    -79.07555457	      0.16189493	     -0.38986624	      0.87112823	     80.00000000	     -7.00000000	      0.00000000	     80.00000000	      1.39626340	      0.00000000	      0.00000000	      0.00000000	     80.00000000	     -7.00000000	      0.00000000	     80.00000000	      1.39626340	      0.00000000	      0.00000000	      0.00000000	    -11.87381341	     -2.10835795	      9.04644206	     24.25512852	    -12.12644494	    -84.55889088	      0.33868837	      4.81315827	      0.00000000	      5.00000014	     13.19501609	     -3.23646192	      0.08496338	     75.00017585	     45.00000026	      0.00000000	      5.00000014
1749651038.93499994	     -0.81870479	     10.68748893	    -77.45182055	      0.16287807	     -0.38939419	      0.87035652	     80.00000000	     -7.00000000	      0.00000000	     80.00000000	      1.39626340	      0.00000000	      0.00000000	      0.00000000	     80.00000000	     -7.00000000	      0.00000000	     80.00000000	      1.39626340	      0.00000000	      0.00000000	      0.00000000	    -11.83973633	     -2.16325476	      7.81120505	     23.96919257	    -11.96212917	    -83.95902755	      0.31626176	      5.26817694	      0.00000000	      5.00000014	     13.55634464	     -3.54541984	      0.08183178	     75.00017585	     45.00000026	      0.00000000	      5.00000014
1749651038.96900010	     -1.04978344	     10.96731226	    -76.91893801	      0.16166466	     -0.38924375	      0.87004268	     80.00000000	     -7.00000000	      0.00000000	     80.00000000	      1.39626340	      0.00000000	      0.00000000	      0.00000000	     80.00000000	     -7.00000000	      0.00000000	     80.00000000	      1.39626340	      0.00000000	      0.00000000	      0.00000000	    -11.61638881	     -2.14578138	      7.64525758	     23.90035927	    -11.88292010	    -85.47683109	      0.29187398	      4.04923539	      0.00000000	      5.00000014	     13.89601065	     -3.74179667	      0.07969554	     75.00017585	     45.00000026	      0.00000000	      5.00000014
1749651039.00200009	     -0.89699720	     11.28115515	    -76.57939677	      0.16227605	     -0.38945546	      0.86933568	     80.00000000	     -7.00000000	      0.00000000	     80.00000000	      1.39626340	      0.00000000	      0.00000000	      0.00000000	     80.00000000	     -7.00000000	      0.00000000	     80.00000000	      1.39626340	      0.00000000	      0.00000000	      0.00000000	    -11.42635617	     -2.35702091	      7.39016262	     23.89290377	    -11.98311122	    -85.70383734	      0.28025582	      4.05299173	      0.00000000	      5.00000014	     14.11398872	     -3.70255330	      0.08032319	     75.00017585	     45.00000026	      0.00000000	      5.00000014
1749651039.03600001	     -0.85181735	     11.17732837	    -78.11650717	      0.16055259	     -0.39050158	      0.87062796	     80.00000000	     -7.00000000	      0.00000000	     80.00000000	      1.39626340	      0.00000000	      0.00000000	      0.00000000	     80.00000000	     -7.00000000	      0.00000000	     80.00000000	      1.39626340	      0.00000000	      0.00000000	      0.00000000	    -11.20515019	     -2.70574373	      8.85129641	     24.22667480	    -12.16514370	    -86.32535630	      0.24966849	      3.10187926	      0.00000000	      5.00000014	     13.83993688	     -3.53649511	      0.08207238	     75.00017585	     45.00000026	      0.00000000	      5.00000014
1749651039.06900001	     -0.68123955	     11.01311255	    -79.11084849	      0.15986658	     -0.39036027	      0.87193213	     80.00000000	     -7.00000000	      0.00000000	     80.00000000	      1.39626340	      0.00000000	      0.00000000	      0.00000000	     80.00000000	     -7.00000000	      0.00000000	     80.00000000	      1.39626340	      0.00000000	      0.00000000	      0.00000000	    -11.35272030	     -2.86304616	     10.34114722	     23.42504093	    -12.32553057	    -85.76744771	      0.25452446	      3.74212250	      0.00000000	      5.00000014	     14.06562117	     -3.27900868	      0.08452386	     75.00017585	     45.00000026	      0.00000000	      5.00000014
1749651039.10200000	     -0.78751525	     11.10866847	    -80.01966187	      0.15937306	     -0.39095830	      0.87141988	     80.00000000	     -7.00000000	      0.00000000	     80.00000000	      1.39626340	      0.00000000	      0.00000000	      0.00000000	     80.00000000	     -7.00000000	      0.00000000	     80.00000000	      1.39626340	      0.00000000	      0.00000000	      0.00000000	    -11.06390976	     -2.74073208	     10.28828028	     24.43895577	    -12.18463573	    -85.48495117	      0.28926777	      3.94032493	      0.00000000	      5.00000014	     13.46312017	     -3.41797893	      0.08354810	     75.00017585	     45.00000026	      0.00000000	      5.00000014
1749651039.13599992	     -0.75360477	     11.25271932	    -79.43820651	      0.16042049	     -0.39123003	      0.87074846	     80.00000000	     -7.00000000	      0.00000000	     80.00000000	      1.39626340	      0.00000000	      0.00000000	      0.00000000	     80.00000000	     -7.00000000	      0.00000000	     80.00000000	      1.39626340	      0.00000000	      0.00000000	      0.00000000	    -10.92126655	     -2.65354503	      9.63694795	     25.31085523	    -12.32575719	    -83.10730436	      0.36169644	      7.05800461	      0.00000000	      5.00000014	     13.61279686	     -3.39581160	      0.08404570	     75.00017585	     45.00000026	      0.00000000	      5.00000014
1749651039.16899991	     -1.26007414	     12.16037618	    -80.87466931	      0.15547227	     -0.39109953	      0.86800255	     80.00000000	     -7.00000000	      0.00000000	     80.00000000	      1.39626340	      0.00000000	      0.00000000	      0.00000000	     80.00000000	     -7.00000000	      0.00000000	     80.00000000	      1.39626340	      0.00000000	      0.00000000	      0.00000000	    -10.42772699	     -2.87787043	     11.30322289	     25.27518484	    -12.06121241	    -83.59651357	      0.31631433	      7.14681919	      0.00000000	      5.00000014	     14.13779273	     -3.45193676	      0.08323081	     75.00017585	     45.00000026	      0.00000000	      5.00000014
1749651039.20300007	     -5.96125629	     15.81444364	     -6.53512559	      0.21921407	     -0.40110487	      0.78222679	     80.00000000	     -7.00000000	      0.00000000	     80.00000000	      1.39626340	      0.00000000	      0.00000000	      0.00000000	     80.00000000	     -7.00000000	      0.00000000	     80.00000000	      1.39626340	      0.00000000	      0.00000000	      0.00000000	     -2.31033286	      3.97524452	    -61.38684873	     23.76712697	     -9.70772341	    -83.14690860	      0.32358847	      8.94143093	      0.00000000	      5.00000014	     14.27798676	     -6.12823130	      0.05535613	     75.00017585	     45.00000026	      0.00000000	      5.00000014
1749651039.23600006	     -1.52479556	     12.41601896	    -79.47804014	      0.15863212	     -0.39093176	      0.86842100	     80.00000000	     -7.00000000	      0.00000000	     80.00000000	      1.39626340	      0.00000000	      0.00000000	      0.00000000	     80.00000000	     -7.00000000	      0.00000000	     80.00000000	      1.39626340	      0.00000000	      0.00000000	      0.00000000	    -10.44849450	     -2.39055139	      9.48191280	     24.49522160	    -11.55258193	    -80.25382844	      0.49026695	     32.07561270	      0.00000000	      5.00000014	     13.41052439	     -3.45272760	      0.07904987	     75.00017585	     45.00000026	      0.00000000	      5.00000014
1749651039.26999998	     -1.21416791	     11.65985552	    -79.32283527	      0.15941821	     -0.39039720	      0.87102666	     80.00000000	     -7.00000000	      0.00000000	     80.00000000	      1.39626340	      0.00000000	      0.00000000	      0.00000000	     80.00000000	     -7.00000000	      0.00000000	     80.00000000	      1.39626340	      0.00000000	      0.00000000	      0.00000000	    -10.87772821	     -2.45235987	      9.68940651	     23.87748889	    -11.55883200	    -80.41921604	      0.35680823	     31.97597655	      0.00000000	      5.00000014	     13.59815328	     -3.42603736	      0.07919809	     75.00017585	     45.00000026	      0.00000000	      5.00000014
1749651039.30299997	     -1.25698522	     10.51153853	    -79.27637051	      0.16008081	     -0.38930782	      0.87341739	     80.00000000	     -7.00000000	      0.00000000	     80.00000000	      1.39626340	      0.00000000	      0.00000000	      0.00000000	     80.00000000	     -7.00000000	      0.00000000	     80.00000000	      1.39626340	      0.00000000	      0.00000000	      0.00000000	    -11.64964204	     -2.23692006	      9.82027776	     23.43220876	    -11.43536948	    -80.58569017	      0.32117113	     31.82133333	      0.00000000	      5.00000014	     13.77640834	     -3.35717750	      0.07976009	     75.00017585	     45.00000026	      0.00000000	      5.00000014
1749651039.33699989	     -1.27020413	      9.77536155	    -79.50603750	      0.16045332	     -0.38968006	      0.87465386	     80.00000000	     -7.00000000	      0.00000000	     80.00000000	      1.39626340	      0.00000000	      0.00000000	      0.00000000	     80.00000000	     -7.00000000	      0.00000000	     80.00000000	      1.39626340	      0.00000000	      0.00000000	      0.00000000	    -11.97361409	     -2.07684061	      9.81672067	     24.76868493	    -11.97428254	    -81.82514641	      0.40572018	     10.75681686	      0.00000000	      5.00000014	     13.69573700	     -3.30973706	      0.07929532	     75.00017585	     45.00000026	      0.00000000	      5.00000014
1749651039.36999989	     -0.99436697	     10.21842596	    -79.07434584	      0.16111839	     -0.39065750	      0.87376600	     80.00000000	     -7.00000000	      0.00000000	     80.00000000	      1.39626340	      0.00000000	      0.00000000	      0.00000000	     80.00000000	     -7.00000000	      0.00000000	     80.00000000	      1.39626340	      0.00000000	      0.00000000	      0.00000000	    -11.42940922	     -2.30413788	      9.05554853	     25.19406121	    -12.01550957	    -81.06281732	      0.40729042	     11.72709661	      0.00000000	      5.00000014	     13.60196911	     -3.19287126	      0.08071510	     75.00017585	     45.00000026	      0.00000000	      5.00000014
1749651039.40300012	     -1.10682879	     10.69215089	    -77.48769128	      0.16165452	     -0.39078060	      0.87305181	     80.00000000	     -7.00000000	      0.00000000	     80.00000000	      1.39626340	      0.00000000	      0.00000000	      0.00000000	     80.00000000	     -7.00000000	      0.00000000	     80.00000000	      1.39626340	      0.00000000	      0.00000000	      0.00000000	    -11.22468561	     -2.31674039	      9.04993108	     23.62665058	    -12.41126786	    -81.06432121	      0.44963201	     11.68179885	      0.00000000	      5.00000014	     14.87743584	     -2.50427485	      0.08665014	     75.00017585	     45.00000026	      0.00000000	      5.00000014
1749651039.43700004	     -1.23190593	     10.76017420	    -76.51018368	      0.16241489	     -0.39179208	      0.87280367	     80.00000000	     -7.00000000	      0.00000000	     80.00000000	      1.39626340	      0.00000000	      0.00000000	      0.00000000	     80.00000000	     -7.00000000	      0.00000000	     80.00000000	      1.39626340	      0.00000000	      0.00000000	      0.00000000	    -10.94172672	     -1.95930849	      8.49672532	     23.51047503	    -12.24905701	    -78.22441937	      0.51537303	     16.19599452	      0.00000000	      5.00000014	     16.16591092	     -2.10398316	      0.08991471	     75.00017585	     45.00000026	      0.00000000	      5.00000014
1749651039.47000003	     -1.48401261	     11.02518723	    -74.99368143	      0.16322922	     -0.39277808	      0.87190366	     80.00000000	     -7.00000000	      0.00000000	     80.00000000	      1.39626340	      0.00000000	      0.00000000	      0.00000000	     80.00000000	     -7.00000000	      0.00000000	     80.00000000	      1.39626340	      0.00000000	      0.00000000	      0.00000000	    -10.52082031	     -1.68878311	      7.62977385	     23.18906693	    -12.31240941	    -81.95346477	      0.44103951	     12.69702772	      0.00000000	      5.00000014	     17.69019794	     -2.09590191	      0.08857845	     75.00017585	     45.00000026	      0.00000000	      5.00000014
1749651039.50399995	     -1.46766633	     10.51889452	    -76.07143687	      0.16190816	     -0.39441953	      0.87396757	     80.00000000	     -7.00000000	      0.00000000	     80.00000000	      1.39626340	      0.00000000	      0.00000000	      0.00000000	     80.00000000	     -7.00000000	      0.00000000	     80.00000000	      1.39626340	      0.00000000	      0.00000000	      0.00000000	    -10.57947541	     -1.68101149	      9.05999634	     22.61513331	    -12.27514040	    -81.97309098	      0.44461268	     12.42705541	      0.00000000	      5.00000014	     18.91300714	     -2.48712762	      0.08395375	     75.00017585	     45.00000026	      0.00000000	      5.00000014
1749651039.53699994	     -0.94191725	     10.30342479	    -76.98175891	      0.16289444	     -0.39523615	      0.87553966	     80.00000000	     -7.00000000	      0.00000000	     80.00000000	      1.39626340	      0.00000000	      0.00000000	      0.00000000	     80.00000000	     -7.00000000	      0.00000000	     80.00000000	      1.39626340	      0.00000000	      0.00000000	      0.00000000	    -10.52737382	     -1.88771903	      8.82940306	     23.25836971	    -12.55554995	    -80.08203961	      0.56784931	     13.80585313	      0.00000000	      5.00000014	     18.38358101	     -3.43012902	      0.07508345	     75.00017585	     45.00000026	      0.00000000	      5.00000014
1749651039.57100010	     -1.50404676	     10.16530464	    -76.51890186	      0.16059151	     -0.39534175	      0.87658386	     80.00000000	     -7.00000000	      0.00000000	     80.00000000	      1.39626340	      0.00000000	      0.00000000	      0.00000000	     80.00000000	     -7.00000000	      0.00000000	     80.00000000	      1.39626340	      0.00000000	      0.00000000	      0.00000000	    -10.74721095	     -1.74146161	      8.62625356	     22.18720375	    -12.24319345	    -83.87499622	      0.42851222	      6.34195745	      0.00000000	      5.00000014	     17.79909942	     -5.27318000	      0.05745165	     75.00017585	     45.00000026	      0.00000000	      5.00000014
1749651039.60400009	     -1.88869062	     11.08605869	    -77.19752235	      0.16623874	     -0.38510968	      0.87635870	     80.00000000	     -7.00000000	      0.00000000	     80.00000000	      1.39626340	      0.00000000	      0.00000000	      0.00000000	     80.00000000	     -7.00000000	      0.00000000	     80.00000000	      1.39626340	      0.00000000	      0.00000000	      0.00000000	    -11.54792749	      1.52100206	      2.11164035	     26.49792480	    -10.26951406	    -81.33193693	      0.48578901	      3.81039171	      0.00000000	      5.00000014	     -0.69101068	     -4.42955464	    -86.85589667	      0.12815483	      1.51284151	      0.00000000	      5.00000014
1749651039.63700008	     -2.49320212	     12.40188547	    -79.99375811	      0.15928435	     -0.38645675	      0.87305791	     80.00000000	     -7.00000000	      0.00000000	     80.00000000	      1.39626340	      0.00000000	      0.00000000	      0.00000000	     80.00000000	     -7.00000000	      0.00000000	     80.00000000	      1.39626340	      0.00000000	      0.00000000	      0.00000000	    -11.48448487	      0.92878642	      1.64247970	     29.45646236	     -9.02340084	    -80.34287518	      0.82234359	      4.64770292	      0.00000000	      5.00000014	     -7.37637238	     -3.59498427	    -88.10592251	      0.10399777	      1.30523633	      0.00000000	      5.00000014
1749651039.67100000	     -7.91028925	     12.85304642	    -68.72049115	      0.16403760	     -0.40384345	      0.86216828	     80.00000000	     -7.00000000	      0.00000000	     80.00000000	      1.39626340	      0.00000000	      0.00000000	      0.00000000	     80.00000000	     -7.00000000	      0.00000000	     80.00000000	      1.39626340	      0.00000000	      0.00000000	      0.00000000	    -10.28564106	      5.90037825	    -14.48738400	     33.93414040	     -5.17987563	    -75.41866479	      0.62908659	      4.39403403	      0.00000000	      5.00000014	    -22.86606862	      1.59576117	    -89.17421586	      0.06338967	      0.80388508	      0.00000000	      5.00000014
1749651039.70400000	    -10.26211656	     14.00818543	    -60.20708468	      0.16225100	     -0.41696449	      0.85025592	     80.00000000	     -7.00000000	      0.00000000	     80.00000000	      1.39626340	      0.00000000	      0.00000000	      0.00000000	     80.00000000	     -7.00000000	      0.00000000	     80.00000000	      1.39626340	      0.00000000	      0.00000000	      0.00000000	     -7.90639820	      5.98835357	    -20.60247635	     33.75519898	     -5.04255100	    -75.13362800	      0.66381850	      5.29581603	      0.00000000	      5.00000014	    -33.13753134	      4.21902500	    -89.37673226	      0.05315182	      0.62944907	      0.00000000	      5.00000014
1749651039.73799992	    -12.59124950	     21.35355042	    -62.42317487	      0.14811930	     -0.42581620	      0.82662775	     80.00000000	     -7.00000000	      0.00000000	     80.00000000	      1.39626340	      0.00000000	      0.00000000	      0.00000000	     80.00000000	     -7.00000000	      0.00000000	     80.00000000	      1.39626340	      0.00000000	      0.00000000	      0.00000000	     -1.84151623	      3.21368099	    -13.82052702	     32.48357186	     -7.09147294	    -82.59070519	      0.37643890	      3.07379940	      0.00000000	      5.00000014	    -37.25413797	      4.81215899	    -89.34528094	      0.05726113	      0.62987710	      0.00000000	      5.00000014
1749651039.77099991	    -11.56089870	     15.25101054	    -87.18277434	      0.11549926	     -0.42557608	      0.86668395	     80.00000000	     -7.00000000	      0.00000000	     80.00000000	      1.39626340	      0.00000000	      0.00000000	      0.00000000	     80.00000000	     -7.00000000	      0.00000000	     80.00000000	      1.39626340	      0.00000000	      0.00000000	      0.00000000	     -4.78593447	      2.31276990	     15.28563913	     25.24963086	     -9.34849990	    -83.83117110	      0.30454747	      2.96553335	      0.00000000	      5.00000014	    -43.72328061	      3.67314784	    -89.26437127	      0.06376287	      0.67996746	      0.00000000	      5.00000014
1749651039.80500007	     -4.81824649	     12.96946177	     13.12048818	      0.22370285	     -0.43670623	      0.75669124	     80.00000000	     -7.00000000	      0.00000000	     80.00000000	      1.39626340	      0.00000000	      0.00000000	      0.00000000	     80.00000000	     -7.00000000	      0.00000000	     80.00000000	      1.39626340	      0.00000000	      0.00000000	      0.00000000	     -0.54010426	      5.70887530	    -80.92551301	     -2.91037842	    -11.80788992	     -0.87292411	     75.14919447	     44.95916318	      0.00000000	      5.00000014	    -50.09360555	      0.40871802	    -89.30873057	      0.05933014	      0.64156355	      0.00000000	      5.00000014
1749651039.83800006	     -5.32848475	     13.29407684	     17.82585411	      0.21928295	     -0.42875124	      0.73442179	     80.00000000	     -7.00000000	      0.00000000	     80.00000000	      1.39626340	      0.00000000	      0.00000000	      0.00000000	     80.00000000	     -7.00000000	      0.00000000	     80.00000000	      1.39626340	      0.00000000	      0.00000000	      0.00000000	      0.32335044	      6.01059990	    -83.71357960	     22.99241827	    -14.10887334	     -0.90374213	     75.14821300	     44.95987799	      0.00000000	      5.00000014	    -50.55268549	      0.94530725	    -89.07891398	      0.08091164	      0.89309380	      0.00000000	      5.00000014
1749651039.87199998	     -5.27621801	     18.39194841	     -8.03192531	      0.22304519	     -0.42385709	      0.73893303	     80.00000000	     -7.00000000	      0.00000000	     80.00000000	      1.39626340	      0.00000000	      0.00000000	      0.00000000	     80.00000000	     -7.00000000	      0.00000000	     80.00000000	      1.39626340	      0.00000000	      0.00000000	      0.00000000	     -1.82261821	      4.53895598	    -54.27236252	     26.26531635	    -16.48822732	     -0.82272599	     75.12380407	     44.97599872	      0.00000000	      5.00000014	    -47.23548778	      0.71337894	    -88.77863042	      0.10622537	      1.10537173	      0.00000000	      5.00000014
1749651039.90499997	     -6.96787302	     27.77209870	    -17.88240539	      0.20832703	     -0.40174348	      0.70208200	     80.00000000	     -7.00000000	      0.00000000	     80.00000000	      1.39626340	      0.00000000	      0.00000000	      0.00000000	     80.00000000	     -7.00000000	      0.00000000	     80.00000000	      1.39626340	      0.00000000	      0.00000000	      0.00000000	     -1.07637920	      0.31240581	    -40.61363975	     30.98257073	    -19.41532452	     -0.80605628	     75.11351027	     44.98095954	      0.00000000	      5.00000014	    -41.34171044	      0.68434168	    -88.19422175	      0.15320728	      1.36539534	      0.00000000	      5.00000014
1749651039.93899989	     -4.58025471	     24.61261551	    -47.52624084	      0.18336719	     -0.37264940	      0.74135887	     80.00000000	     -7.00000000	      0.00000000	     80.00000000	      1.39626340	      0.00000000	      0.00000000	      0.00000000	     80.00000000	     -7.00000000	      0.00000000	     80.00000000	      1.39626340	      0.00000000	      0.00000000	      0.00000000	     -8.36730291	      1.45165480	      7.51407702	     -0.88153506	    -38.26020339	     89.91959643	     94.21715804	     88.85055832	      0.00000000	      5.00000014	    -29.89403715	     -8.99315681	    -82.43179015	      0.33511250	      1.85562361	      0.00000000	      5.00000014
1749651039.97199988	     -5.92259665	     26.07823159	    -46.55629960	      0.16713416	     -0.35722277	      0.70421879	     80.00000000	     -7.00000000	      0.00000000	     80.00000000	      1.39626340	      0.00000000	      0.00000000	      0.00000000	     80.00000000	     -7.00000000	      0.00000000	     80.00000000	      1.39626340	      0.00000000	      0.00000000	      0.00000000	    -10.04180497	      3.20003170	     -5.43492442	     33.54478383	    -23.34889187	      2.99044634	     76.78203314	     43.40867845	      0.00000000	      5.00000014	    -30.85917762	     -0.23226202	    -86.25532041	      0.32942708	      1.99034719	      0.00000000	      5.00000014
1749651040.00600004	    -37.47169272	     65.21335632	     24.84293485	      0.14384507	     -0.22438544	      0.47018903	     80.00000000	     -7.00000000	      0.00000000	     80.00000000	      1.39626340	      0.00000000	      0.00000000	      0.00000000	     80.00000000	     -7.00000000	      0.00000000	     80.00000000	      1.39626340	      0.00000000	      0.00000000	      0.00000000	      2.02618599	    -13.04276867	    -61.85151345	     66.72799511	    -20.05341295	      2.72788356	     76.58393180	     43.86173578	      0.00000000	      5.00000014	    -15.11275913	      7.76426654	    -86.63565288	      0.37753505	      2.26646143	      0.00000000	      5.00000014
1749651040.03900003	    -27.20757319	     42.03343514	     10.29772648	      0.12638275	     -0.28451518	      0.53091323	     80.00000000	     -7.00000000	      0.00000000	     80.00000000	      1.39626340	      0.00000000	      0.00000000	      0.00000000	     80.00000000	     -7.00000000	      0.00000000	     80.00000000	      1.39626340	      0.00000000	      0.00000000	      0.00000000	      3.09430966	      4.26672063	    -52.13369181	     49.04593760	    -20.53418541	      2.73468915	     76.57678308	     43.87593906	      0.00000000	      5.00000014	    -19.54574423	      2.23924884	    -86.16353207	      0.48510707	      2.52527565	      0.00000000	      5.00000014
1749651040.07200003	    -30.41831594	     46.36928919	     13.76766156	      0.11915122	     -0.26656533	      0.50131010	     80.00000000	     -7.00000000	      0.00000000	     80.00000000	      1.39626340	      0.00000000	      0.00000000	      0.00000000	     80.00000000	     -7.00000000	      0.00000000	     80.00000000	      1.39626340	      0.00000000	      0.00000000	      0.00000000	      3.65859882	      2.74135999	    -53.44356130	     56.43871807	    -21.97343390	      2.70668577	     76.57261444	     43.88417420	      0.00000000	      5.00000014	    -16.88676506	      3.60648837	    -86.02397160	      0.48509591	      2.69647504	      0.00000000	      5.00000014
1749651040.10599995	    -33.73720490	     51.46721542	     18.05572485	      0.11439806	     -0.24287330	      0.47465824	     80.00000000	     -7.00000000	      0.00000000	     80.00000000	      1.39626340	      0.00000000	      0.00000000	      0.00000000	     80.00000000	     -7.00000000	      0.00000000	     80.00000000	      1.39626340	      0.00000000	      0.00000000	      0.00000000	      3.32364515	      0.04637821	    -55.64410353	     61.90398734	    -22.20803002	      2.69193218	     76.56788482	     43.89347117	      0.00000000	      5.00000014	    -14.15880043	      4.73960528	    -86.18760693	      0.43367682	      2.89203908	      0.00000000	      5.00000014
1749651040.13899994	    -12.79065380	     44.51804176	    -45.96615981	      0.12452400	     -0.31738783	      0.57773328	     80.00000000	     -7.00000000	      0.00000000	     80.00000000	      1.39626340	      0.00000000	      0.00000000	      0.00000000	     80.00000000	     -7.00000000	      0.00000000	     80.00000000	      1.39626340	      0.00000000	      0.00000000	      0.00000000	     -4.70233116	     -0.69922089	     -4.53087116	     49.10388380	    -25.07714556	      2.64544884	     76.54100484	     43.94532944	      0.00000000	      5.00000014	    -20.49037837	      4.72237471	    -86.33920940	      0.42960540	      3.11907105	      0.00000000	      5.00000014
1749651040.17300010	    -33.56994905	     51.16271861	     17.23223348	      0.11466083	     -0.23428851	      0.45295708	     80.00000000	     -7.00000000	      0.00000000	     80.00000000	      1.39626340	      0.00000000	      0.00000000	      0.00000000	     80.00000000	     -7.00000000	      0.00000000	     80.00000000	      1.39626340	      0.00000000	      0.00000000	      0.00000000	      3.96840282	      2.49932273	    -60.37288962	     65.22003601	    -15.72198423	      2.67907797	     76.51127959	     44.00075657	      0.00000000	      5.00000014	    -13.30120853	      7.61679263	    -87.37060105	      0.31131144	      3.03144349	      0.00000000	      5.00000014
1749651040.20600009	    -88.66104268	     76.12497592	     57.54109257	      0.11934597	     -0.14187444	      0.36685303	     80.00000000	     -7.00000000	      0.00000000	     80.00000000	      1.39626340	      0.00000000	      0.00000000	      0.00000000	     80.00000000	     -7.00000000	      0.00000000	     80.00000000	      1.39626340	      0.00000000	      0.00000000	      0.00000000	      8.60809931	    -15.03159874	    -52.74648518	     87.62873135	    -10.05325688	      2.27667401	     76.31871465	     44.32470402	      0.00000000	      5.00000014	     -1.85034259	     13.98075615	    -87.87451243	      0.24565935	      2.92971490	      0.00000000	      5.00000014
1749651040.24000001	    -89.04413400	     76.81477086	     57.29607825	      0.12421367	     -0.14126308	      0.35969755	     80.00000000	     -7.00000000	      0.00000000	     80.00000000	      1.39626340	      0.00000000	      0.00000000	      0.00000000	     80.00000000	     -7.00000000	      0.00000000	     80.00000000	      1.39626340	      0.00000000	      0.00000000	      0.00000000	      9.03930894	    -14.56771564	    -52.78634053	     88.28255861	     -8.31671308	      2.28947332	     76.31722517	     44.32681967	      0.00000000	      5.00000014	     -1.71668540	     14.91009092	    -87.98455866	      0.21815256	      2.85753909	      0.00000000	      5.00000014
1749651040.27300000	    -89.35537844	     76.60157198	     52.89124661	      0.11753289	     -0.14639794	      0.35547492	     80.00000000	     -7.00000000	      0.00000000	     80.00000000	      1.39626340	      0.00000000	      0.00000000	      0.00000000	     80.00000000	     -7.00000000	      0.00000000	     80.00000000	      1.39626340	      0.00000000	      0.00000000	      0.00000000	     10.07372229	    -13.73918931	    -47.74433778	     89.26103261	     -8.92863604	      2.07715497	     76.26563244	     44.39800383	      0.00000000	      5.00000014	     -1.48315881	     14.74752398	    -88.16536221	      0.20079963	      2.76649405	      0.00000000	      5.00000014
1749651040.30699992	    -87.21413847	     76.80855881	     43.27950518	      0.11171529	     -0.15616677	      0.35444288	     80.00000000	     -7.00000000	      0.00000000	     80.00000000	      1.39626340	      0.00000000	      0.00000000	      0.00000000	     80.00000000	     -7.00000000	      0.00000000	     80.00000000	      1.39626340	      0.00000000	      0.00000000	      0.00000000	     11.47547398	    -11.56482056	    -40.36007791	     87.54692797	     -8.31311163	      1.88961863	     76.17979631	     44.50525028	      0.00000000	      5.00000014	     -1.52518652	     15.12010305	    -88.29205168	      0.18857231	      2.86920379	      0.00000000	      5.00000014
1749651040.33999991	    -86.80463118	     76.89370278	     43.34084113	      0.11156702	     -0.15948867	      0.36736874	     80.00000000	     -7.00000000	      0.00000000	     80.00000000	      1.39626340	      0.00000000	      0.00000000	      0.00000000	     80.00000000	     -7.00000000	      0.00000000	     80.00000000	      1.39626340	      0.00000000	      0.00000000	      0.00000000	     11.55760268	    -12.54662078	    -41.08064054	     83.36495544	     -7.73626490	      1.89169237	     76.17447877	     44.51141415	      0.00000000	      5.00000014	     -2.51118648	     14.16111336	    -88.39741382	      0.18934669	      2.97682507	      0.00000000	      5.00000014
1749651040.37299991	    -83.20463498	     76.10626335	     42.77329474	      0.11049024	     -0.16068770	      0.37151201	     80.00000000	     -7.00000000	      0.00000000	     80.00000000	      1.39626340	      0.00000000	      0.00000000	      0.00000000	     80.00000000	     -7.00000000	      0.00000000	     80.00000000	      1.39626340	      0.00000000	      0.00000000	      0.00000000	     10.63387058	    -13.07933238	    -43.78848403	     79.23255683	     -8.02835182	      1.88549327	     76.16880044	     44.51794813	      0.00000000	      5.00000014	     -2.96207411	     13.38337765	    -88.34371879	      0.18856556	      2.69333260	      0.00000000	      5.00000014
1749651040.40700006	    -79.77176943	     76.22481889	     41.07513069	      0.11258144	     -0.16923365	      0.37256253	     80.00000000	     -7.00000000	      0.00000000	     80.00000000	      1.39626340	      0.00000000	      0.00000000	      0.00000000	     80.00000000	     -7.00000000	      0.00000000	     80.00000000	      1.39626340	      0.00000000	      0.00000000	      0.00000000	     10.69431742	    -14.09683577	    -45.67894496	     78.29368998	     -7.34818959	      1.88670014	     76.16381756	     44.52363516	      0.00000000	      5.00000014	     -4.32492591	     13.29852952	    -88.38269813	      0.18136444	      2.49896918	      0.00000000	      5.00000014
1749651040.44000006	    -63.80947921	     74.04579381	     70.25432911	      0.13432195	     -0.14954268	      0.40974587	     80.00000000	     -7.00000000	      0.00000000	     80.00000000	      1.39626340	      0.00000000	      0.00000000	      0.00000000	     80.00000000	     -7.00000000	      0.00000000	     80.00000000	      1.39626340	      0.00000000	      0.00000000	      0.00000000	     -3.82282748	    -21.97244466	    -88.34346901	     62.54104137	    -11.35806663	      1.78325616	     76.09636429	     44.59749836	      0.00000000	      5.00000014	    -11.90371512	      9.85849874	    -88.36142986	      0.18089245	      2.18845658	      0.00000000	      5.00000014
1749651040.47399998	    -56.94022942	     72.67403152	     67.29185979	      0.13574193	     -0.17619058	      0.43581001	     80.00000000	     -7.00000000	      0.00000000	     80.00000000	      1.39626340	      0.00000000	      0.00000000	      0.00000000	     80.00000000	     -7.00000000	      0.00000000	     80.00000000	      1.39626340	      0.00000000	      0.00000000	      0.00000000	     -6.28367683	    -24.78405073	    -89.31033393	     56.25290426	    -14.60770257	      1.75189945	     76.09168216	     44.60225395	      0.00000000	      5.00000014	    -16.16362306	      7.32814435	    -88.34433565	      0.17628631	      2.06240463	      0.00000000	      5.00000014
1749651040.50699997	    -55.80633728	     72.45507861	     68.42742377	      0.13662048	     -0.18714771	      0.44869802	     80.00000000	     -7.00000000	      0.00000000	     80.00000000	      1.39626340	      0.00000000	      0.00000000	      0.00000000	     80.00000000	     -7.00000000	      0.00000000	     80.00000000	      1.39626340	      0.00000000	      0.00000000	      0.00000000	     -7.93996148	    -26.42671489	    -89.37566753	     53.11934952	    -16.60652861	      1.73239948	     76.08918080	     44.60477915	      0.00000000	      5.00000014	    -17.43209930	      5.43271510	    -88.30205293	      0.17307696	      1.96039555	      0.00000000	      5.00000014
1749651040.54099989	    -31.66990136	     53.68737178	     10.58253897	      0.13643864	     -0.31246871	      0.52265417	     80.00000000	     -7.00000000	      0.00000000	     80.00000000	      1.39626340	      0.00000000	      0.00000000	      0.00000000	     80.00000000	     -7.00000000	      0.00000000	     80.00000000	      1.39626340	      0.00000000	      0.00000000	      0.00000000	     10.74941736	    -14.62607409	    -55.93939585	    -40.76738126	     20.72371899	     36.25351381	      5.97266364	      5.27206472	      0.00000000	      5.00000014	    -26.88428675	      4.91460293	    -88.42557661	      0.16748047	      2.05744183	      0.00000000	      5.00000014
1749651040.60700011	    -40.12690885	     53.66318021	     21.97313102	      0.10423453	     -0.28623423	      0.53979399	     80.00000000	     -7.00000000	      0.00000000	     80.00000000	      1.39626340	      0.00000000	      0.00000000	      0.00000000	     80.00000000	     -7.00000000	      0.00000000	     80.00000000	      1.39626340	      0.00000000	      0.00000000	      0.00000000	      5.41485084	    -20.10044713	    -58.16986702	     26.30840861	    -16.91515048	    -82.31393653	      0.23131525	      1.49134492	      0.00000000	      5.00000014	    -22.58939149	     -2.59867567	    -87.42755552	      0.23199455	      2.35879793	      0.00000000	      5.00000014
1749651040.64100003	    -39.71530976	     52.93343653	     22.41893601	      0.10300337	     -0.28207282	      0.54795742	     80.00000000	     -7.00000000	      0.00000000	     80.00000000	      1.39626340	      0.00000000	      0.00000000	      0.00000000	     80.00000000	     -7.00000000	      0.00000000	     80.00000000	      1.39626340	      0.00000000	      0.00000000	      0.00000000	      4.69626709	    -19.63301582	    -55.98085974	     13.86440035	    -12.77189049	    -89.15703972	      0.07293565	      0.67153444	      0.00000000	      5.00000014	    -20.30748849	     -4.46757204	    -86.64760259	      0.27337304	      2.54679485	      0.00000000	      5.00000014
1749651040.67400002	    -19.34597824	     52.20278454	    -34.84894594	      0.12878238	     -0.35019386	      0.63797841	     80.00000000	     -7.00000000	      0.00000000	     80.00000000	      1.39626340	      0.00000000	      0.00000000	      0.00000000	     80.00000000	     -7.00000000	      0.00000000	     80.00000000	      1.39626340	      0.00000000	      0.00000000	      0.00000000	     14.67696278	    -15.56207598	     -1.92340768	     -9.71621646	     -7.95851858	    -89.52395793	      0.04893591	      0.54952977	      0.00000000	      5.00000014	    -23.17102217	     -6.24507053	    -83.88607630	      0.34631205	      2.46516565	      0.00000000	      5.00000014
1749651040.70799994	     -6.12093729	     28.22228708	    -44.51776011	      0.16095203	     -0.37655572	      0.74328451	     80.00000000	     -7.00000000	      0.00000000	     80.00000000	      1.39626340	      0.00000000	      0.00000000	      0.00000000	     80.00000000	     -7.00000000	      0.00000000	     80.00000000	      1.39626340	      0.00000000	      0.00000000	      0.00000000	      1.24624706	     -6.36069809	      1.75516881	    -26.14621231	      0.88348798	    -89.45223087	      0.05694154	      0.66501141	      0.00000000	      5.00000014	    -31.01004205	    -11.08587743	    -83.77718828	      0.30048152	      2.34587542	      0.00000000	      5.00000014
1749651040.74099994	     -1.46400889	     17.02598765	    -49.55014354	      0.17377701	     -0.37954124	      0.78843064	     80.00000000	     -7.00000000	      0.00000000	     80.00000000	      1.39626340	      0.00000000	      0.00000000	      0.00000000	     80.00000000	     -7.00000000	      0.00000000	     80.00000000	      1.39626340	      0.00000000	      0.00000000	      0.00000000	     -5.44790613	     -2.19870594	      4.26373276	    -34.95765156	      4.52185887	    -89.34877381	      0.06784939	      0.77667642	      0.00000000	      5.00000014	    -35.61513569	    -11.32214700	    -84.13929390	      0.26568210	      2.23916822	      0.00000000	      5.00000014
1749651040.77500010	      0.25172432	     12.36996842	    -52.95938484	      0.17717044	     -0.38220059	      0.80659446	     80.00000000	     -7.00000000	      0.00000000	     80.00000000	      1.39626340	      0.00000000	      0.00000000	      0.00000000	     80.00000000	     -7.00000000	      0.00000000	     80.00000000	      1.39626340	      0.00000000	      0.00000000	      0.00000000	     -7.90725492	     -0.84863702	      5.47655438	    -41.08673685	      6.18124234	    -89.38010932	      0.06683875	      0.75471542	      0.00000000	      5.00000014	    -38.48461873	    -10.28219701	    -85.26571582	      0.22552527	      2.13082441	      0.00000000	      5.00000014
1749651040.80800009	      0.92194829	      9.01581271	    -55.88535213	      0.17549892	     -0.38101930	      0.81877000	     80.00000000	     -7.00000000	      0.00000000	     80.00000000	      1.39626340	      0.00000000	      0.00000000	      0.00000000	     80.00000000	     -7.00000000	      0.00000000	     80.00000000	      1.39626340	      0.00000000	      0.00000000	      0.00000000	     -9.72801961	      0.56416686	      5.92410655	    -45.09737092	      6.80014567	    -89.42430026	      0.06456217	      0.73217164	      0.00000000	      5.00000014	    -40.41136099	     -8.73396057	    -86.11232290	      0.22471532	      2.12597077	      0.00000000	      5.00000014
1749651040.84200001	      1.08878956	      9.15885069	    -56.71102010	      0.17349308	     -0.38051792	      0.81547229	     80.00000000	     -7.00000000	      0.00000000	     80.00000000	      1.39626340	      0.00000000	      0.00000000	      0.00000000	     80.00000000	     -7.00000000	      0.00000000	     80.00000000	      1.39626340	      0.00000000	      0.00000000	      0.00000000	     -9.70386144	      0.85993442	      3.06806590	    -47.03042367	      5.70734183	    -89.41035616	      0.06804156	      0.75910708	      0.00000000	      5.00000014	    -41.32875563	     -6.04481068	    -86.53910968	      0.22177233	      2.11951491	      0.00000000	      5.00000014
1749651040.87500000	     -6.72594868	      6.15507317	    -60.27020302	      0.15291075	     -0.39538739	      0.81975042	     80.00000000	     -7.00000000	      0.00000000	     80.00000000	      1.39626340	      0.00000000	      0.00000000	      0.00000000	     80.00000000	     -7.00000000	      0.00000000	     80.00000000	      1.39626340	      0.00000000	      0.00000000	      0.00000000	     -8.07787945	      8.13639324	      5.14633981	    -49.92284608	      4.37676050	    -89.35883013	      0.07446209	      0.82608767	      0.00000000	      5.00000014	    -43.92415393	     -3.68203067	    -87.41165352	      0.19439230	      2.03461579	      0.00000000	      5.00000014
1749651040.90899992	      0.94751355	      9.26029870	    -57.01374275	      0.17009977	     -0.37766893	      0.80412284	     80.00000000	     -7.00000000	      0.00000000	     80.00000000	      1.39626340	      0.00000000	      0.00000000	      0.00000000	     80.00000000	     -7.00000000	      0.00000000	     80.00000000	      1.39626340	      0.00000000	      0.00000000	      0.00000000	     -9.38445698	      1.23891523	     -2.51273954	    -48.24466824	      2.62257325	    -89.27301968	      0.08603750	      0.90465706	      0.00000000	      5.00000014	    -42.17064618	     -1.35117721	    -87.42175676	      0.19979427	      2.02312014	      0.00000000	      5.00000014
1749651040.94199991	      1.18946718	      9.29168162	    -56.85983811	      0.17044681	     -0.37710863	      0.79825868	     80.00000000	     -7.00000000	      0.00000000	     80.00000000	      1.39626340	      0.00000000	      0.00000000	      0.00000000	     80.00000000	     -7.00000000	      0.00000000	     80.00000000	      1.39626340	      0.00000000	      0.00000000	      0.00000000	     -9.30152222	      1.07784946	     -4.85845812	    -48.33762383	      1.38659225	    -89.27899341	      0.08512074	      0.89642808	      0.00000000	      5.00000014	    -42.33778350	      0.35220057	    -87.66923262	      0.18501120	      1.96280540	      0.00000000	      5.00000014
1749651040.97600007	      1.32513761	      9.27496241	    -57.67530209	      0.16976037	     -0.37570639	      0.79438689	     80.00000000	     -7.00000000	      0.00000000	     80.00000000	      1.39626340	      0.00000000	      0.00000000	      0.00000000	     80.00000000	     -7.00000000	      0.00000000	     80.00000000	      1.39626340	      0.00000000	      0.00000000	      0.00000000	     -9.27858590	      0.78990951	     -5.23472855	    -47.61977103	      0.48341764	    -89.20964272	      0.08891631	      0.93593427	      0.00000000	      5.00000014	    -42.21658504	      1.54120181	    -87.77755348	      0.17358817	      1.92091960	      0.00000000	      5.00000014
