Timestamp,Keypoint Name,X,Y,Z,Confidence
1749651033784,PELVIS,0.1466023,-0.32168052,-0.7878656,58.5738410949707
1749651033784,SPINE_1,0.15046297,-0.24531782,-0.8086134,81.17118072509766
1749651033784,SPINE_2,0.15259011,-0.16275279,-0.8200451,86.25530242919922
1749651033784,SPINE_3,0.15809336,-0.08394337,-0.8496205,94.87283325195312
1749651033784,NECK,0.15865946,0.006198302,-0.8643337,97.17234802246094
1749651033784,LEFT_CLAVICLE,0.23568249,0.010123432,-0.891352,97.49472045898438
1749651033784,RIGHT_CLAVICLE,0.0977055,0.00082845986,-0.9565372,97.95906829833984
1749651033784,LEFT_SHOULDER,0.2992649,0.015761629,-0.8698103,94.67741394042969
1749651033784,RIGHT_SHOULDER,0.022914084,-0.0037532896,-0.99333876,96.1689682006836
1749651033784,LEFT_ELBOW,0.34996656,-0.21320781,-0.8185401,90.9617919921875
1749651033784,RIGHT_ELBOW,-0.03212144,-0.26761615,-1.0408517,96.25977325439453
1749651033784,LEFT_WRIST,nan,nan,nan,nan
1749651033784,RIGHT_WRIST,-0.06695166,-0.3973528,-0.99521834,62.15952682495117
1749651033784,LEFT_HIP,0.23829974,-0.32341677,-0.7977228,43.61472702026367
1749651033784,RIGHT_HIP,0.06430566,-0.33962512,-0.82384986,53.36125564575195
1749651034051,PELVIS,0.1510826,-0.32183373,-0.78824097,57.12764358520508
1749651034051,SPINE_1,0.15057497,-0.24550043,-0.80921537,80.36797332763672
1749651034051,SPINE_2,0.15298359,-0.16317247,-0.8221597,85.64056396484375
1749651034051,SPINE_3,0.15824917,-0.07956487,-0.85045797,94.55673217773438
1749651034051,NECK,0.15799494,0.008204311,-0.86887455,96.82339477539062
1749651034051,LEFT_CLAVICLE,0.23663886,0.014859185,-0.89496917,97.17318725585938
1749651034051,RIGHT_CLAVICLE,0.09824173,0.005878195,-0.9617868,97.7160415649414
1749651034051,LEFT_SHOULDER,0.30002576,0.017776564,-0.87246186,94.00768280029297
1749651034051,RIGHT_SHOULDER,0.01991501,-0.0014993548,-1.0061524,95.74368286132812
1749651034051,LEFT_ELBOW,0.3501014,-0.21388692,-0.81856453,89.59713745117188
1749651034051,RIGHT_ELBOW,-0.03305097,-0.26796773,-1.0307248,94.99530029296875
1749651034051,LEFT_WRIST,nan,nan,nan,nan
1749651034051,RIGHT_WRIST,-0.07271036,-0.4044972,-1.0023619,62.27518844604492
1749651034051,LEFT_HIP,0.23966758,-0.3239502,-0.7961235,41.67714309692383
1749651034051,RIGHT_HIP,0.0651952,-0.33785367,-0.82252717,52.41719436645508
1749651034084,PELVIS,0.14682065,-0.32161346,-0.7876556,57.63465118408203
1749651034084,SPINE_1,0.15059708,-0.24554482,-0.80933774,80.64093780517578
1749651034084,SPINE_2,0.1531045,-0.16331035,-0.82284087,85.83599090576172
1749651034084,SPINE_3,0.15824044,-0.07956991,-0.8504097,94.64585876464844
1749651034084,NECK,0.15861055,0.008886382,-0.86871713,96.90196990966797
1749651034084,LEFT_CLAVICLE,0.2367303,0.014855385,-0.89533436,97.2424087524414
1749651034084,RIGHT_CLAVICLE,0.09810165,0.0058590025,-0.9603534,97.7739486694336
1749651034084,LEFT_SHOULDER,0.30169144,0.018776998,-0.87075996,94.1478042602539
1749651034084,RIGHT_SHOULDER,0.01890877,-0.0011145175,-1.0102327,95.84930419921875
1749651034084,LEFT_ELBOW,0.35132667,-0.21620706,-0.81895506,90.3149185180664
1749651034084,RIGHT_ELBOW,-0.032847095,-0.26604456,-1.0311102,94.45829772949219
1749651034084,LEFT_WRIST,nan,nan,nan,nan
1749651034084,RIGHT_WRIST,-0.07151453,-0.40115705,-1.0000443,61.025856018066406
1749651034084,LEFT_HIP,0.23767942,-0.32312828,-0.7977825,42.6379280090332
1749651034084,RIGHT_HIP,0.06424445,-0.3366267,-0.8229439,52.48501968383789
1749651034118,PELVIS,0.14971873,-0.32179844,-0.7882089,57.19140625
1749651034118,SPINE_1,0.15059555,-0.24552351,-0.80935514,80.47285461425781
1749651034118,SPINE_2,0.1530932,-0.1632729,-0.82276124,85.81476593017578
1749651034118,SPINE_3,0.15521261,-0.080020934,-0.85563,94.72799682617188
1749651034118,NECK,0.15815791,0.008891344,-0.87178504,97.15077209472656
1749651034118,LEFT_CLAVICLE,0.2368614,0.0148887485,-0.89579636,97.50895690917969
1749651034118,RIGHT_CLAVICLE,0.098201685,0.0058986247,-0.9613335,97.91053771972656
1749651034118,LEFT_SHOULDER,0.29996833,0.018705383,-0.8716542,94.7453842163086
1749651034118,RIGHT_SHOULDER,0.018653512,-0.0010533929,-0.9960519,96.03498077392578
1749651034118,LEFT_ELBOW,0.35057667,-0.21531728,-0.818563,91.12283325195312
1749651034118,RIGHT_ELBOW,-0.03458692,-0.2699044,-1.0344155,92.20203399658203
1749651034118,LEFT_WRIST,nan,nan,nan,nan
1749651034118,RIGHT_WRIST,-0.071665,-0.4019535,-1.00148,59.26787185668945
1749651034118,LEFT_HIP,0.236022,-0.32071555,-0.7932997,42.53226852416992
1749651034118,RIGHT_HIP,0.06658006,-0.3383747,-0.8238764,51.74623107910156
1749651034152,PELVIS,0.1508202,-0.32180783,-0.7882997,56.33993148803711
1749651034152,SPINE_1,0.15365973,-0.24520302,-0.8083739,80.05004119873047
1749651034152,SPINE_2,0.15306024,-0.16320933,-0.82257485,85.5639419555664
1749651034152,SPINE_3,0.15688068,-0.07975535,-0.85296994,94.66068267822266
1749651034152,NECK,0.15913999,0.008072421,-0.8711625,97.18094635009766
1749651034152,LEFT_CLAVICLE,0.2368414,0.014921784,-0.895747,97.5130386352539
1749651034152,RIGHT_CLAVICLE,0.09785783,0.0023091733,-0.9580123,97.95484161376953
1749651034152,LEFT_SHOULDER,0.30070803,0.017598152,-0.8694616,94.72737121582031
1749651034152,RIGHT_SHOULDER,0.019539317,-0.0017074049,-1.0017363,96.14668273925781
1749651034152,LEFT_ELBOW,0.35088664,-0.21549955,-0.81905806,89.66268920898438
1749651034152,RIGHT_ELBOW,-0.033827156,-0.26909867,-1.030812,95.32682037353516
1749651034152,LEFT_WRIST,nan,nan,nan,nan
1749651034152,RIGHT_WRIST,-0.07251237,-0.40288687,-1.0071294,64.02169799804688
1749651034152,LEFT_HIP,0.23856954,-0.32227662,-0.795462,41.406673431396484
1749651034152,RIGHT_HIP,0.06656971,-0.33840463,-0.8236916,51.1912956237793
1749651034185,PELVIS,0.15128198,-0.32191336,-0.7884397,58.25053024291992
1749651034185,SPINE_1,0.15223326,-0.24533242,-0.80867493,81.06201171875
1749651034185,SPINE_2,0.15308106,-0.16327533,-0.8226815,86.26729583740234
1749651034185,SPINE_3,0.15767297,-0.07967451,-0.85154057,94.96218872070312
1749651034185,NECK,0.16003717,0.0076605976,-0.87149906,97.41356658935547
1749651034185,LEFT_CLAVICLE,0.23627809,0.011882424,-0.89353895,97.75177001953125
1749651034185,RIGHT_CLAVICLE,0.09806163,0.003908932,-0.9600712,98.09231567382812
1749651034185,LEFT_SHOULDER,0.30211654,0.016834036,-0.8689524,95.25595092773438
1749651034185,RIGHT_SHOULDER,0.01956277,-0.0017892718,-0.9986826,96.35325622558594
1749651034185,LEFT_ELBOW,0.3515045,-0.21571398,-0.8190902,91.75067901611328
1749651034185,RIGHT_ELBOW,-0.033320446,-0.26726824,-1.0316249,95.4953842163086
1749651034185,LEFT_WRIST,nan,nan,nan,nan
1749651034185,RIGHT_WRIST,-0.07184048,-0.4058539,-1.0091084,62.968284606933594
1749651034185,LEFT_HIP,0.23841247,-0.32308057,-0.7965691,43.292762756347656
1749651034185,RIGHT_HIP,0.06598454,-0.33677632,-0.8230487,53.04491424560547
1749651034219,PELVIS,0.15148412,-0.32191718,-0.7886428,58.4859504699707
1749651034219,SPINE_1,0.15140711,-0.2453183,-0.80890864,81.11457061767578
1749651034219,SPINE_2,0.15310553,-0.16323048,-0.82282764,86.20077514648438
1749651034219,SPINE_3,0.1579681,-0.08203241,-0.850117,94.83515167236328
1749651034219,NECK,0.16105801,0.0066081733,-0.8696885,97.11405181884766
1749651034219,LEFT_CLAVICLE,0.23871578,0.010452822,-0.8918683,97.46369171142578
1749651034219,RIGHT_CLAVICLE,0.09785011,0.0020554364,-0.9579594,97.89624786376953
1749651034219,LEFT_SHOULDER,0.30279997,0.015922204,-0.868412,94.63792419433594
1749651034219,RIGHT_SHOULDER,0.021586578,-0.0031368136,-0.9977687,96.02633666992188
1749651034219,LEFT_ELBOW,0.35161257,-0.21571083,-0.8192132,91.23440551757812
1749651034219,RIGHT_ELBOW,-0.032359727,-0.26477572,-1.0257453,96.11367797851562
1749651034219,LEFT_WRIST,nan,nan,nan,nan
1749651034219,RIGHT_WRIST,-0.07175992,-0.40678313,-1.0102056,61.37223815917969
1749651034219,LEFT_HIP,0.23882641,-0.32319304,-0.7972498,43.50135803222656
1749651034219,RIGHT_HIP,0.065643296,-0.336053,-0.82067907,53.299034118652344
1749651034252,PELVIS,0.15152965,-0.3219878,-0.78875107,57.97502899169922
1749651034252,SPINE_1,0.15325499,-0.24524075,-0.80852044,80.8634033203125
1749651034252,SPINE_2,0.15312761,-0.16327776,-0.82294834,86.05189514160156
1749651034252,SPINE_3,0.15821964,-0.08108182,-0.84997267,94.79660034179688
1749651034252,NECK,0.16102909,0.0065719485,-0.8693469,97.13604736328125
1749651034252,LEFT_CLAVICLE,0.23761292,0.009705186,-0.8918376,97.48857879638672
1749651034252,RIGHT_CLAVICLE,0.097715154,0.000981018,-0.9565194,97.90699768066406
1749651034252,LEFT_SHOULDER,0.30324566,0.015567929,-0.86866844,94.69515228271484
1749651034252,RIGHT_SHOULDER,0.02121291,-0.002804488,-0.9978682,96.03854370117188
1749651034252,LEFT_ELBOW,0.35133007,-0.21553104,-0.8193649,90.582275390625
1749651034252,RIGHT_ELBOW,-0.03143436,-0.26134712,-1.0287609,95.54000854492188
1749651034252,LEFT_WRIST,nan,nan,nan,nan
1749651034252,RIGHT_WRIST,-0.06853955,-0.40315482,-1.0055271,64.57706451416016
1749651034252,LEFT_HIP,0.23928258,-0.32297873,-0.79782313,42.83835220336914
1749651034252,RIGHT_HIP,0.065944016,-0.33597982,-0.8209398,52.943084716796875
1749651034286,PELVIS,0.14912616,-0.32187724,-0.78832924,59.624229431152344
1749651034286,SPINE_1,0.15212685,-0.24534872,-0.8087872,81.8137435913086
1749651034286,SPINE_2,0.1531279,-0.16331941,-0.8229204,86.83967590332031
1749651034286,SPINE_3,0.15833594,-0.08041029,-0.85001796,95.25141906738281
1749651034286,NECK,0.16046038,0.006781593,-0.86915636,97.73003387451172
1749651034286,LEFT_CLAVICLE,0.23683073,0.009394094,-0.89209855,98.04844665527344
1749651034286,RIGHT_CLAVICLE,0.09760844,0.00040461123,-0.9556211,98.30640411376953
1749651034286,LEFT_SHOULDER,0.30267859,0.015695632,-0.8684102,95.88921356201172
1749651034286,RIGHT_SHOULDER,0.020656077,-0.0024859458,-1.0042945,96.72380065917969
1749651034286,LEFT_ELBOW,0.35124624,-0.21600705,-0.81949353,92.01272583007812
1749651034286,RIGHT_ELBOW,-0.031066336,-0.25898075,-1.0317326,95.97428894042969
1749651034286,LEFT_WRIST,nan,nan,nan,nan
1749651034286,RIGHT_WRIST,-0.06872821,-0.39971787,-1.0030512,65.64632415771484
1749651034286,LEFT_HIP,0.23884486,-0.32308364,-0.7980906,45.23644256591797
1749651034286,RIGHT_HIP,0.06502763,-0.33647716,-0.82149297,53.864742279052734
1749651034319,PELVIS,0.14753284,-0.3217831,-0.7880186,59.26079559326172
1749651034319,SPINE_1,0.15131173,-0.24541786,-0.8089789,81.53009033203125
1749651034319,SPINE_2,0.1531043,-0.16331354,-0.8227594,86.50383758544922
1749651034319,SPINE_3,0.15836582,-0.07993437,-0.85008836,94.97672271728516
1749651034319,NECK,0.16028872,0.0071162283,-0.86906946,97.24726867675781
1749651034319,LEFT_CLAVICLE,0.23664199,0.011795238,-0.89378476,97.59078216552734
1749651034319,RIGHT_CLAVICLE,0.097562574,0.00020480156,-0.95530957,97.98455810546875
1749651034319,LEFT_SHOULDER,0.30261165,0.016216815,-0.868289,94.90887451171875
1749651034319,RIGHT_SHOULDER,0.020359775,-0.0023159683,-1.0050262,96.17498779296875
1749651034319,LEFT_ELBOW,0.3510274,-0.21621898,-0.8198594,90.70738220214844
1749651034319,RIGHT_ELBOW,-0.030949775,-0.2581366,-1.032133,95.64990234375
1749651034319,LEFT_WRIST,nan,nan,nan,nan
1749651034319,RIGHT_WRIST,-0.066147104,-0.39663315,-0.9983237,63.04473876953125
1749651034319,LEFT_HIP,0.23903769,-0.32403636,-0.7982058,44.50178527832031
1749651034319,RIGHT_HIP,0.064045064,-0.33662677,-0.82232445,53.850440979003906
1749651034352,PELVIS,0.14655004,-0.32165486,-0.78783613,59.53106689453125
1749651034352,SPINE_1,0.15075663,-0.24539748,-0.8090803,81.726318359375
1749651034352,SPINE_2,0.15306811,-0.16322765,-0.8225661,86.72154235839844
1749651034352,SPINE_3,0.15836854,-0.07957354,-0.8501952,95.1466064453125
1749651034352,NECK,0.16022386,0.007189825,-0.8699779,97.53662109375
1749651034352,LEFT_CLAVICLE,0.23629756,0.011145517,-0.89357984,97.86963653564453
1749651034352,RIGHT_CLAVICLE,0.097587235,0.0002940148,-0.95541656,98.17316436767578
1749651034352,LEFT_SHOULDER,0.30246606,0.016214132,-0.8683389,95.50965118408203
1749651034352,RIGHT_SHOULDER,0.020072635,-0.0021533668,-1.0037161,96.48926544189453
1749651034352,LEFT_ELBOW,0.3513501,-0.216696,-0.81971204,90.56214904785156
1749651034352,RIGHT_ELBOW,-0.030915342,-0.25688905,-1.0303515,95.82441711425781
1749651034352,LEFT_WRIST,nan,nan,nan,nan
1749651034352,RIGHT_WRIST,-0.065091446,-0.397872,-0.9991974,66.11312866210938
1749651034352,LEFT_HIP,0.23855686,-0.3238219,-0.79855764,45.00707244873047
1749651034352,RIGHT_HIP,0.064144805,-0.3356682,-0.82179636,53.89930725097656
1749651034386,PELVIS,0.146085,-0.32162023,-0.78757316,59.897613525390625
1749651034386,SPINE_1,0.15046416,-0.24547824,-0.8090942,81.86384582519531
1749651034386,SPINE_2,0.15303305,-0.16325198,-0.82235086,86.73912048339844
1749651034386,SPINE_3,0.15834713,-0.079485536,-0.8503607,95.07844543457031
1749651034386,NECK,0.15961786,0.0073974878,-0.87065554,97.32811737060547
1749651034386,LEFT_CLAVICLE,0.2364066,0.012992352,-0.894831,97.65142822265625
1749651034386,RIGHT_CLAVICLE,0.09759721,0.00033044815,-0.95574814,98.05433654785156
1749651034386,LEFT_SHOULDER,0.30133694,0.016688064,-0.8685145,95.02069091796875
1749651034386,RIGHT_SHOULDER,0.019740993,-0.0022246987,-1.000739,96.31753540039062
1749651034386,LEFT_ELBOW,0.35151494,-0.21609238,-0.82014847,90.32951354980469
1749651034386,RIGHT_ELBOW,-0.030636072,-0.25755244,-1.0346489,95.67239379882812
1749651034386,LEFT_WRIST,nan,nan,nan,nan
1749651034386,RIGHT_WRIST,-0.06383221,-0.39600685,-0.996213,67.6635513305664
1749651034386,LEFT_HIP,0.23797163,-0.32396024,-0.79867685,45.61885452270508
1749651034386,RIGHT_HIP,0.06436039,-0.33498088,-0.8216743,54.03495407104492
1749651034419,PELVIS,0.14593375,-0.3215714,-0.7873988,59.33521270751953
1749651034419,SPINE_1,0.15033972,-0.24551803,-0.8091052,81.6360855102539
1749651034419,SPINE_2,0.1529964,-0.1632388,-0.8221533,86.67599487304688
1749651034419,SPINE_3,0.15833145,-0.079464525,-0.8505377,95.14405822753906
1749651034419,NECK,0.15949868,0.007450834,-0.86991,97.56934356689453
1749651034419,LEFT_CLAVICLE,0.23622295,0.011809707,-0.8941577,97.89889526367188
1749651034419,RIGHT_CLAVICLE,0.097878695,0.0030143708,-0.9590576,98.19672393798828
1749651034419,LEFT_SHOULDER,0.30141112,0.01632081,-0.86837256,95.5705337524414
1749651034419,RIGHT_SHOULDER,0.019550197,-0.0016661137,-0.9988587,96.53211212158203
1749651034419,LEFT_ELBOW,0.3515247,-0.21608454,-0.8199429,91.07688903808594
1749651034419,RIGHT_ELBOW,-0.030676808,-0.25697386,-1.0346695,95.56275939941406
1749651034419,LEFT_WRIST,nan,nan,nan,nan
1749651034419,RIGHT_WRIST,-0.06672005,-0.39713413,-1.0023872,67.04113006591797
1749651034419,LEFT_HIP,0.23844598,-0.3238291,-0.79882956,44.893497467041016
1749651034419,RIGHT_HIP,0.0637252,-0.33510202,-0.8225802,53.62868881225586
1749651034453,PELVIS,0.14829344,-0.3216164,-0.78773224,59.77180099487305
1749651034453,SPINE_1,0.15032713,-0.24547839,-0.8091612,81.79019927978516
1749651034453,SPINE_2,0.15299225,-0.16317566,-0.8221821,86.67568969726562
1749651034453,SPINE_3,0.1583237,-0.07941751,-0.85070825,95.04006958007812
1749651034453,NECK,0.15909669,0.007799208,-0.8703948,97.2752914428711
1749651034453,LEFT_CLAVICLE,0.23645431,0.013422087,-0.89512193,97.6029281616211
1749651034453,RIGHT_CLAVICLE,0.09807805,0.004921928,-0.9611122,98.0174789428711
1749651034453,LEFT_SHOULDER,0.30068645,0.016869456,-0.86894023,94.91905975341797
1749651034453,RIGHT_SHOULDER,0.019522944,-0.0014974773,-1.0016315,96.25244903564453
1749651034453,LEFT_ELBOW,0.35131112,-0.21646723,-0.81984216,90.45601654052734
1749651034453,RIGHT_ELBOW,-0.03081555,-0.2583109,-1.0315671,95.38900756835938
1749651034453,LEFT_WRIST,nan,nan,nan,nan
1749651034453,RIGHT_WRIST,-0.067040734,-0.39941734,-1.0044696,65.13912963867188
1749651034453,LEFT_HIP,0.23898864,-0.32364064,-0.79875016,45.478153228759766
1749651034453,RIGHT_HIP,0.06405088,-0.33525681,-0.82251996,53.92352294921875
1749651034486,PELVIS,0.14761992,-0.32163227,-0.78768015,58.625858306884766
1749651034486,SPINE_1,0.15034908,-0.24552222,-0.80914414,81.13420104980469
1749651034486,SPINE_2,0.15299797,-0.16322565,-0.822258,86.13619995117188
1749651034486,SPINE_3,0.15835422,-0.07951317,-0.85097253,94.7324447631836
1749651034486,NECK,0.15902267,0.0078038126,-0.86993945,96.88169860839844
1749651034486,LEFT_CLAVICLE,0.23666228,0.014391482,-0.89569306,97.2050552368164
1749651034486,RIGHT_CLAVICLE,0.09821795,0.005955294,-0.96203417,97.778076171875
1749651034486,LEFT_SHOULDER,0.30051595,0.016903192,-0.86877143,94.04924774169922
1749651034486,RIGHT_SHOULDER,0.019654855,-0.0015192777,-1.0010258,95.88307189941406
1749651034486,LEFT_ELBOW,0.35177064,-0.21714713,-0.8196766,90.32128143310547
1749651034486,RIGHT_ELBOW,-0.031110182,-0.26155695,-1.0316916,95.14692687988281
1749651034486,LEFT_WRIST,nan,nan,nan,nan
1749651034486,RIGHT_WRIST,-0.06742387,-0.3989806,-1.0006588,62.74257278442383
1749651034486,LEFT_HIP,0.23906985,-0.32337376,-0.79849666,43.767513275146484
1749651034486,RIGHT_HIP,0.06396747,-0.3368321,-0.8230941,53.31874084472656
1749651034520,PELVIS,0.14712453,-0.32157385,-0.7876807,59.20760726928711
1749651034520,SPINE_1,0.15041898,-0.24548352,-0.8091939,81.59349060058594
1749651034520,SPINE_2,0.15301742,-0.16319348,-0.82239175,86.68135070800781
1749651034520,SPINE_3,0.15836334,-0.07951331,-0.8511209,95.17994689941406
1749651034520,NECK,0.15869783,0.0084697455,-0.86949354,97.6662368774414
1749651034520,LEFT_CLAVICLE,0.23680009,0.01502955,-0.89605314,97.982421875
1749651034520,RIGHT_CLAVICLE,0.098272674,0.006506741,-0.96237814,98.26943969726562
1749651034520,LEFT_SHOULDER,0.30068263,0.017750248,-0.8687656,95.74104309082031
1749651034520,RIGHT_SHOULDER,0.018927988,-0.0009549856,-1.0030721,96.66889190673828
1749651034520,LEFT_ELBOW,0.35160744,-0.21654576,-0.82008713,91.10797882080078
1749651034520,RIGHT_ELBOW,-0.031865466,-0.2623896,-1.0282813,94.7609634399414
1749651034520,LEFT_WRIST,nan,nan,nan,nan
1749651034520,RIGHT_WRIST,-0.06819699,-0.3990243,-0.9987192,62.0737419128418
1749651034520,LEFT_HIP,0.23924161,-0.32332844,-0.79855764,43.97184371948242
1749651034520,RIGHT_HIP,0.063927814,-0.33680332,-0.8235071,54.23895263671875
1749651034553,PELVIS,0.14908433,-0.3217255,-0.7879787,59.09872817993164
1749651034553,SPINE_1,0.1504784,-0.24552965,-0.8092197,81.57255554199219
1749651034553,SPINE_2,0.15303282,-0.163247,-0.822475,86.71917724609375
1749651034553,SPINE_3,0.15837997,-0.0795987,-0.8512178,95.24610900878906
1749651034553,NECK,0.15890406,0.008174181,-0.86988443,97.82048034667969
1749651034553,LEFT_CLAVICLE,0.2369167,0.01524806,-0.8962706,98.13984680175781
1749651034553,RIGHT_CLAVICLE,0.0982817,0.006597802,-0.96210545,98.36091613769531
1749651034553,LEFT_SHOULDER,0.30124918,0.017340794,-0.8684479,96.09255981445312
1749651034553,RIGHT_SHOULDER,0.018514946,-0.0011743307,-1.0016979,96.80863952636719
1749651034553,LEFT_ELBOW,0.35147458,-0.21639612,-0.820279,91.65499114990234
1749651034553,RIGHT_ELBOW,-0.032020994,-0.26477814,-1.0334336,95.06491088867188
1749651034553,LEFT_WRIST,nan,nan,nan,nan
1749651034553,RIGHT_WRIST,-0.06716395,-0.3970685,-0.9956008,62.12033462524414
1749651034553,LEFT_HIP,0.23942912,-0.3236395,-0.798384,44.4265022277832
1749651034553,RIGHT_HIP,0.06455062,-0.33734554,-0.82312137,53.6099967956543
1749651034586,PELVIS,0.15041831,-0.32189265,-0.7882405,57.234405517578125
1749651034586,SPINE_1,0.15053163,-0.24560289,-0.80925906,80.41374969482422
1749651034586,SPINE_2,0.15305048,-0.16332656,-0.8225571,85.65674591064453
1749651034586,SPINE_3,0.15839155,-0.07969646,-0.85126233,94.54873657226562
1749651034586,NECK,0.15905455,0.007994249,-0.8714874,96.7868881225586
1749651034586,LEFT_CLAVICLE,0.23699465,0.015237436,-0.8963928,97.13333892822266
1749651034586,RIGHT_CLAVICLE,0.098269925,0.0064552277,-0.96178347,97.6966323852539
1749651034586,LEFT_SHOULDER,0.30045852,0.017317712,-0.86846495,93.91815185546875
1749651034586,RIGHT_SHOULDER,0.01915592,-0.0015861094,-0.99888986,95.71865844726562
1749651034586,LEFT_ELBOW,0.3513707,-0.21600847,-0.8206124,90.83151245117188
1749651034586,RIGHT_ELBOW,-0.033153508,-0.26889044,-1.0342292,92.00077056884766
1749651034586,LEFT_WRIST,nan,nan,nan,nan
1749651034586,RIGHT_WRIST,-0.070626155,-0.39867228,-1.0012326,57.39839172363281
1749651034586,LEFT_HIP,0.23867905,-0.32213038,-0.79511255,42.63485336303711
1749651034586,RIGHT_HIP,0.065108255,-0.33726275,-0.82257676,51.73192596435547
1749651034620,PELVIS,0.15118816,-0.32195485,-0.788449,57.74077224731445
1749651034620,SPINE_1,0.1505625,-0.24559276,-0.809312,80.78843688964844
1749651034620,SPINE_2,0.15303902,-0.16329399,-0.8224728,86.06977081298828
1749651034620,SPINE_3,0.15829799,-0.08192693,-0.85059154,94.87105560302734
1749651034620,NECK,0.15924981,0.0071986467,-0.87068045,97.32972717285156
1749651034620,LEFT_CLAVICLE,0.23671444,0.012779683,-0.8949294,97.66606903076172
1749651034620,RIGHT_CLAVICLE,0.09805595,0.003746301,-0.95910245,98.04249572753906
1749651034620,LEFT_SHOULDER,0.29907826,0.016294375,-0.86807007,95.066162109375
1749651034620,RIGHT_SHOULDER,0.020922251,-0.00218454,-0.9817353,96.27780151367188
1749651034620,LEFT_ELBOW,0.35135627,-0.2154352,-0.82099074,92.7650375366211
1749651034620,RIGHT_ELBOW,-0.03352939,-0.2697186,-1.0375448,95.70491790771484
1749651034620,LEFT_WRIST,nan,nan,nan,nan
1749651034620,RIGHT_WRIST,-0.072283715,-0.39915246,-0.9982507,60.29334259033203
1749651034620,LEFT_HIP,0.23845883,-0.3225215,-0.7964738,43.14528274536133
1749651034620,RIGHT_HIP,0.06529867,-0.33723778,-0.8223823,52.214805603027344
1749651034654,PELVIS,0.15156734,-0.32184428,-0.78864354,57.46186447143555
1749651034654,SPINE_1,0.15058792,-0.2454215,-0.80938333,80.62110137939453
1749651034654,SPINE_2,0.15303317,-0.16310492,-0.82244885,85.92487335205078
1749651034654,SPINE_3,0.1582139,-0.08322126,-0.8501019,94.78190612792969
1749651034654,NECK,0.15991108,0.0067214817,-0.8703568,97.20584106445312
1749651034654,LEFT_CLAVICLE,0.23648821,0.011272654,-0.8939633,97.52462768554688
1749651034654,RIGHT_CLAVICLE,0.09787665,0.0020723045,-0.9572873,97.98329162597656
1749651034654,LEFT_SHOULDER,0.29933324,0.016252622,-0.86860096,94.7389144897461
1749651034654,RIGHT_SHOULDER,0.02241143,-0.0032129288,-0.9831407,96.21287536621094
1749651034654,LEFT_ELBOW,0.35140398,-0.2157476,-0.8205821,90.14725494384766
1749651034654,RIGHT_ELBOW,-0.03346101,-0.26860303,-1.0365453,95.9121322631836
1749651034654,LEFT_WRIST,nan,nan,nan,nan
1749651034654,RIGHT_WRIST,-0.07239673,-0.4001734,-0.999259,61.32914352416992
1749651034654,LEFT_HIP,0.23882362,-0.32325238,-0.7978664,42.15355682373047
1749651034654,RIGHT_HIP,0.06577335,-0.33716094,-0.82316816,52.60654830932617
1749651034687,PELVIS,0.14938383,-0.32187945,-0.7885088,57.588924407958984
1749651034687,SPINE_1,0.1505992,-0.24548866,-0.80935746,80.6407699584961
1749651034687,SPINE_2,0.15302375,-0.16316198,-0.8223687,85.870361328125
1749651034687,SPINE_3,0.15815994,-0.08411854,-0.8498345,94.69354248046875
1749651034687,NECK,0.1600039,0.005964458,-0.86898124,97.00558471679688
1749651034687,LEFT_CLAVICLE,0.236314,0.01019381,-0.893355,97.32050323486328
1749651034687,RIGHT_CLAVICLE,0.097748265,0.0008839816,-0.956228,97.8631591796875
1749651034687,LEFT_SHOULDER,0.30009893,0.015578628,-0.8692706,94.29071807861328
1749651034687,RIGHT_SHOULDER,0.022519013,-0.0041433126,-0.9859862,96.03011322021484
1749651034687,LEFT_ELBOW,0.35138702,-0.21577425,-0.8199795,89.60224914550781
1749651034687,RIGHT_ELBOW,-0.033647675,-0.26882622,-1.0334878,95.85118865966797
1749651034687,LEFT_WRIST,nan,nan,nan,nan
1749651034687,RIGHT_WRIST,-0.07446028,-0.40250194,-0.99976534,61.130428314208984
1749651034687,LEFT_HIP,0.23862693,-0.32334372,-0.79882896,44.01969528198242
1749651034687,RIGHT_HIP,0.06523265,-0.33711582,-0.8238946,51.10526657104492
1749651034720,PELVIS,0.14783053,-0.3218458,-0.78837144,58.64777374267578
1749651034720,SPINE_1,0.15060581,-0.2454871,-0.8093184,81.32658386230469
1749651034720,SPINE_2,0.15301368,-0.16315638,-0.8222995,86.5328140258789
1749651034720,SPINE_3,0.15824433,-0.08227397,-0.8505084,95.1527328491211
1749651034720,NECK,0.16035244,0.006550148,-0.8687583,97.71917724609375
1749651034720,LEFT_CLAVICLE,0.23653564,0.012114748,-0.89460725,98.02879333496094
1749651034720,RIGHT_CLAVICLE,0.09764483,0.00032630563,-0.95561445,98.30842590332031
1749651034720,LEFT_SHOULDER,0.30041188,0.016095906,-0.86898136,95.8367691040039
1749651034720,RIGHT_SHOULDER,0.02306517,-0.0034040809,-0.9888934,96.74136352539062
1749651034720,LEFT_ELBOW,0.35162255,-0.21669397,-0.8196329,92.0167236328125
1749651034720,RIGHT_ELBOW,-0.03372602,-0.26964602,-1.034055,95.95075225830078
1749651034720,LEFT_WRIST,nan,nan,nan,nan
1749651034720,RIGHT_WRIST,-0.07535665,-0.40517122,-1.0059361,60.369991302490234
1749651034720,LEFT_HIP,0.23879799,-0.3239089,-0.7996639,43.68111038208008
1749651034720,RIGHT_HIP,0.06470843,-0.337237,-0.8238987,53.440521240234375
1749651034754,PELVIS,0.14686942,-0.32184604,-0.78829294,57.27583312988281
1749651034754,SPINE_1,0.1506025,-0.24549554,-0.80925786,80.71371459960938
1749651034754,SPINE_2,0.15300311,-0.16316742,-0.8222353,86.2623062133789
1749651034754,SPINE_3,0.15818715,-0.083126426,-0.85017073,95.18488311767578
1749651034754,NECK,0.16048086,0.006219566,-0.86776996,98.04534912109375
1749651034754,LEFT_CLAVICLE,0.23636657,0.0111230165,-0.89395595,98.34098815917969
1749651034754,RIGHT_CLAVICLE,0.09758417,0.0001321137,-0.9553821,98.52204895019531
1749651034754,LEFT_SHOULDER,0.30107263,0.01591286,-0.86934197,96.51542663574219
1749651034754,RIGHT_SHOULDER,0.02318867,-0.0039334595,-0.99090374,97.10364532470703
1749651034754,LEFT_ELBOW,0.3518755,-0.2174435,-0.81939685,91.43182373046875
1749651034754,RIGHT_ELBOW,-0.03363822,-0.26910657,-1.032174,96.11416625976562
1749651034754,LEFT_WRIST,nan,nan,nan,nan
1749651034754,RIGHT_WRIST,-0.075850904,-0.40367824,-1.0050929,60.133296966552734
1749651034754,LEFT_HIP,0.23898685,-0.32442707,-0.7998369,41.87614822387695
1749651034754,RIGHT_HIP,0.0642268,-0.33731937,-0.8237771,52.51224136352539
1749651034787,PELVIS,0.14635795,-0.32185322,-0.7882203,59.189666748046875
1749651034787,SPINE_1,0.15058815,-0.24550816,-0.80918795,81.62433624267578
1749651034787,SPINE_2,0.15300867,-0.16320542,-0.8222843,86.7616195678711
1749651034787,SPINE_3,0.1582627,-0.08148196,-0.85066605,95.2701644897461
1749651034787,NECK,0.16084927,0.0064551234,-0.86953676,97.85149383544922
1749651034787,LEFT_CLAVICLE,0.23624714,0.010442659,-0.89347595,98.1518783569336
1749651034787,RIGHT_CLAVICLE,0.097568765,0.00014819205,-0.9554266,98.39871215820312
1749651034787,LEFT_SHOULDER,0.30125368,0.015988871,-0.86880827,96.09983825683594
1749651034787,RIGHT_SHOULDER,0.023079133,-0.0035117716,-0.98955023,96.89968872070312
1749651034787,LEFT_ELBOW,0.3518889,-0.21630143,-0.8200962,93.23568725585938
1749651034787,RIGHT_ELBOW,-0.03312823,-0.267144,-1.0345812,96.09019470214844
1749651034787,LEFT_WRIST,nan,nan,nan,nan
1749651034787,RIGHT_WRIST,-0.07511701,-0.40185302,-1.0025383,63.58396530151367
1749651034787,LEFT_HIP,0.237714,-0.3226477,-0.79619664,44.2354621887207
1749651034787,RIGHT_HIP,0.06325218,-0.33587682,-0.82075256,53.96120071411133
1749651034821,PELVIS,0.14617293,-0.32182878,-0.7881574,53.3289680480957
1749651034821,SPINE_1,0.15058051,-0.24549226,-0.80913615,78.69396209716797
1749651034821,SPINE_2,0.15302683,-0.1632251,-0.8224032,84.9908218383789
1749651034821,SPINE_3,0.15821442,-0.08256286,-0.850334,94.75164794921875
1749651034821,NECK,0.1621081,0.006052673,-0.87679714,97.92911529541016
1749651034821,LEFT_CLAVICLE,0.23616196,0.01007618,-0.8932048,98.2313003540039
1749651034821,RIGHT_CLAVICLE,0.09756886,0.00028982759,-0.95564085,98.4444580078125
1749651034821,LEFT_SHOULDER,0.30172426,0.015477717,-0.8691675,96.27799987792969
1749651034821,RIGHT_SHOULDER,0.022975007,-0.0039474964,-0.9912058,96.96945190429688
1749651034821,LEFT_ELBOW,0.35159597,-0.2165302,-0.8198846,91.86793518066406
1749651034821,RIGHT_ELBOW,-0.033483017,-0.26786357,-1.0324926,93.8736572265625
1749651034821,LEFT_WRIST,nan,nan,nan,nan
1749651034821,RIGHT_WRIST,-0.074030034,-0.40356785,-1.0066112,61.42736053466797
1749651034821,LEFT_HIP,nan,nan,nan,nan
1749651034821,RIGHT_HIP,0.061094955,-0.33663678,-0.82160646,47.63750076293945
1749651034854,PELVIS,0.14614336,-0.32185376,-0.7881456,59.02158737182617
1749651034854,SPINE_1,0.15055029,-0.24550727,-0.8090727,81.58145904541016
1749651034854,SPINE_2,0.15303466,-0.16327138,-0.8224616,86.79707336425781
1749651034854,SPINE_3,0.15819086,-0.08338257,-0.8500933,95.34750366210938
1749651034854,NECK,0.16187109,0.0058812797,-0.8741432,98.03971099853516
1749651034854,LEFT_CLAVICLE,0.23614885,0.00985904,-0.8930881,98.3401870727539
1749651034854,RIGHT_CLAVICLE,0.09761174,0.00042784214,-0.95583236,98.51380920410156
1749651034854,LEFT_SHOULDER,0.30197698,0.015154585,-0.86938506,96.51856994628906
1749651034854,RIGHT_SHOULDER,0.02297242,-0.003942132,-0.99259543,97.08255767822266
1749651034854,LEFT_ELBOW,0.35149333,-0.21647102,-0.81975126,93.77336120605469
1749651034854,RIGHT_ELBOW,-0.03339133,-0.26759505,-1.0363483,96.32732391357422
1749651034854,LEFT_WRIST,nan,nan,nan,nan
1749651034854,RIGHT_WRIST,-0.07220131,-0.4016959,-1.0015754,61.60878372192383
1749651034854,LEFT_HIP,0.23780666,-0.3224161,-0.796966,44.04630661010742
1749651034854,RIGHT_HIP,0.062293667,-0.33641443,-0.8219202,53.81515121459961
1749651034888,PELVIS,0.14623831,-0.32187927,-0.78812516,54.41338348388672
1749651034888,SPINE_1,0.15054546,-0.24553251,-0.80904084,79.2559814453125
1749651034888,SPINE_2,0.15304351,-0.16331673,-0.82249695,85.3465576171875
1749651034888,SPINE_3,0.15816848,-0.08392267,-0.8499736,94.87725067138672
1749651034888,NECK,0.16174342,0.005684346,-0.87355655,97.97354125976562
1749651034888,LEFT_CLAVICLE,0.2361266,0.009780899,-0.8930633,98.26996612548828
1749651034888,RIGHT_CLAVICLE,0.09762388,0.0005283952,-0.95597386,98.47734832763672
1749651034888,LEFT_SHOULDER,0.30184194,0.0149991065,-0.869562,96.35809326171875
1749651034888,RIGHT_SHOULDER,0.023107663,-0.004229814,-0.9990893,97.03118896484375
1749651034888,LEFT_ELBOW,0.3517187,-0.21637069,-0.81961495,93.28851318359375
1749651034888,RIGHT_ELBOW,-0.032733668,-0.26429468,-1.0227745,96.47441101074219
1749651034888,LEFT_WRIST,nan,nan,nan,nan
1749651034888,RIGHT_WRIST,-0.0706743,-0.40249142,-1.004824,62.39683151245117
1749651034888,LEFT_HIP,0.23805521,-0.32321647,-0.79785824,41.28253936767578
1749651034888,RIGHT_HIP,0.06082156,-0.3358444,-0.8181434,47.70432662963867
1749651034921,PELVIS,0.148649,-0.32185197,-0.7882012,57.409542083740234
1749651034921,SPINE_1,0.15054378,-0.24546108,-0.8089951,80.84342193603516
1749651034921,SPINE_2,0.15316188,-0.16559877,-0.82320464,86.43716430664062
1749651034921,SPINE_3,0.15815826,-0.08413895,-0.8499839,95.33940887451172
1749651034921,NECK,0.16109134,0.0057077557,-0.8708751,98.32958984375
1749651034921,LEFT_CLAVICLE,0.23610424,0.00987792,-0.8930687,98.61509704589844
1749651034921,RIGHT_CLAVICLE,0.097629346,0.0006914288,-0.9561488,98.70552062988281
1749651034921,LEFT_SHOULDER,0.30148786,0.015114307,-0.8703691,97.1182632446289
1749651034921,RIGHT_SHOULDER,0.023362495,-0.0042910576,-1.0067526,97.41310119628906
1749651034921,LEFT_ELBOW,0.3517871,-0.21600837,-0.81948113,92.37642669677734
1749651034921,RIGHT_ELBOW,-0.031937398,-0.26264894,-1.0198612,96.67193603515625
1749651034921,LEFT_WRIST,nan,nan,nan,nan
1749651034921,RIGHT_WRIST,-0.06996113,-0.40492493,-1.0090634,59.72911834716797
1749651034921,LEFT_HIP,0.23851795,-0.32384747,-0.7977144,41.963993072509766
1749651034921,RIGHT_HIP,0.062398132,-0.33674806,-0.8195069,52.68263244628906
1749651034954,PELVIS,0.14798029,-0.32179177,-0.78828716,59.53190231323242
1749651034954,SPINE_1,0.15052,-0.2453677,-0.8089519,81.744140625
1749651034954,SPINE_2,0.15312733,-0.16473758,-0.8229655,86.75948333740234
1749651034954,SPINE_3,0.15817173,-0.08417396,-0.85004747,95.1871566772461
1749651034954,NECK,0.16080448,0.0058292598,-0.8696183,97.61819458007812
1749651034954,LEFT_CLAVICLE,0.23614042,0.01001209,-0.89314383,97.92532348632812
1749651034954,RIGHT_CLAVICLE,0.0976632,0.00086021423,-0.9562128,98.2488784790039
1749651034954,LEFT_SHOULDER,0.30139133,0.015083745,-0.8701095,95.60578155517578
1749651034954,RIGHT_SHOULDER,0.02322608,-0.0039524585,-1.0036564,96.65108489990234
1749651034954,LEFT_ELBOW,0.35190222,-0.21690074,-0.8194231,92.97298431396484
1749651034954,RIGHT_ELBOW,-0.031145087,-0.2589993,-1.0194367,96.57296752929688
1749651034954,LEFT_WRIST,nan,nan,nan,nan
1749651034954,RIGHT_WRIST,-0.06858544,-0.40226042,-1.0070934,66.23521423339844
1749651034954,LEFT_HIP,0.23770182,-0.32169637,-0.7949697,45.17361068725586
1749651034954,RIGHT_HIP,0.063015215,-0.3376807,-0.820845,53.745574951171875
1749651034988,PELVIS,0.14742967,-0.3218623,-0.7883278,55.750511169433594
1749651034988,SPINE_1,0.1505163,-0.24541731,-0.8089306,79.84919738769531
1749651034988,SPINE_2,0.15310289,-0.16413477,-0.8227769,85.58494567871094
1749651034988,SPINE_3,0.1581775,-0.084242314,-0.8500827,94.8205337524414
1749651034988,NECK,0.16123712,0.005915135,-0.8711208,97.609619140625
1749651034988,LEFT_CLAVICLE,0.23615846,0.010014996,-0.893202,97.91643524169922
1749651034988,RIGHT_CLAVICLE,0.0976754,0.0008377433,-0.95624626,98.2439193725586
1749651034988,LEFT_SHOULDER,0.3013883,0.015107408,-0.86984295,95.58586883544922
1749651034988,RIGHT_SHOULDER,0.023426615,-0.003760025,-0.98890555,96.64374542236328
1749651034988,LEFT_ELBOW,0.35206595,-0.21761778,-0.8193691,93.63438415527344
1749651034988,RIGHT_ELBOW,-0.031191288,-0.26147482,-1.0251029,96.35486602783203
1749651034988,LEFT_WRIST,nan,nan,nan,nan
1749651034988,RIGHT_WRIST,-0.06882426,-0.40458107,-1.0099431,59.27766418457031
1749651034988,LEFT_HIP,0.23746738,-0.32238534,-0.7965126,42.6347541809082
1749651034988,RIGHT_HIP,0.060465448,-0.33661652,-0.8170587,48.929351806640625
1749651035021,PELVIS,0.1470404,-0.32182842,-0.7884164,58.54454040527344
1749651035021,SPINE_1,0.15051815,-0.24535114,-0.8089345,81.28836059570312
1749651035021,SPINE_2,0.15309142,-0.1635993,-0.8227067,86.52918243408203
1749651035021,SPINE_3,0.15827234,-0.08190199,-0.85071963,95.17308807373047
1749651035021,NECK,0.16080722,0.0063919723,-0.8696743,97.7798843383789
1749651035021,LEFT_CLAVICLE,0.23616165,0.010139167,-0.89322394,98.08731842041016
1749651035021,RIGHT_CLAVICLE,0.09767814,0.0009252429,-0.95629877,98.34783935546875
1749651035021,LEFT_SHOULDER,0.30149195,0.015620008,-0.87101936,95.9639892578125
1749651035021,RIGHT_SHOULDER,0.023284612,-0.0032096803,-0.98884624,96.80742645263672
1749651035021,LEFT_ELBOW,0.35168976,-0.21776082,-0.81927943,92.89241790771484
1749651035021,RIGHT_ELBOW,-0.030508406,-0.25848636,-1.0278925,96.21149444580078
1749651035021,LEFT_WRIST,nan,nan,nan,nan
1749651035021,RIGHT_WRIST,-0.06847849,-0.40230495,-1.0067738,61.93867874145508
1749651035021,LEFT_HIP,0.23752797,-0.3224784,-0.7977008,42.818111419677734
1749651035021,RIGHT_HIP,0.061872046,-0.33638874,-0.8196015,54.03891372680664
1749651035055,PELVIS,0.14679278,-0.32187057,-0.788425,46.79558181762695
1749651035055,SPINE_1,0.15052697,-0.2453866,-0.80895144,75.28302001953125
1749651035055,SPINE_2,0.153086,-0.16333082,-0.82267034,82.92638397216797
1749651035055,SPINE_3,0.15826395,-0.082648,-0.85061526,94.07909393310547
1749651035055,NECK,0.16439502,0.006056577,-0.8896866,97.8310317993164
1749651035055,LEFT_CLAVICLE,0.23615268,0.010148168,-0.8931947,98.14962768554688
1749651035055,RIGHT_CLAVICLE,0.09768447,0.0008903593,-0.9564225,98.36814880371094
1749651035055,LEFT_SHOULDER,0.30180869,0.014997706,-0.8706059,96.11346435546875
1749651035055,RIGHT_SHOULDER,0.023326695,-0.0030956715,-0.99162906,96.8213882446289
1749651035055,LEFT_ELBOW,0.35156065,-0.21813619,-0.81855166,92.53710174560547
1749651035055,RIGHT_ELBOW,-0.030393593,-0.25679004,-1.0249898,96.38534545898438
1749651035055,LEFT_WRIST,nan,nan,nan,nan
1749651035055,RIGHT_WRIST,-0.06589997,-0.399427,-1.0009474,59.14902114868164
1749651035055,LEFT_HIP,nan,nan,nan,nan
1749651035055,RIGHT_HIP,nan,nan,nan,nan
1749651035088,PELVIS,0.14665139,-0.32193226,-0.7884282,59.248756408691406
1749651035088,SPINE_1,0.15053484,-0.24545377,-0.80900234,81.58773040771484
1749651035088,SPINE_2,0.154339,-0.1654557,-0.8311343,86.63751983642578
1749651035088,SPINE_3,0.15825847,-0.08329504,-0.8505131,95.12321472167969
1749651035088,NECK,0.16342564,0.0061409622,-0.88185257,97.54408264160156
1749651035088,LEFT_CLAVICLE,0.23616481,0.0101150125,-0.8932121,97.85962677001953
1749651035088,RIGHT_CLAVICLE,0.0977044,0.00082814693,-0.9565756,98.19501495361328
1749651035088,LEFT_SHOULDER,0.3014247,0.015251726,-0.8701053,95.46968078613281
1749651035088,RIGHT_SHOULDER,0.023881895,-0.0032724887,-0.99240005,96.55220794677734
1749651035088,LEFT_ELBOW,0.3518462,-0.21828556,-0.8189142,93.12151336669922
1749651035088,RIGHT_ELBOW,-0.029875645,-0.25591868,-1.0281647,96.21316528320312
1749651035088,LEFT_WRIST,nan,nan,nan,nan
1749651035088,RIGHT_WRIST,-0.06385994,-0.39703923,-0.9971065,62.93482971191406
1749651035088,LEFT_HIP,0.23717658,-0.32303464,-0.7985904,44.614112854003906
1749651035088,RIGHT_HIP,0.062371463,-0.3375786,-0.82226294,53.72298812866211
1749651035122,PELVIS,0.14658433,-0.32195246,-0.7884421,45.60505294799805
1749651035122,SPINE_1,0.15053967,-0.24548455,-0.8090705,74.48799896240234
1749651035122,SPINE_2,0.15402184,-0.16476344,-0.8282892,82.23749542236328
1749651035122,SPINE_3,0.1583551,-0.08149941,-0.8510838,93.63603210449219
1749651035122,NECK,0.16635664,0.005835414,-0.89749354,97.21005249023438
1749651035122,LEFT_CLAVICLE,0.2361888,0.0101109,-0.893251,97.53466796875
1749651035122,RIGHT_CLAVICLE,0.09772535,0.00081312656,-0.9566523,97.98016357421875
1749651035122,LEFT_SHOULDER,0.30126256,0.01586473,-0.8713805,94.76685333251953
1749651035122,RIGHT_SHOULDER,0.022711674,-0.0025152415,-0.9876419,96.19857788085938
1749651035122,LEFT_ELBOW,0.35191393,-0.21795693,-0.81907135,92.22486114501953
1749651035122,RIGHT_ELBOW,-0.029992314,-0.25890565,-1.0309137,95.32746887207031
1749651035122,LEFT_WRIST,nan,nan,nan,nan
1749651035122,RIGHT_WRIST,-0.064185634,-0.4011948,-1.0082523,61.00183868408203
1749651035122,LEFT_HIP,nan,nan,nan,nan
1749651035122,RIGHT_HIP,nan,nan,nan,nan
1749651035155,PELVIS,0.14659049,-0.32197082,-0.78846145,45.85085678100586
1749651035155,SPINE_1,0.15054315,-0.2454903,-0.80904746,75.21372985839844
1749651035155,SPINE_2,0.15376249,-0.16645993,-0.82608885,83.46578216552734
1749651035155,SPINE_3,0.15833214,-0.08254343,-0.8508933,94.8345718383789
1749651035155,NECK,0.16807018,0.0031471252,-0.90537584,99.43965911865234
1749651035155,LEFT_CLAVICLE,0.23619708,0.010111034,-0.8933137,99.33941650390625
1749651035155,RIGHT_CLAVICLE,0.10030771,-0.0017736405,-0.95493263,99.7613754272461
1749651035155,LEFT_SHOULDER,0.30101576,0.014356077,-0.87052333,98.37056732177734
1749651035155,RIGHT_SHOULDER,0.025843225,-0.0053647757,-0.9828252,99.76669311523438
1749651035155,LEFT_ELBOW,0.35190868,-0.21751454,-0.8193681,94.65616607666016
1749651035155,RIGHT_ELBOW,-0.030120792,-0.26059812,-1.0335796,97.95675659179688
1749651035155,LEFT_WRIST,nan,nan,nan,nan
1749651035155,RIGHT_WRIST,-0.063348606,-0.39818004,-1.003147,60.28617477416992
1749651035155,LEFT_HIP,nan,nan,nan,nan
1749651035155,RIGHT_HIP,nan,nan,nan,nan
1749651035188,PELVIS,0.14661048,-0.32199466,-0.78846395,46.666072845458984
1749651035188,SPINE_1,0.15054457,-0.24551426,-0.8090498,75.64630126953125
1749651035188,SPINE_2,0.15351944,-0.16751757,-0.8244048,83.72700500488281
1749651035188,SPINE_3,0.15833406,-0.083360136,-0.850869,94.924072265625
1749651035188,NECK,0.16910993,0.0014057606,-0.90939695,99.46853637695312
1749651035188,LEFT_CLAVICLE,0.23578726,0.0076809376,-0.8914672,99.38118743896484
1749651035188,RIGHT_CLAVICLE,0.10198753,-0.0034926236,-0.9536377,99.76620483398438
1749651035188,LEFT_SHOULDER,0.30061615,0.0130572915,-0.8703844,98.47953796386719
1749651035188,RIGHT_SHOULDER,0.027883533,-0.007049486,-0.9790135,99.75389862060547
1749651035188,LEFT_ELBOW,0.35191268,-0.21730344,-0.81972694,95.62383270263672
1749651035188,RIGHT_ELBOW,-0.030609198,-0.2631795,-1.0345613,98.12812805175781
1749651035188,LEFT_WRIST,nan,nan,nan,nan
1749651035188,RIGHT_WRIST,-0.0649275,-0.3969088,-0.99976057,64.1860580444336
1749651035188,LEFT_HIP,nan,nan,nan,nan
1749651035188,RIGHT_HIP,nan,nan,nan,nan
1749651035222,PELVIS,0.14664951,-0.32186815,-0.7885,46.45233154296875
1749651035222,SPINE_1,0.150411,-0.2473312,-0.8081513,75.52989959716797
1749651035222,SPINE_2,0.15331444,-0.16791166,-0.8232773,83.6523666381836
1749651035222,SPINE_3,0.15833685,-0.083758265,-0.8509135,94.89437103271484
1749651035222,NECK,0.16964294,0.00058349967,-0.91093963,99.44898223876953
1749651035222,LEFT_CLAVICLE,0.23589654,0.00863938,-0.8921384,99.35301208496094
1749651035222,RIGHT_CLAVICLE,0.10293707,-0.004315093,-0.95305353,99.76282501220703
1749651035222,LEFT_SHOULDER,0.30061108,0.012791067,-0.8696824,98.40612030029297
1749651035222,RIGHT_SHOULDER,0.028784592,-0.0078933835,-0.97882724,99.76219177246094
1749651035222,LEFT_ELBOW,0.35230753,-0.21719453,-0.8197344,95.52400970458984
1749651035222,RIGHT_ELBOW,-0.03070885,-0.26555058,-1.037068,97.96875762939453
1749651035222,LEFT_WRIST,nan,nan,nan,nan
1749651035222,RIGHT_WRIST,-0.06443548,-0.39560887,-0.9965381,58.79911804199219
1749651035222,LEFT_HIP,nan,nan,nan,nan
1749651035222,RIGHT_HIP,nan,nan,nan,nan
1749651035255,PELVIS,0.14666466,-0.32193702,-0.78845495,46.62617492675781
1749651035255,SPINE_1,0.15045166,-0.24674642,-0.80852824,75.19134521484375
1749651035255,SPINE_2,0.15318322,-0.16597664,-0.8227797,82.8693618774414
1749651035255,SPINE_3,0.15835615,-0.084148735,-0.8510057,94.05809783935547
1749651035255,NECK,0.17022935,0.0025372058,-0.9135154,97.82180786132812
1749651035255,LEFT_CLAVICLE,0.23601584,0.00923726,-0.8927032,98.13700866699219
1749651035255,RIGHT_CLAVICLE,0.103443585,-0.002274707,-0.95373046,98.36585998535156
1749651035255,LEFT_SHOULDER,0.30067247,0.013712868,-0.8692632,96.0820083618164
1749651035255,RIGHT_SHOULDER,0.027162861,-0.005449727,-0.9737365,96.82331848144531
1749651035255,LEFT_ELBOW,0.35225713,-0.217349,-0.8196466,94.62214660644531
1749651035255,RIGHT_ELBOW,-0.031711582,-0.26803103,-1.0401987,95.04352569580078
1749651035255,LEFT_WRIST,nan,nan,nan,nan
1749651035255,RIGHT_WRIST,-0.0661658,-0.39627114,-0.99805295,57.25728988647461
1749651035255,LEFT_HIP,nan,nan,nan,nan
1749651035255,RIGHT_HIP,nan,nan,nan,nan
1749651035289,PELVIS,0.14668953,-0.32188118,-0.7884454,46.117679595947266
1749651035289,SPINE_1,0.15049917,-0.24614891,-0.8088733,74.93684387207031
1749651035289,SPINE_2,0.15309134,-0.164443,-0.82252663,82.73917388916016
1749651035289,SPINE_3,0.15849985,-0.08202314,-0.85195094,94.03707885742188
1749651035289,NECK,0.16825847,0.0066133887,-0.91718274,97.873779296875
1749651035289,LEFT_CLAVICLE,0.23609966,0.0097910315,-0.8931012,98.18254852294922
1749651035289,RIGHT_CLAVICLE,0.10112921,0.001944825,-0.9574569,98.404052734375
1749651035289,LEFT_SHOULDER,0.30070567,0.015073046,-0.869222,96.17646026611328
1749651035289,RIGHT_SHOULDER,0.02365378,-0.0030660182,-0.98953503,96.89446258544922
1749651035289,LEFT_ELBOW,0.35185248,-0.21624334,-0.8199744,93.3273696899414
1749651035289,RIGHT_ELBOW,-0.03152901,-0.26570028,-1.0375485,94.43025970458984
1749651035289,LEFT_WRIST,nan,nan,nan,nan
1749651035289,RIGHT_WRIST,-0.0677005,-0.39699864,-1.0034622,58.75504684448242
1749651035289,LEFT_HIP,nan,nan,nan,nan
1749651035289,RIGHT_HIP,nan,nan,nan,nan
1749651035322,PELVIS,0.13741867,-0.33500475,-0.7848031,35.73460006713867
1749651035322,SPINE_1,0.14300151,-0.25517184,-0.8043866,69.36172485351562
1749651035322,SPINE_2,0.14866076,-0.17256719,-0.82433337,79.60969543457031
1749651035322,SPINE_3,0.15624307,-0.08517779,-0.853028,93.12213897705078
1749651035322,NECK,0.16907819,0.006833926,-0.9162399,98.00617980957031
1749651035322,LEFT_CLAVICLE,0.23617455,0.010139406,-0.8933186,98.31095886230469
1749651035322,RIGHT_CLAVICLE,0.10194898,0.0021710247,-0.95686305,98.4890365600586
1749651035322,LEFT_SHOULDER,0.30101597,0.015934095,-0.87082005,96.45785522460938
1749651035322,RIGHT_SHOULDER,0.024230696,-0.0018419474,-0.9930986,97.03607177734375
1749651035322,LEFT_ELBOW,0.35138133,-0.21627451,-0.81949705,94.012451171875
1749651035322,RIGHT_ELBOW,-0.028246509,-0.2657029,-1.0326024,94.14134216308594
1749651035322,LEFT_WRIST,nan,nan,nan,nan
1749651035322,RIGHT_WRIST,-0.070481874,-0.39929014,-1.0023379,59.11746597290039
1749651035322,LEFT_HIP,nan,nan,nan,nan
1749651035322,RIGHT_HIP,nan,nan,nan,nan
1749651035356,PELVIS,0.14052658,-0.3304619,-0.7861833,47.08705520629883
1749651035356,SPINE_1,0.14551008,-0.2516419,-0.806157,75.46842193603516
1749651035356,SPINE_2,0.15013982,-0.16896902,-0.82365215,83.07894134521484
1749651035356,SPINE_3,0.15711574,-0.08276215,-0.8531874,94.17115783691406
1749651035356,NECK,0.16958869,0.0067156553,-0.9148682,97.95333862304688
1749651035356,LEFT_CLAVICLE,0.23621821,0.0103203505,-0.8934976,98.27206420898438
1749651035356,RIGHT_CLAVICLE,0.10251465,0.0020326525,-0.95632505,98.44287872314453
1749651035356,LEFT_SHOULDER,0.30112264,0.01581794,-0.8716127,96.38550567626953
1749651035356,RIGHT_SHOULDER,0.024599282,-0.0011726022,-0.99501115,96.93975830078125
1749651035356,LEFT_ELBOW,0.35114577,-0.21638718,-0.8192422,95.18455505371094
1749651035356,RIGHT_ELBOW,-0.030170817,-0.26619005,-1.0331933,94.8675308227539
1749651035356,LEFT_WRIST,nan,nan,nan,nan
1749651035356,RIGHT_WRIST,-0.07222104,-0.40064752,-0.9994412,58.96299362182617
1749651035356,LEFT_HIP,nan,nan,nan,nan
1749651035356,RIGHT_HIP,nan,nan,nan,nan
1749651035389,PELVIS,0.14317778,-0.3267678,-0.78735733,46.30991744995117
1749651035389,SPINE_1,0.14765273,-0.24887009,-0.80759466,75.06117248535156
1749651035389,SPINE_2,0.15140145,-0.1662901,-0.82316184,82.84288024902344
1749651035389,SPINE_3,0.15772738,-0.08338932,-0.85245156,94.10086822509766
1749651035389,NECK,0.16989714,0.006335035,-0.91371435,97.96002960205078
1749651035389,LEFT_CLAVICLE,0.23626427,0.010256678,-0.8935895,98.27790069580078
1749651035389,RIGHT_CLAVICLE,0.10288396,0.0016307235,-0.9558891,98.44780731201172
1749651035389,LEFT_SHOULDER,0.30067182,0.015625477,-0.8719537,96.39764404296875
1749651035389,RIGHT_SHOULDER,0.02515814,-0.0012116879,-0.99597704,96.94898986816406
1749651035389,LEFT_ELBOW,0.3514716,-0.21737534,-0.8181792,95.52793884277344
1749651035389,RIGHT_ELBOW,-0.031136777,-0.26617417,-1.0331923,96.17057800292969
1749651035389,LEFT_WRIST,nan,nan,nan,nan
1749651035389,RIGHT_WRIST,-0.07436146,-0.39998332,-0.9978637,56.937591552734375
1749651035389,LEFT_HIP,nan,nan,nan,nan
1749651035389,RIGHT_HIP,nan,nan,nan,nan
1749651035423,PELVIS,0.14510024,-0.32407767,-0.7881525,44.38227844238281
1749651035423,SPINE_1,0.1492257,-0.24688622,-0.8086202,74.0611572265625
1749651035423,SPINE_2,0.1523228,-0.16441193,-0.82287276,82.2889175415039
1749651035423,SPINE_3,0.15828742,-0.08157163,-0.85274637,93.9585952758789
1749651035423,NECK,0.16770683,0.00605835,-0.9148139,98.03670501708984
1749651035423,LEFT_CLAVICLE,0.23629422,0.01023984,-0.89362204,98.3442611694336
1749651035423,RIGHT_CLAVICLE,0.100613505,0.0039040148,-0.95865923,98.50493621826172
1749651035423,LEFT_SHOULDER,0.30065525,0.01596722,-0.87245125,96.53488159179688
1749651035423,RIGHT_SHOULDER,0.023187656,-0.0010494143,-0.9957898,97.05680084228516
1749651035423,LEFT_ELBOW,0.35186002,-0.2177797,-0.81830776,93.00506591796875
1749651035423,RIGHT_ELBOW,-0.03170276,-0.26693124,-1.0320493,95.14146423339844
1749651035423,LEFT_WRIST,nan,nan,nan,nan
1749651035423,RIGHT_WRIST,-0.07365455,-0.4010548,-0.9968107,57.0915412902832
1749651035423,LEFT_HIP,nan,nan,nan,nan
1749651035423,RIGHT_HIP,nan,nan,nan,nan
1749651035456,PELVIS,0.14634536,-0.32238126,-0.7885901,46.56204605102539
1749651035456,SPINE_1,0.15024808,-0.24566162,-0.8092084,75.20537567138672
1749651035456,SPINE_2,0.15293896,-0.16330418,-0.8228836,82.94266510009766
1749651035456,SPINE_3,0.15865554,-0.08035669,-0.8530479,94.14745330810547
1749651035456,NECK,0.16852513,0.005843863,-0.9136297,98.0030288696289
1749651035456,LEFT_CLAVICLE,0.23628996,0.010232255,-0.89359415,98.31670379638672
1749651035456,RIGHT_CLAVICLE,0.1015315,0.0028010309,-0.9573971,98.478271484375
1749651035456,LEFT_SHOULDER,0.30076617,0.015773103,-0.872469,96.47972869873047
1749651035456,RIGHT_SHOULDER,0.024294147,-0.0015713722,-0.9934809,97.00430297851562
1749651035456,LEFT_ELBOW,0.3515536,-0.21666624,-0.81865263,93.54993438720703
1749651035456,RIGHT_ELBOW,-0.032252014,-0.267325,-1.0328883,96.29849243164062
1749651035456,LEFT_WRIST,nan,nan,nan,nan
1749651035456,RIGHT_WRIST,-0.07418355,-0.40266693,-0.99615544,58.74066162109375
1749651035456,LEFT_HIP,nan,nan,nan,nan
1749651035456,RIGHT_HIP,nan,nan,nan,nan
1749651035490,PELVIS,0.14702056,-0.32162076,-0.788699,44.462154388427734
1749651035490,SPINE_1,0.15079881,-0.24517056,-0.80936867,74.07259368896484
1749651035490,SPINE_2,0.15329713,-0.16294026,-0.82304066,82.25409698486328
1749651035490,SPINE_3,0.15870708,-0.08203435,-0.8522569,93.90567016601562
1749651035490,NECK,0.16912979,0.00553149,-0.9126911,97.92292785644531
1749651035490,LEFT_CLAVICLE,0.23629986,0.0100590885,-0.893646,98.23188781738281
1749651035490,RIGHT_CLAVICLE,0.09955959,0.0017383695,-0.9571845,98.43396759033203
1749651035490,LEFT_SHOULDER,0.3008351,0.0155097395,-0.8711897,96.28620910644531
1749651035490,RIGHT_SHOULDER,0.024357595,-0.0025626123,-0.9938785,96.94165802001953
1749651035490,LEFT_ELBOW,0.35195878,-0.21728605,-0.8188936,91.26494598388672
1749651035490,RIGHT_ELBOW,-0.032558676,-0.268273,-1.032929,96.11910247802734
1749651035490,LEFT_WRIST,nan,nan,nan,nan
1749651035490,RIGHT_WRIST,-0.07428923,-0.40404674,-0.99735355,55.91537857055664
1749651035490,LEFT_HIP,nan,nan,nan,nan
1749651035490,RIGHT_HIP,nan,nan,nan,nan
1749651035523,PELVIS,0.14728998,-0.32113522,-0.78871083,46.478553771972656
1749651035523,SPINE_1,0.15103672,-0.24483883,-0.80949134,75.17610168457031
1749651035523,SPINE_2,0.15344064,-0.16265903,-0.8231194,82.94552612304688
1749651035523,SPINE_3,0.1588607,-0.08085257,-0.8528822,94.1688003540039
1749651035523,NECK,0.16952987,0.0055801272,-0.9121354,98.05860900878906
1749651035523,LEFT_CLAVICLE,0.23629618,0.010178849,-0.8936252,98.36441802978516
1749651035523,RIGHT_CLAVICLE,0.1009433,0.0012586117,-0.9562148,98.52005004882812
1749651035523,LEFT_SHOULDER,0.30118817,0.015692055,-0.8706933,96.57804107666016
1749651035523,RIGHT_SHOULDER,0.024822855,-0.0021388233,-0.98874897,97.0837173461914
1749651035523,LEFT_ELBOW,0.35225558,-0.21684264,-0.8191112,92.98021697998047
1749651035523,RIGHT_ELBOW,-0.033251904,-0.26887465,-1.0325168,95.61372375488281
1749651035523,LEFT_WRIST,nan,nan,nan,nan
1749651035523,RIGHT_WRIST,-0.07501199,-0.40612918,-1.0037048,57.54835510253906
1749651035523,LEFT_HIP,nan,nan,nan,nan
1749651035523,RIGHT_HIP,nan,nan,nan,nan
1749651035557,PELVIS,0.14732814,-0.32111004,-0.78865486,45.13916778564453
1749651035557,SPINE_1,0.15108536,-0.2448754,-0.80953014,74.47215270996094
1749651035557,SPINE_2,0.15343326,-0.16267785,-0.8229681,82.53978729248047
1749651035557,SPINE_3,0.15878505,-0.08237361,-0.8523866,94.04853820800781
1749651035557,NECK,0.16975743,0.0055386126,-0.9119174,98.07109069824219
1749651035557,LEFT_CLAVICLE,0.23627123,0.010170177,-0.8935421,98.3778076171875
1749651035557,RIGHT_CLAVICLE,0.1019758,0.0008761883,-0.9556069,98.52677917480469
1749651035557,LEFT_SHOULDER,0.30144897,0.015383348,-0.8703365,96.60882568359375
1749651035557,RIGHT_SHOULDER,0.024708075,-0.0024575442,-0.9909502,97.09292602539062
1749651035557,LEFT_ELBOW,0.3527129,-0.21797705,-0.8185729,93.34349822998047
1749651035557,RIGHT_ELBOW,-0.033014216,-0.2683675,-1.0338402,96.05834197998047
1749651035557,LEFT_WRIST,nan,nan,nan,nan
1749651035557,RIGHT_WRIST,-0.07313219,-0.4026854,-0.99893445,56.713802337646484
1749651035557,LEFT_HIP,nan,nan,nan,nan
1749651035557,RIGHT_HIP,nan,nan,nan,nan
1749651035590,PELVIS,0.14302912,-0.3302142,-0.7900528,36.68519592285156
1749651035590,SPINE_1,0.14790389,-0.25217968,-0.8040499,69.90424346923828
1749651035590,SPINE_2,0.15144645,-0.16986914,-0.8254675,79.9346923828125
1749651035590,SPINE_3,0.1584656,-0.0856113,-0.85057664,93.24439239501953
1749651035590,NECK,0.169856,0.0055071414,-0.91185826,98.06444549560547
1749651035590,LEFT_CLAVICLE,0.23628211,0.0101457685,-0.89361715,98.3657455444336
1749651035590,RIGHT_CLAVICLE,0.102649495,0.0006632358,-0.9552971,98.5280990600586
1749651035590,LEFT_SHOULDER,0.30188644,0.015114203,-0.86974573,96.57637786865234
1749651035590,RIGHT_SHOULDER,0.024824128,-0.0029073954,-0.99666387,97.10397338867188
1749651035590,LEFT_ELBOW,0.35267377,-0.21764085,-0.81895924,94.2313232421875
1749651035590,RIGHT_ELBOW,-0.03288558,-0.26728237,-1.0370578,96.28023529052734
1749651035590,LEFT_WRIST,nan,nan,nan,nan
1749651035590,RIGHT_WRIST,-0.07102757,-0.39930737,-0.9987974,60.73392105102539
1749651035590,LEFT_HIP,nan,nan,nan,nan
1749651035590,RIGHT_HIP,nan,nan,nan,nan
1749651035623,PELVIS,0.14432034,-0.32728487,-0.78951156,46.55800247192383
1749651035623,SPINE_1,0.14879821,-0.24977314,-0.80604684,75.19779205322266
1749651035623,SPINE_2,0.15203935,-0.16755584,-0.8244849,82.93080139160156
1749651035623,SPINE_3,0.15843065,-0.08542874,-0.850775,94.13619232177734
1749651035623,NECK,0.16988388,0.005601242,-0.9118872,97.98236846923828
1749651035623,LEFT_CLAVICLE,0.2362973,0.01022777,-0.8936669,98.28433990478516
1749651035623,RIGHT_CLAVICLE,0.103036605,0.0006926358,-0.95518047,98.47726440429688
1749651035623,LEFT_SHOULDER,0.30217916,0.01486522,-0.86969984,96.3957290649414
1749651035623,RIGHT_SHOULDER,0.024467096,-0.0032013059,-0.99668056,97.02195739746094
1749651035623,LEFT_ELBOW,0.3525884,-0.21799235,-0.81859106,93.47761535644531
1749651035623,RIGHT_ELBOW,-0.032694478,-0.26640815,-1.0360897,96.09953308105469
1749651035623,LEFT_WRIST,nan,nan,nan,nan
1749651035623,RIGHT_WRIST,-0.06949657,-0.39716917,-0.99848473,61.80384063720703
1749651035623,LEFT_HIP,nan,nan,nan,nan
1749651035623,RIGHT_HIP,nan,nan,nan,nan
1749651035657,PELVIS,0.14541362,-0.3249458,-0.7891122,45.36566925048828
1749651035657,SPINE_1,0.14955455,-0.24781626,-0.8075956,74.56999206542969
1749651035657,SPINE_2,0.15253827,-0.16570492,-0.823738,82.56690216064453
1749651035657,SPINE_3,0.15839335,-0.08513055,-0.85093707,94.02652740478516
1749651035657,NECK,0.1698608,0.005599141,-0.9119929,97.98896026611328
1749651035657,LEFT_CLAVICLE,0.23630844,0.0102164,-0.89376044,98.2891845703125
1749651035657,RIGHT_CLAVICLE,0.10051552,0.00068193674,-0.95591265,98.48302459716797
1749651035657,LEFT_SHOULDER,0.30198205,0.01518251,-0.8699242,96.40473175048828
1749651035657,RIGHT_SHOULDER,0.024285665,-0.0035576522,-1.0003505,97.03400421142578
1749651035657,LEFT_ELBOW,0.35253632,-0.21889451,-0.8183387,92.03298950195312
1749651035657,RIGHT_ELBOW,-0.031607162,-0.26514494,-1.037612,96.17679595947266
1749651035657,LEFT_WRIST,nan,nan,nan,nan
1749651035657,RIGHT_WRIST,-0.06763944,-0.3960764,-0.9961785,58.12495422363281
1749651035657,LEFT_HIP,nan,nan,nan,nan
1749651035657,RIGHT_HIP,nan,nan,nan,nan
1749651035690,PELVIS,0.14615987,-0.32320565,-0.78883326,59.778236389160156
1749651035690,SPINE_1,0.15008572,-0.24636377,-0.8086031,81.93916320800781
1749651035690,SPINE_2,0.15471789,-0.1666467,-0.83317167,86.99395751953125
1749651035690,SPINE_3,0.15837814,-0.08472157,-0.85106486,95.3805923461914
1749651035690,NECK,0.16601546,0.0062206388,-0.89022815,97.9615249633789
1749651035690,LEFT_CLAVICLE,0.23633264,0.010267809,-0.8937824,98.25269317626953
1749651035690,RIGHT_CLAVICLE,0.098801695,0.0007954091,-0.9564192,98.4752197265625
1749651035690,LEFT_SHOULDER,0.3019135,0.015607402,-0.8703311,96.31431579589844
1749651035690,RIGHT_SHOULDER,0.023846878,-0.003292501,-0.997903,97.03643035888672
1749651035690,LEFT_ELBOW,0.35226488,-0.21779838,-0.8187861,92.36898803710938
1749651035690,RIGHT_ELBOW,-0.031075062,-0.26269078,-1.0336508,96.68201446533203
1749651035690,LEFT_WRIST,nan,nan,nan,nan
1749651035690,RIGHT_WRIST,-0.067774616,-0.40032718,-1.0067801,60.73603057861328
1749651035690,LEFT_HIP,0.2379406,-0.32195365,-0.79477674,44.933956146240234
1749651035690,RIGHT_HIP,0.06371534,-0.3382282,-0.8244134,54.44247817993164
1749651035757,PELVIS,0.14678495,-0.32185984,-0.7884802,46.194602966308594
1749651035757,SPINE_1,0.15056226,-0.24532999,-0.8092735,75.00052642822266
1749651035757,SPINE_2,0.15436223,-0.16474918,-0.8280832,82.80768585205078
1749651035757,SPINE_3,0.15835209,-0.08440387,-0.8511063,94.09026336669922
1749651035757,NECK,0.16714919,0.005870059,-0.8999585,97.96068572998047
1749651035757,LEFT_CLAVICLE,0.23627281,0.0101644695,-0.8935284,98.25752258300781
1749651035757,RIGHT_CLAVICLE,0.09742814,0.00075143576,-0.9568419,98.46907806396484
1749651035757,LEFT_SHOULDER,0.30162078,0.015792847,-0.8699388,96.3308334350586
1749651035757,RIGHT_SHOULDER,0.02319162,-0.0033376217,-0.99659663,97.0173568725586
1749651035757,LEFT_ELBOW,0.35187402,-0.21746579,-0.81922,91.86442565917969
1749651035757,RIGHT_ELBOW,-0.03049461,-0.26117405,-1.0376612,96.2291259765625
1749651035757,LEFT_WRIST,nan,nan,nan,nan
1749651035757,RIGHT_WRIST,-0.0635485,-0.39636624,-1.0000858,59.62189865112305
1749651035757,LEFT_HIP,nan,nan,nan,nan
1749651035757,RIGHT_HIP,nan,nan,nan,nan
1749651035857,PELVIS,0.1468515,-0.32154417,-0.7882762,55.547916412353516
1749651035857,SPINE_1,0.15065986,-0.24518001,-0.8091631,79.78604125976562
1749651035857,SPINE_2,0.15342596,-0.16332586,-0.8231836,85.60441589355469
1749651035857,SPINE_3,0.1585922,-0.080419846,-0.8524986,94.88807678222656
1749651035857,NECK,0.16297372,0.007207364,-0.8798629,97.78163146972656
1749651035857,LEFT_CLAVICLE,0.23621106,0.010140151,-0.89333576,98.09376525878906
1749651035857,RIGHT_CLAVICLE,0.097342886,0.0008087456,-0.95690376,98.3442611694336
1749651035857,LEFT_SHOULDER,0.30170834,0.016711101,-0.8704966,95.98308563232422
1749651035857,RIGHT_SHOULDER,0.02289734,-0.0024505258,-0.9925212,96.79405975341797
1749651035857,LEFT_ELBOW,0.35198778,-0.21785861,-0.8192403,92.00240325927734
1749651035857,RIGHT_ELBOW,-0.030630736,-0.2620422,-1.0328506,96.10197448730469
1749651035857,LEFT_WRIST,nan,nan,nan,nan
1749651035857,RIGHT_WRIST,-0.063583,-0.40477026,-1.0190277,63.6640739440918
1749651035857,LEFT_HIP,0.23747087,-0.3222631,-0.7947174,42.06413269042969
1749651035857,RIGHT_HIP,0.058014996,-0.33401638,-0.81302834,49.089500427246094
1749651035891,PELVIS,0.14675659,-0.3216957,-0.7882397,45.703250885009766
1749651035891,SPINE_1,0.1505995,-0.24532902,-0.8090186,74.7193832397461
1749651035891,SPINE_2,0.15303436,-0.16580915,-0.82191885,82.61443328857422
1749651035891,SPINE_3,0.15851067,-0.08230133,-0.85189235,94.00082397460938
1749651035891,NECK,0.1663121,0.006348729,-0.8973475,97.87979888916016
1749651035891,LEFT_CLAVICLE,0.23617814,0.010140091,-0.89325583,98.18291473388672
1749651035891,RIGHT_CLAVICLE,0.097575106,0.0008211434,-0.9568727,98.41334533691406
1749651035891,LEFT_SHOULDER,0.30164814,0.01580891,-0.8699944,96.17149353027344
1749651035891,RIGHT_SHOULDER,0.02258218,-0.0040178895,-0.9860262,96.91846466064453
1749651035891,LEFT_ELBOW,0.35262218,-0.21904942,-0.8187525,92.64181518554688
1749651035891,RIGHT_ELBOW,-0.03084411,-0.26234648,-1.0354748,96.65145874023438
1749651035891,LEFT_WRIST,nan,nan,nan,nan
1749651035891,RIGHT_WRIST,-0.066090055,-0.39953113,-1.001124,63.065128326416016
1749651035891,LEFT_HIP,nan,nan,nan,nan
1749651035891,RIGHT_HIP,nan,nan,nan,nan
1749651035925,PELVIS,0.14669605,-0.3217721,-0.7882224,58.523773193359375
1749651035925,SPINE_1,0.15056454,-0.24540906,-0.8089815,81.23173522949219
1749651035925,SPINE_2,0.15292968,-0.16462028,-0.8219468,86.42343139648438
1749651035925,SPINE_3,0.15862878,-0.08079171,-0.85253423,95.06488800048828
1749651035925,NECK,0.16315089,0.0067445785,-0.8815157,97.5666732788086
1749651035925,LEFT_CLAVICLE,0.23660499,0.012861222,-0.89505035,97.87724304199219
1749651035925,RIGHT_CLAVICLE,0.09769636,0.0008304268,-0.9568205,98.21379852294922
1749651035925,LEFT_SHOULDER,0.30161676,0.016612336,-0.87042165,95.50336456298828
1749651035925,RIGHT_SHOULDER,0.022286126,-0.0039654374,-0.9876788,96.58997344970703
1749651035925,LEFT_ELBOW,0.35209253,-0.21827103,-0.8189783,89.91790008544922
1749651035925,RIGHT_ELBOW,-0.031004524,-0.2633157,-1.0366964,96.21530151367188
1749651035925,LEFT_WRIST,nan,nan,nan,nan
1749651035925,RIGHT_WRIST,-0.065611444,-0.39826745,-0.99647737,61.22447967529297
1749651035925,LEFT_HIP,0.23811428,-0.32226023,-0.79499197,43.69906234741211
1749651035925,RIGHT_HIP,0.061643567,-0.33689398,-0.8201211,53.18779373168945
1749651035958,PELVIS,0.14667666,-0.32178295,-0.7881976,59.01197052001953
1749651035958,SPINE_1,0.15055816,-0.24543372,-0.80900854,81.48663330078125
1749651035958,SPINE_2,0.1529241,-0.16385275,-0.82225597,86.60000610351562
1749651035958,SPINE_3,0.15866928,-0.079915464,-0.85275686,95.13890075683594
1749651035958,NECK,0.16044787,0.0073539913,-0.872545,97.62133026123047
1749651035958,LEFT_CLAVICLE,0.23686583,0.014452919,-0.89613175,97.93755340576172
1749651035958,RIGHT_CLAVICLE,0.09796335,0.0036183298,-0.9592736,98.2418212890625
1749651035958,LEFT_SHOULDER,0.30113554,0.016896784,-0.8709481,95.64207458496094
1749651035958,RIGHT_SHOULDER,0.021035518,-0.0028156787,-0.99379385,96.6251220703125
1749651035958,LEFT_ELBOW,0.35216156,-0.21813217,-0.81907123,91.56511688232422
1749651035958,RIGHT_ELBOW,-0.031705238,-0.2640257,-1.036047,95.40078735351562
1749651035958,LEFT_WRIST,nan,nan,nan,nan
1749651035958,RIGHT_WRIST,-0.06731148,-0.39668477,-0.99605787,63.05216598510742
1749651035958,LEFT_HIP,0.23837152,-0.3219028,-0.794769,44.74481201171875
1749651035958,RIGHT_HIP,0.06335875,-0.33771792,-0.82326216,53.14683151245117
1749651035991,PELVIS,0.14664342,-0.32180703,-0.7882077,58.77376937866211
1749651035991,SPINE_1,0.1505406,-0.2454583,-0.8090427,81.40284729003906
1749651035991,SPINE_2,0.15295915,-0.16341518,-0.8225913,86.60095977783203
1749651035991,SPINE_3,0.15856928,-0.08181051,-0.8520242,95.19600677490234
1749651035991,NECK,0.15994214,0.006771624,-0.8679984,97.781982421875
1749651035991,LEFT_CLAVICLE,0.23668024,0.012727097,-0.89507437,98.0977554321289
1749651035991,RIGHT_CLAVICLE,0.09793949,0.0026222914,-0.95835406,98.34088897705078
1749651035991,LEFT_SHOULDER,0.30162263,0.016359419,-0.8703432,95.99562072753906
1749651035991,RIGHT_SHOULDER,0.021406928,-0.0034056008,-0.9911679,96.78278350830078
1749651035991,LEFT_ELBOW,0.3514808,-0.21792234,-0.81926787,92.02525329589844
1749651035991,RIGHT_ELBOW,-0.03203555,-0.26510096,-1.0353564,96.41907501220703
1749651035991,LEFT_WRIST,nan,nan,nan,nan
1749651035991,RIGHT_WRIST,-0.068643406,-0.3970295,-0.99607337,64.50299072265625
1749651035991,LEFT_HIP,0.23813386,-0.3220452,-0.79551494,44.30805587768555
1749651035991,RIGHT_HIP,0.06447936,-0.33755195,-0.82181835,53.098384857177734
1749651036025,PELVIS,0.14895934,-0.32181987,-0.78818834,44.731773376464844
1749651036025,SPINE_1,0.15274088,-0.2451881,-0.8079725,74.14486694335938
1749651036025,SPINE_2,0.1529932,-0.16317593,-0.8227401,82.2008285522461
1749651036025,SPINE_3,0.15857895,-0.08081622,-0.8521248,93.79208374023438
1749651036025,NECK,0.16350287,0.006164074,-0.88671875,97.6611557006836
1749651036025,LEFT_CLAVICLE,0.23651683,0.011459798,-0.89431936,97.97998809814453
1749651036025,RIGHT_CLAVICLE,0.10061715,0.0018296242,-0.9567927,98.26371002197266
1749651036025,LEFT_SHOULDER,0.3019743,0.016037226,-0.87007153,95.73836517333984
1749651036025,RIGHT_SHOULDER,0.023096638,-0.0029098839,-0.99048764,96.65550994873047
1749651036025,LEFT_ELBOW,0.35114685,-0.21781829,-0.81939316,90.64142608642578
1749651036025,RIGHT_ELBOW,-0.032021012,-0.26521254,-1.0340824,96.25507354736328
1749651036025,LEFT_WRIST,nan,nan,nan,nan
1749651036025,RIGHT_WRIST,-0.0700866,-0.40294877,-1.0119332,63.99186325073242
1749651036025,LEFT_HIP,nan,nan,nan,nan
1749651036025,RIGHT_HIP,nan,nan,nan,nan
1749651036058,PELVIS,0.14814283,-0.3219207,-0.78818566,59.81893539428711
1749651036058,SPINE_1,0.15196581,-0.2453792,-0.80840933,81.8625717163086
1749651036058,SPINE_2,0.15303814,-0.1631931,-0.8228766,86.796630859375
1749651036058,SPINE_3,0.15860932,-0.08025752,-0.85230744,95.15906524658203
1749651036058,NECK,0.16254365,0.0065408945,-0.8784684,97.50599670410156
1749651036058,LEFT_CLAVICLE,0.23641506,0.01050435,-0.89384466,97.82288360595703
1749651036058,RIGHT_CLAVICLE,0.099612206,0.0011635423,-0.956465,98.17024230957031
1749651036058,LEFT_SHOULDER,0.30185202,0.01612641,-0.8701366,95.39024353027344
1749651036058,RIGHT_SHOULDER,0.023503415,-0.002600804,-0.9788721,96.5108642578125
1749651036058,LEFT_ELBOW,0.3511298,-0.21877524,-0.81908745,91.77571868896484
1749651036058,RIGHT_ELBOW,-0.0327056,-0.26617414,-1.0333521,96.006591796875
1749651036058,LEFT_WRIST,nan,nan,nan,nan
1749651036058,RIGHT_WRIST,-0.071564436,-0.40584478,-1.0176919,62.39311599731445
1749651036058,LEFT_HIP,0.23733534,-0.32253385,-0.7967383,45.42738342285156
1749651036058,RIGHT_HIP,0.06477349,-0.3381334,-0.8240927,54.06190872192383
1749651036092,PELVIS,0.14751175,-0.32181618,-0.78825605,58.39973831176758
1749651036092,SPINE_1,0.15135093,-0.24534109,-0.8088002,81.109619140625
1749651036092,SPINE_2,0.15309516,-0.16309597,-0.8230794,86.25581359863281
1749651036092,SPINE_3,0.1585066,-0.08199103,-0.8517311,94.91463470458984
1749651036092,NECK,0.16174255,0.0064200014,-0.8737138,97.2896499633789
1749651036092,LEFT_CLAVICLE,0.23632309,0.010149032,-0.89362174,97.61000061035156
1749651036092,RIGHT_CLAVICLE,0.098764144,0.0009416193,-0.9564012,98.03350830078125
1749651036092,LEFT_SHOULDER,0.30157214,0.016100585,-0.86965734,94.92700958251953
1749651036092,RIGHT_SHOULDER,0.023455903,-0.0032038838,-0.9840858,96.28948211669922
1749651036092,LEFT_ELBOW,0.35146514,-0.2187798,-0.8189925,91.4626235961914
1749651036092,RIGHT_ELBOW,-0.032989345,-0.26667464,-1.033823,95.16058349609375
1749651036092,LEFT_WRIST,nan,nan,nan,nan
1749651036092,RIGHT_WRIST,-0.07258324,-0.40494466,-1.0092113,60.91685485839844
1749651036092,LEFT_HIP,0.237043,-0.32227784,-0.7973085,43.82257080078125
1749651036092,RIGHT_HIP,0.064880125,-0.3374886,-0.82159245,52.83672332763672
1749651036125,PELVIS,0.14702758,-0.32184696,-0.78818434,58.47483825683594
1749651036125,SPINE_1,0.15091132,-0.24546736,-0.8090844,81.18497467041016
1749651036125,SPINE_2,0.15312614,-0.1631954,-0.8231135,86.36029815673828
1749651036125,SPINE_3,0.15854368,-0.08108318,-0.8520098,95.00883483886719
1749651036125,NECK,0.16066311,0.007087469,-0.8715427,97.46373748779297
1749651036125,LEFT_CLAVICLE,0.23665248,0.012274951,-0.8951577,97.78742980957031
1749651036125,RIGHT_CLAVICLE,0.098399736,0.0032739788,-0.95895237,98.13753509521484
1749651036125,LEFT_SHOULDER,0.30155262,0.016612738,-0.86963737,95.31932067871094
1749651036125,RIGHT_SHOULDER,0.021871679,-0.0025725216,-0.9916827,96.44815826416016
1749651036125,LEFT_ELBOW,0.35145402,-0.22030771,-0.8188416,92.72309875488281
1749651036125,RIGHT_ELBOW,-0.03334802,-0.26764512,-1.034607,95.04327392578125
1749651036125,LEFT_WRIST,nan,nan,nan,nan
1749651036125,RIGHT_WRIST,-0.07289517,-0.40223402,-1.0052153,62.99116134643555
1749651036125,LEFT_HIP,0.23727106,-0.32264686,-0.7974861,43.76359939575195
1749651036125,RIGHT_HIP,0.06535742,-0.33750635,-0.82255244,53.0346794128418
1749651036159,PELVIS,0.14899749,-0.32185894,-0.78824735,57.59862518310547
1749651036159,SPINE_1,0.15277202,-0.245211,-0.8080962,80.73636627197266
1749651036159,SPINE_2,0.1531375,-0.16322763,-0.8230704,86.06656646728516
1749651036159,SPINE_3,0.15845515,-0.082589924,-0.8514527,94.90109252929688
1749651036159,NECK,0.16058972,0.0065673143,-0.86941797,97.41694641113281
1749651036159,LEFT_CLAVICLE,0.23656638,0.011400789,-0.8947041,97.73506927490234
1749651036159,RIGHT_CLAVICLE,0.09798605,0.0023455173,-0.9582752,98.11418151855469
1749651036159,LEFT_SHOULDER,0.30175555,0.01628618,-0.86983097,95.19866943359375
1749651036159,RIGHT_SHOULDER,0.02229044,-0.0035400242,-0.9906396,96.42029571533203
1749651036159,LEFT_ELBOW,0.35146573,-0.22159234,-0.81876826,92.3097915649414
1749651036159,RIGHT_ELBOW,-0.033595383,-0.2676884,-1.0339161,96.33090209960938
1749651036159,LEFT_WRIST,nan,nan,nan,nan
1749651036159,RIGHT_WRIST,-0.07363473,-0.40286207,-1.0057263,63.12004852294922
1749651036159,LEFT_HIP,0.23898442,-0.32318878,-0.79766273,43.092594146728516
1749651036159,RIGHT_HIP,0.06593501,-0.33735186,-0.8234495,51.99445343017578
1749651036192,PELVIS,0.1503532,-0.32179636,-0.7883154,57.73065185546875
1749651036192,SPINE_1,0.15190989,-0.24525812,-0.8086817,80.82389831542969
1749651036192,SPINE_2,0.15316324,-0.16320997,-0.8231625,86.15303039550781
1749651036192,SPINE_3,0.15849936,-0.081286736,-0.85183233,94.9623794555664
1749651036192,NECK,0.16039729,0.007102892,-0.8681038,97.513916015625
1749651036192,LEFT_CLAVICLE,0.23681203,0.013256416,-0.8958122,97.83280944824219
1749651036192,RIGHT_CLAVICLE,0.097735226,0.0016981214,-0.95770746,98.17313385009766
1749651036192,LEFT_SHOULDER,0.30111685,0.016692579,-0.86963165,95.41415405273438
1749651036192,RIGHT_SHOULDER,0.023162937,-0.002872929,-0.9958781,96.51214599609375
1749651036192,LEFT_ELBOW,0.3509279,-0.21887515,-0.819634,91.14671325683594
1749651036192,RIGHT_ELBOW,-0.033268213,-0.2659315,-1.0264983,96.17626953125
1749651036192,LEFT_WRIST,nan,nan,nan,nan
1749651036192,RIGHT_WRIST,-0.07410275,-0.40136895,-1.0024917,62.11528015136719
1749651036192,LEFT_HIP,0.23912562,-0.32306206,-0.7977888,42.43449401855469
1749651036192,RIGHT_HIP,0.065462075,-0.33761266,-0.82118917,52.85407257080078
1749651036225,PELVIS,0.14884222,-0.3217805,-0.7881308,58.685302734375
1749651036225,SPINE_1,0.15126064,-0.24543914,-0.80917823,81.37702941894531
1749651036225,SPINE_2,0.15316936,-0.16330524,-0.8231478,86.61270904541016
1749651036225,SPINE_3,0.15856211,-0.08046443,-0.85222465,95.22932434082031
1749651036225,NECK,0.16058266,0.00707002,-0.8681765,97.86595153808594
1749651036225,LEFT_CLAVICLE,0.23666841,0.011940986,-0.8950272,98.17601776123047
1749651036225,RIGHT_CLAVICLE,0.10029699,0.0011366755,-0.9564956,98.39797973632812
1749651036225,LEFT_SHOULDER,0.30105346,0.016670004,-0.87036985,96.16328430175781
1749651036225,RIGHT_SHOULDER,0.023983574,-0.002946496,-0.9960321,96.88269805908203
1749651036225,LEFT_ELBOW,0.3508337,-0.21905807,-0.8193228,92.54743194580078
1749651036225,RIGHT_ELBOW,-0.033080846,-0.26597282,-1.0283397,95.98100280761719
1749651036225,LEFT_WRIST,nan,nan,nan,nan
1749651036225,RIGHT_WRIST,-0.07505738,-0.4010234,-1.0014902,60.79158020019531
1749651036225,LEFT_HIP,0.23887019,-0.3231783,-0.7979317,44.45451354980469
1749651036225,RIGHT_HIP,0.06495621,-0.33782333,-0.8205545,52.792213439941406
1749651036259,PELVIS,0.1476903,-0.3217377,-0.78796065,58.330081939697266
1749651036259,SPINE_1,0.15083992,-0.24557,-0.80954385,81.12958526611328
1749651036259,SPINE_2,0.15316392,-0.16334975,-0.82308877,86.3515853881836
1749651036259,SPINE_3,0.15848269,-0.08215864,-0.85167027,95.03363037109375
1749651036259,NECK,0.16060525,0.0067298263,-0.86869836,97.54127502441406
1749651036259,LEFT_CLAVICLE,0.23656808,0.010978967,-0.89454406,97.85047149658203
1749651036259,RIGHT_CLAVICLE,0.09934948,0.0008098185,-0.95646733,98.19954681396484
1749651036259,LEFT_SHOULDER,0.30130583,0.01630354,-0.86957574,95.44303131103516
1749651036259,RIGHT_SHOULDER,0.02336825,-0.0033266395,-0.9954272,96.56967163085938
1749651036259,LEFT_ELBOW,0.35054666,-0.21702088,-0.82001626,90.43637084960938
1749651036259,RIGHT_ELBOW,-0.03268184,-0.26547462,-1.0322813,95.89720153808594
1749651036259,LEFT_WRIST,nan,nan,nan,nan
1749651036259,RIGHT_WRIST,-0.07253056,-0.399059,-0.9997617,60.329254150390625
1749651036259,LEFT_HIP,0.23863205,-0.32322043,-0.79736674,43.97679138183594
1749651036259,RIGHT_HIP,0.064586885,-0.3375948,-0.8203542,52.56002426147461
1749651036292,PELVIS,0.14693575,-0.3217312,-0.7878485,56.95102310180664
1749651036292,SPINE_1,0.15061066,-0.24568254,-0.80974495,80.40451049804688
1749651036292,SPINE_2,0.15316279,-0.16340451,-0.82307595,85.85165405273438
1749651036292,SPINE_3,0.15855105,-0.08114413,-0.8521239,94.82386016845703
1749651036292,NECK,0.15966143,0.0069444925,-0.86799335,97.38740539550781
1749651036292,LEFT_CLAVICLE,0.23649907,0.010333911,-0.8942825,97.71210479736328
1749651036292,RIGHT_CLAVICLE,0.098591454,0.0006222129,-0.9565345,98.08950805664062
1749651036292,LEFT_SHOULDER,0.30126667,0.016475216,-0.8697557,95.15506744384766
1749651036292,RIGHT_SHOULDER,0.021641513,-0.0030106753,-0.9993333,96.3707275390625
1749651036292,LEFT_ELBOW,0.3506017,-0.21704154,-0.81995344,90.95348358154297
1749651036292,RIGHT_ELBOW,-0.032791525,-0.26584786,-1.0325981,94.92247772216797
1749651036292,LEFT_WRIST,nan,nan,nan,nan
1749651036292,RIGHT_WRIST,-0.07059807,-0.39767468,-0.9985989,63.40955352783203
1749651036292,LEFT_HIP,0.23820183,-0.32311338,-0.7971697,41.961727142333984
1749651036292,RIGHT_HIP,0.06440616,-0.33823603,-0.82160324,51.82308578491211
1749651036326,PELVIS,0.14879751,-0.32174915,-0.78796524,57.82325744628906
1749651036326,SPINE_1,0.15051405,-0.2457068,-0.80984616,80.89605712890625
1749651036326,SPINE_2,0.15314563,-0.16337343,-0.82297707,86.23676300048828
1749651036326,SPINE_3,0.15846714,-0.08258736,-0.8515798,95.03002166748047
1749651036326,NECK,0.1597647,0.006727591,-0.86816716,97.63131713867188
1749651036326,LEFT_CLAVICLE,0.23645505,0.010020375,-0.8941885,97.93785858154297
1749651036326,RIGHT_CLAVICLE,0.098053426,0.0006007552,-0.956585,98.25752258300781
1749651036326,LEFT_SHOULDER,0.30115166,0.01652141,-0.86941135,95.6328125
1749651036326,RIGHT_SHOULDER,0.02167258,-0.003521368,-0.99112695,96.66573333740234
1749651036326,LEFT_ELBOW,0.3507159,-0.21596703,-0.8200195,91.27275085449219
1749651036326,RIGHT_ELBOW,-0.032614764,-0.2663163,-1.033037,96.1712417602539
1749651036326,LEFT_WRIST,nan,nan,nan,nan
1749651036326,RIGHT_WRIST,-0.069435455,-0.39978266,-1.0001009,62.7911491394043
1749651036326,LEFT_HIP,0.23921406,-0.3230343,-0.79750746,43.39787292480469
1749651036326,RIGHT_HIP,0.06447635,-0.33756232,-0.82020646,52.135841369628906
1749651036359,PELVIS,0.15013118,-0.32173234,-0.7881237,58.783512115478516
1749651036359,SPINE_1,0.15050481,-0.24566782,-0.80990654,81.3481216430664
1749651036359,SPINE_2,0.15313336,-0.16329545,-0.8229269,86.47582244873047
1749651036359,SPINE_3,0.15841042,-0.083510816,-0.85125846,95.05973815917969
1749651036359,NECK,0.16042273,0.006473884,-0.8691834,97.50631713867188
1749651036359,LEFT_CLAVICLE,0.23642515,0.009952679,-0.8941485,97.81646728515625
1749651036359,RIGHT_CLAVICLE,0.09772335,0.0006931424,-0.956575,98.17708587646484
1749651036359,LEFT_SHOULDER,0.3017125,0.016302109,-0.86970776,95.36921691894531
1749651036359,RIGHT_SHOULDER,0.022247287,-0.0038436651,-0.99174887,96.53258514404297
1749651036359,LEFT_ELBOW,0.3510772,-0.21569875,-0.81993663,92.20601654052734
1749651036359,RIGHT_ELBOW,-0.032465804,-0.26726815,-1.0345703,96.3038101196289
1749651036359,LEFT_WRIST,nan,nan,nan,nan
1749651036359,RIGHT_WRIST,-0.06805475,-0.39780945,-0.9976297,61.56687927246094
1749651036359,LEFT_HIP,0.23834756,-0.3215513,-0.7948847,44.697349548339844
1749651036359,RIGHT_HIP,0.064431235,-0.33728725,-0.8193055,52.75289535522461
1749651036393,PELVIS,0.1486693,-0.32167634,-0.78807753,44.59986877441406
1749651036393,SPINE_1,0.15052776,-0.24563217,-0.80985725,74.056884765625
1749651036393,SPINE_2,0.15312667,-0.16325547,-0.82290804,82.12602996826172
1749651036393,SPINE_3,0.15836771,-0.0840544,-0.85105014,93.7447280883789
1749651036393,NECK,0.16430461,0.0060025007,-0.8898608,97.59599304199219
1749651036393,LEFT_CLAVICLE,0.23642468,0.009966761,-0.89421505,97.91394805908203
1749651036393,RIGHT_CLAVICLE,0.09756115,0.00077046454,-0.95661545,98.22455596923828
1749651036393,LEFT_SHOULDER,0.30149963,0.016422808,-0.87159973,95.5917739868164
1749651036393,RIGHT_SHOULDER,0.023066066,-0.0037415326,-0.98344606,96.59500885009766
1749651036393,LEFT_ELBOW,0.3509602,-0.21607798,-0.8196556,89.11540222167969
1749651036393,RIGHT_ELBOW,-0.031647477,-0.26724914,-1.0377069,96.13121795654297
1749651036393,LEFT_WRIST,nan,nan,nan,nan
1749651036393,RIGHT_WRIST,-0.06609405,-0.39612842,-0.9947354,59.941810607910156
1749651036393,LEFT_HIP,nan,nan,nan,nan
1749651036393,RIGHT_HIP,nan,nan,nan,nan
1749651036426,PELVIS,0.14757061,-0.3217816,-0.78802896,59.642738342285156
1749651036426,SPINE_1,0.15055418,-0.24573386,-0.80976725,81.81184387207031
1749651036426,SPINE_2,0.15311307,-0.16335787,-0.8228328,86.8214340209961
1749651036426,SPINE_3,0.15834558,-0.0844448,-0.85092187,95.22747039794922
1749651036426,NECK,0.16320442,0.005733326,-0.8820058,97.67811584472656
1749651036426,LEFT_CLAVICLE,0.23643441,0.009872332,-0.89421016,97.98432159423828
1749651036426,RIGHT_CLAVICLE,0.09752746,0.00068856776,-0.95665807,98.2865982055664
1749651036426,LEFT_SHOULDER,0.30151162,0.015565202,-0.87127364,95.73499298095703
1749651036426,RIGHT_SHOULDER,0.023029367,-0.0037956685,-0.98224866,96.71233367919922
1749651036426,LEFT_ELBOW,0.35141423,-0.21722388,-0.8190754,92.85362243652344
1749651036426,RIGHT_ELBOW,-0.030697118,-0.26129574,-1.0341177,96.351318359375
1749651036426,LEFT_WRIST,nan,nan,nan,nan
1749651036426,RIGHT_WRIST,-0.06552328,-0.39869568,-1.0054917,62.50531768798828
1749651036426,LEFT_HIP,0.23713015,-0.32269412,-0.797465,45.41600799560547
1749651036426,RIGHT_HIP,0.06337072,-0.33753458,-0.8256754,53.73258590698242
1749651036460,PELVIS,0.14688669,-0.32178664,-0.7880553,58.675025939941406
1749651036460,SPINE_1,0.15060377,-0.2457279,-0.8097745,81.35591888427734
1749651036460,SPINE_2,0.15312111,-0.16335964,-0.82289976,86.57512664794922
1749651036460,SPINE_3,0.15833302,-0.084513724,-0.8509177,95.19157409667969
1749651036460,NECK,0.16256474,0.0057287663,-0.8764166,97.79200744628906
1749651036460,LEFT_CLAVICLE,0.23643662,0.009942576,-0.89426047,98.09567260742188
1749651036460,RIGHT_CLAVICLE,0.0975291,0.00072965026,-0.9566459,98.35900115966797
1749651036460,LEFT_SHOULDER,0.30187556,0.015231907,-0.87082154,95.97862243652344
1749651036460,RIGHT_SHOULDER,0.02313043,-0.0038158596,-0.98642963,96.83128356933594
1749651036460,LEFT_ELBOW,0.3513423,-0.2173452,-0.8193606,93.11214447021484
1749651036460,RIGHT_ELBOW,-0.030800512,-0.26117364,-1.0343157,96.39972686767578
1749651036460,LEFT_WRIST,nan,nan,nan,nan
1749651036460,RIGHT_WRIST,-0.06570139,-0.39930743,-1.0020816,62.025718688964844
1749651036460,LEFT_HIP,0.23682156,-0.31998467,-0.7924146,44.1948127746582
1749651036460,RIGHT_HIP,0.06323615,-0.33907545,-0.8234235,53.01521301269531
1749651036493,PELVIS,0.14423999,-0.32173362,-0.78811896,56.25304412841797
1749651036493,SPINE_1,0.15064009,-0.2456598,-0.8097973,80.52061462402344
1749651036493,SPINE_2,0.15310812,-0.1654924,-0.8228098,86.62008666992188
1749651036493,SPINE_3,0.15833086,-0.08440988,-0.8509419,95.79561614990234
1749651036493,NECK,0.1624503,0.00438264,-0.8696387,99.4614028930664
1749651036493,LEFT_CLAVICLE,0.23645328,0.010076493,-0.89432096,99.36682891845703
1749651036493,RIGHT_CLAVICLE,0.1001651,-0.0017307103,-0.95500547,99.76899719238281
1749651036493,LEFT_SHOULDER,0.3015757,0.014337704,-0.8704429,98.4392318725586
1749651036493,RIGHT_SHOULDER,0.025566906,-0.006028548,-0.9796405,99.77022552490234
1749651036493,LEFT_ELBOW,0.3514679,-0.21727003,-0.8196346,92.07035827636719
1749651036493,RIGHT_ELBOW,-0.030744117,-0.26070756,-1.0354573,97.94939422607422
1749651036493,LEFT_WRIST,nan,nan,nan,nan
1749651036493,RIGHT_WRIST,-0.064122595,-0.39729697,-0.9997564,63.147674560546875
1749651036493,LEFT_HIP,0.2358145,-0.32164726,-0.7946057,43.980342864990234
1749651036493,RIGHT_HIP,0.058855813,-0.34037226,-0.82496023,48.59349060058594
1749651036527,PELVIS,0.14483975,-0.32178283,-0.78808796,59.297603607177734
1749651036527,SPINE_1,0.15067355,-0.24572074,-0.80987257,82.01862335205078
1749651036527,SPINE_2,0.15309638,-0.16698332,-0.8227391,87.53126525878906
1749651036527,SPINE_3,0.15833181,-0.084368885,-0.85093355,96.06432342529297
1749651036527,NECK,0.16233476,0.0033353567,-0.8667569,99.44249725341797
1749651036527,LEFT_CLAVICLE,0.23647986,0.010076359,-0.89438015,99.34285736083984
1749651036527,RIGHT_CLAVICLE,0.10192545,-0.003451705,-0.9539832,99.76249694824219
1749651036527,LEFT_SHOULDER,0.30120838,0.0138206035,-0.87171173,98.37909698486328
1749651036527,RIGHT_SHOULDER,0.027623782,-0.007964626,-0.9814966,99.767578125
1749651036527,LEFT_ELBOW,0.3517011,-0.21650639,-0.8196268,94.28108978271484
1749651036527,RIGHT_ELBOW,-0.03108675,-0.26246032,-1.0379561,98.07041931152344
1749651036527,LEFT_WRIST,nan,nan,nan,nan
1749651036527,RIGHT_WRIST,-0.065309286,-0.3986128,-1.0014316,63.02454376220703
1749651036527,LEFT_HIP,0.235708,-0.32151374,-0.7956575,45.64958953857422
1749651036527,RIGHT_HIP,0.061028313,-0.33912784,-0.8238444,52.8465461730957
1749651036560,PELVIS,0.14547297,-0.3217919,-0.78807694,46.468955993652344
1749651036560,SPINE_1,0.1507115,-0.245748,-0.8099728,75.53805541992188
1749651036560,SPINE_2,0.15308243,-0.16779968,-0.8226647,83.65642547607422
1749651036560,SPINE_3,0.1583267,-0.08427835,-0.8509226,94.89491271972656
1749651036560,NECK,0.16488643,0.0017140806,-0.8849134,99.44709777832031
1749651036560,LEFT_CLAVICLE,0.2364805,0.010112688,-0.8944027,99.34971618652344
1749651036560,RIGHT_CLAVICLE,0.102912866,-0.0044112653,-0.9533838,99.76307678222656
1749651036560,LEFT_SHOULDER,0.30098447,0.013231248,-0.87177694,98.3971176147461
1749651036560,RIGHT_SHOULDER,0.028582422,-0.00878337,-0.97485167,99.76490020751953
1749651036560,LEFT_ELBOW,0.35161382,-0.2165231,-0.81937677,93.07394409179688
1749651036560,RIGHT_ELBOW,-0.031332552,-0.26393792,-1.0407987,97.98615264892578
1749651036560,LEFT_WRIST,nan,nan,nan,nan
1749651036560,RIGHT_WRIST,-0.06515917,-0.39641273,-0.9952425,62.41405487060547
1749651036560,LEFT_HIP,nan,nan,nan,nan
1749651036560,RIGHT_HIP,nan,nan,nan,nan
1749651036594,PELVIS,0.14599848,-0.32174703,-0.7880883,58.36320495605469
1749651036594,SPINE_1,0.15073238,-0.24571069,-0.81002575,81.5616455078125
1749651036594,SPINE_2,0.1530638,-0.16809891,-0.82257724,87.25249481201172
1749651036594,SPINE_3,0.1583231,-0.084146015,-0.8509126,95.9828109741211
1749651036594,NECK,0.1641875,0.0017770082,-0.8777157,99.4502944946289
1749651036594,LEFT_CLAVICLE,0.23645033,0.01019071,-0.8942799,99.35418701171875
1749651036594,RIGHT_CLAVICLE,0.1033569,-0.0047819763,-0.95316374,99.76377868652344
1749651036594,LEFT_SHOULDER,0.30098683,0.012968063,-0.8716185,98.40865325927734
1749651036594,RIGHT_SHOULDER,0.02897693,-0.00917615,-0.97603273,99.76400756835938
1749651036594,LEFT_ELBOW,0.3514213,-0.21693775,-0.8191797,92.71868133544922
1749651036594,RIGHT_ELBOW,-0.03104445,-0.2639258,-1.0434906,98.085205078125
1749651036594,LEFT_WRIST,nan,nan,nan,nan
1749651036594,RIGHT_WRIST,-0.06543201,-0.39617074,-0.9925009,64.69932556152344
1749651036594,LEFT_HIP,0.2369798,-0.32180905,-0.7964851,43.90377426147461
1749651036594,RIGHT_HIP,0.062350977,-0.33899975,-0.8233223,52.691375732421875
1749651036627,PELVIS,0.14636594,-0.32173228,-0.78808266,54.363250732421875
1749651036627,SPINE_1,0.15074337,-0.24571165,-0.8100705,79.20952606201172
1749651036627,SPINE_2,0.15306996,-0.16596514,-0.8226735,85.28755187988281
1749651036627,SPINE_3,0.1583212,-0.084072255,-0.85088605,94.8266830444336
1749651036627,NECK,0.16273971,0.0036406517,-0.8727016,97.8832778930664
1749651036627,LEFT_CLAVICLE,0.23644184,0.0102146715,-0.8942304,98.18409729003906
1749651036627,RIGHT_CLAVICLE,0.10088972,-0.002308622,-0.95486426,98.41775512695312
1749651036627,LEFT_SHOULDER,0.30132586,0.013826072,-0.8707748,96.17176055908203
1749651036627,RIGHT_SHOULDER,0.026706656,-0.00671196,-0.98312086,96.92923736572266
1749651036627,LEFT_ELBOW,0.3513399,-0.2164836,-0.8194542,91.36144256591797
1749651036627,RIGHT_ELBOW,-0.030799745,-0.26132178,-1.0387839,96.53252410888672
1749651036627,LEFT_WRIST,nan,nan,nan,nan
1749651036627,RIGHT_WRIST,-0.06500885,-0.3941896,-0.99333155,62.46450424194336
1749651036627,LEFT_HIP,0.23806253,-0.3228647,-0.79761755,40.867366790771484
1749651036627,RIGHT_HIP,0.060779374,-0.338984,-0.8232757,48.0048942565918
1749651036660,PELVIS,0.14888501,-0.32187983,-0.7882013,46.83512496948242
1749651036660,SPINE_1,0.15075874,-0.24582946,-0.8101351,75.28922271728516
1749651036660,SPINE_2,0.15308566,-0.16453472,-0.822773,82.91007995605469
1749651036660,SPINE_3,0.15831392,-0.084126934,-0.8508218,94.05357360839844
1749651036660,NECK,0.16546439,0.004601702,-0.89126575,97.77540588378906
1749651036660,LEFT_CLAVICLE,0.23878686,0.010106996,-0.8932335,98.09520721435547
1749651036660,RIGHT_CLAVICLE,0.10177175,-0.0006274879,-0.9552441,98.33285522460938
1749651036660,LEFT_SHOULDER,0.30200434,0.0141081065,-0.8701566,95.99411010742188
1749651036660,RIGHT_SHOULDER,0.026762873,-0.005200073,-0.99104357,96.76344299316406
1749651036660,LEFT_ELBOW,0.351203,-0.21612816,-0.819603,92.87537384033203
1749651036660,RIGHT_ELBOW,-0.031212552,-0.26302624,-1.039703,96.72708129882812
1749651036660,LEFT_WRIST,nan,nan,nan,nan
1749651036660,RIGHT_WRIST,-0.06637699,-0.39354038,-0.99264324,61.72163009643555
1749651036660,LEFT_HIP,nan,nan,nan,nan
1749651036660,RIGHT_HIP,nan,nan,nan,nan
1749651036694,PELVIS,0.15050386,-0.32189727,-0.7882742,46.75543212890625
1749651036694,SPINE_1,0.15075694,-0.24582905,-0.8101535,75.35584259033203
1749651036694,SPINE_2,0.1530945,-0.16356918,-0.82281774,83.09718322753906
1749651036694,SPINE_3,0.15832062,-0.08410043,-0.85084605,94.26309204101562
1749651036694,NECK,0.1677002,0.005320534,-0.9046915,98.18814849853516
1749651036694,LEFT_CLAVICLE,0.23797895,0.010113776,-0.8935875,98.48693084716797
1749651036694,RIGHT_CLAVICLE,0.099756286,0.0005081743,-0.95630693,98.6061019897461
1749651036694,LEFT_SHOULDER,0.30232963,0.014564633,-0.87005943,96.84452819824219
1749651036694,RIGHT_SHOULDER,0.02504658,-0.0037208498,-0.9945083,97.2323989868164
1749651036694,LEFT_ELBOW,0.35102615,-0.21572426,-0.8196687,93.35221862792969
1749651036694,RIGHT_ELBOW,-0.031239394,-0.26491717,-1.0357616,95.46875762939453
1749651036694,LEFT_WRIST,nan,nan,nan,nan
1749651036694,RIGHT_WRIST,-0.06838943,-0.3967963,-0.99635994,57.11379623413086
1749651036694,LEFT_HIP,nan,nan,nan,nan
1749651036694,RIGHT_HIP,nan,nan,nan,nan
1749651036727,PELVIS,0.14913732,-0.3219182,-0.7882884,46.676849365234375
1749651036727,SPINE_1,0.15074769,-0.24584301,-0.8100967,75.27894592285156
1749651036727,SPINE_2,0.15309235,-0.16307482,-0.8227688,83.0036392211914
1749651036727,SPINE_3,0.15846902,-0.08190409,-0.8517858,94.18460083007812
1749651036727,NECK,0.16923559,0.005677134,-0.9124404,98.05294036865234
1749651036727,LEFT_CLAVICLE,0.23730536,0.01008603,-0.8939208,98.34710693359375
1749651036727,RIGHT_CLAVICLE,0.09840688,0.0010791719,-0.95697147,98.52815246582031
1749651036727,LEFT_SHOULDER,0.3018651,0.0151833,-0.8702237,96.52757263183594
1749651036727,RIGHT_SHOULDER,0.024250109,-0.0030011237,-0.9950777,97.11577606201172
1749651036727,LEFT_ELBOW,0.3512056,-0.21597281,-0.81952566,94.1336441040039
1749651036727,RIGHT_ELBOW,-0.031625215,-0.2653297,-1.0358667,96.16085052490234
1749651036727,LEFT_WRIST,nan,nan,nan,nan
1749651036727,RIGHT_WRIST,-0.06824052,-0.39556372,-0.9959937,58.31919479370117
1749651036727,LEFT_HIP,nan,nan,nan,nan
1749651036727,RIGHT_HIP,nan,nan,nan,nan
1749651036761,PELVIS,0.14802893,-0.32185435,-0.7883082,46.45698547363281
1749651036761,SPINE_1,0.15074378,-0.24577114,-0.8100683,75.16911315917969
1749651036761,SPINE_2,0.15309657,-0.16281867,-0.8227725,82.9473876953125
1749651036761,SPINE_3,0.1584256,-0.08259714,-0.8514549,94.17546081542969
1749651036761,NECK,0.17018159,0.00590311,-0.9161783,98.07514953613281
1749651036761,LEFT_CLAVICLE,0.23681659,0.010155693,-0.8941572,98.36994171142578
1749651036761,RIGHT_CLAVICLE,0.09763472,0.0013767034,-0.95734185,98.54110717773438
1749651036761,LEFT_SHOULDER,0.3014741,0.015283436,-0.8699602,96.57911682128906
1749651036761,RIGHT_SHOULDER,0.023795595,-0.0025945455,-0.9946462,97.13539123535156
1749651036761,LEFT_ELBOW,0.35160625,-0.21627274,-0.8194429,92.39129638671875
1749651036761,RIGHT_ELBOW,-0.031750686,-0.265815,-1.0379802,96.14828491210938
1749651036761,LEFT_WRIST,nan,nan,nan,nan
1749651036761,RIGHT_WRIST,-0.06905158,-0.3974837,-0.9976635,59.97330093383789
1749651036761,LEFT_HIP,nan,nan,nan,nan
1749651036761,RIGHT_HIP,nan,nan,nan,nan
1749651036794,PELVIS,0.14950502,-0.3218965,-0.7883934,45.58257293701172
1749651036794,SPINE_1,0.1507153,-0.24574184,-0.8099531,74.7075424194336
1749651036794,SPINE_2,0.15304574,-0.16496484,-0.82241195,82.6777114868164
1749651036794,SPINE_3,0.15839928,-0.08323847,-0.8512039,94.092041015625
1749651036794,NECK,0.17069808,0.0059221983,-0.9173642,98.07394409179688
1749651036794,LEFT_CLAVICLE,0.2365257,0.010147288,-0.89426607,98.37344360351562
1749651036794,RIGHT_CLAVICLE,0.099962585,0.0013923347,-0.95658547,98.53569030761719
1749651036794,LEFT_SHOULDER,0.30139607,0.015240341,-0.8697777,96.59171295166016
1749651036794,RIGHT_SHOULDER,0.02397769,-0.0030165315,-0.9953315,97.1190185546875
1749651036794,LEFT_ELBOW,0.3518937,-0.21705855,-0.8193395,91.91908264160156
1749651036794,RIGHT_ELBOW,-0.03201519,-0.2669608,-1.0367427,96.23526000976562
1749651036794,LEFT_WRIST,nan,nan,nan,nan
1749651036794,RIGHT_WRIST,-0.0696116,-0.39834902,-0.9961276,59.111427307128906
1749651036794,LEFT_HIP,nan,nan,nan,nan
1749651036794,RIGHT_HIP,nan,nan,nan,nan
1749651036828,PELVIS,0.14824675,-0.3218754,-0.78838456,45.48831558227539
1749651036828,SPINE_1,0.15069792,-0.24570167,-0.8098783,74.70354461669922
1749651036828,SPINE_2,0.15300168,-0.16644931,-0.82215136,82.73717498779297
1749651036828,SPINE_3,0.15838401,-0.08369235,-0.8510938,94.17335510253906
1749651036828,NECK,0.1708601,0.005889192,-0.91702354,98.24470520019531
1749651036828,LEFT_CLAVICLE,0.23635624,0.010162666,-0.8942554,98.54515075683594
1749651036828,RIGHT_CLAVICLE,0.0989649,0.0013150424,-0.95677054,98.6389389038086
1749651036828,LEFT_SHOULDER,0.30161548,0.014403209,-0.86963993,96.97655487060547
1749651036828,RIGHT_SHOULDER,0.023674002,-0.003123179,-0.99571544,97.28204345703125
1749651036828,LEFT_ELBOW,0.35230166,-0.21755533,-0.81927377,91.6632080078125
1749651036828,RIGHT_ELBOW,-0.032553025,-0.2677135,-1.0350238,95.50657653808594
1749651036828,LEFT_WRIST,nan,nan,nan,nan
1749651036828,RIGHT_WRIST,-0.07098658,-0.39933574,-0.99752635,58.48842239379883
1749651036828,LEFT_HIP,nan,nan,nan,nan
1749651036828,RIGHT_HIP,nan,nan,nan,nan
1749651036861,PELVIS,0.14734867,-0.32174587,-0.7883944,45.93455123901367
1749651036861,SPINE_1,0.15068527,-0.24555682,-0.809851,74.89484405517578
1749651036861,SPINE_2,0.1530233,-0.16507971,-0.82239145,82.78874206542969
1749651036861,SPINE_3,0.15836056,-0.08385229,-0.8509714,94.1281509399414
1749651036861,NECK,0.1707694,0.0059521645,-0.9158504,98.07921600341797
1749651036861,LEFT_CLAVICLE,0.23629071,0.010300353,-0.8942332,98.37911987304688
1749651036861,RIGHT_CLAVICLE,0.10092897,0.0013297945,-0.95608616,98.53849792480469
1749651036861,LEFT_SHOULDER,0.30158857,0.014532834,-0.8696137,96.60482788085938
1749651036861,RIGHT_SHOULDER,0.023817483,-0.0027368963,-0.9903333,97.12281036376953
1749651036861,LEFT_ELBOW,0.35195205,-0.21626104,-0.81937665,92.74476623535156
1749651036861,RIGHT_ELBOW,-0.032706916,-0.2684411,-1.035839,95.81729888916016
1749651036861,LEFT_WRIST,nan,nan,nan,nan
1749651036861,RIGHT_WRIST,-0.071504615,-0.4001279,-0.9971632,59.12946319580078
1749651036861,LEFT_HIP,nan,nan,nan,nan
1749651036861,RIGHT_HIP,nan,nan,nan,nan
1749651036895,PELVIS,0.14680094,-0.321916,-0.7882851,45.615299224853516
1749651036895,SPINE_1,0.15068118,-0.24572182,-0.80973464,74.76895904541016
1749651036895,SPINE_2,0.15304005,-0.1643031,-0.82249403,82.77302551269531
1749651036895,SPINE_3,0.1583471,-0.084210224,-0.85094285,94.18213653564453
1749651036895,NECK,0.17052262,0.0056612194,-0.91441363,98.23866271972656
1749651036895,LEFT_CLAVICLE,0.23626918,0.010099992,-0.89420927,98.53794860839844
1749651036895,RIGHT_CLAVICLE,0.10223782,0.0009752363,-0.955606,98.63639831542969
1749651036895,LEFT_SHOULDER,0.30136743,0.014614224,-0.8696676,96.95927429199219
1749651036895,RIGHT_SHOULDER,0.024063205,-0.003087148,-0.9912525,97.27987670898438
1749651036895,LEFT_ELBOW,0.3522759,-0.2164692,-0.81927,92.63236236572266
1749651036895,RIGHT_ELBOW,-0.032627065,-0.26884985,-1.0321218,96.1307601928711
1749651036895,LEFT_WRIST,nan,nan,nan,nan
1749651036895,RIGHT_WRIST,-0.073629715,-0.4058253,-1.0105455,56.52023696899414
1749651036895,LEFT_HIP,nan,nan,nan,nan
1749651036895,RIGHT_HIP,nan,nan,nan,nan
1749651036928,PELVIS,0.14650975,-0.32195598,-0.7882374,45.29945373535156
1749651036928,SPINE_1,0.15067187,-0.24575451,-0.80966616,74.5696029663086
1749651036928,SPINE_2,0.15305488,-0.16370821,-0.8225833,82.61334991455078
1749651036928,SPINE_3,0.15835801,-0.08434019,-0.8510568,94.08844757080078
1749651036928,NECK,0.1702551,0.005535081,-0.9132124,98.11781311035156
1749651036928,LEFT_CLAVICLE,0.23629999,0.010043278,-0.89423776,98.42111206054688
1749651036928,RIGHT_CLAVICLE,0.10300038,0.000808686,-0.95533395,98.55870056152344
1749651036928,LEFT_SHOULDER,0.30178088,0.01473479,-0.87032855,96.70199584960938
1749651036928,RIGHT_SHOULDER,0.024643967,-0.0031362623,-0.99357355,97.14939880371094
1749651036928,LEFT_ELBOW,0.35269895,-0.21720918,-0.81875765,91.98975372314453
1749651036928,RIGHT_ELBOW,-0.031996924,-0.2663601,-1.0291907,95.94843292236328
1749651036928,LEFT_WRIST,nan,nan,nan,nan
1749651036928,RIGHT_WRIST,-0.07324667,-0.40519416,-1.0064255,58.86787033081055
1749651036928,LEFT_HIP,nan,nan,nan,nan
1749651036928,RIGHT_HIP,nan,nan,nan,nan
1749651036961,PELVIS,0.14639461,-0.3219543,-0.7882498,46.20832824707031
1749651036961,SPINE_1,0.15065657,-0.2457341,-0.8096192,75.04583740234375
1749651036961,SPINE_2,0.15307754,-0.16334453,-0.8227162,82.88581085205078
1749651036961,SPINE_3,0.15836465,-0.08434701,-0.851099,94.16719818115234
1749651036961,NECK,0.17002621,0.005490154,-0.91237485,98.1041259765625
1749651036961,LEFT_CLAVICLE,0.23634575,0.010042354,-0.8942342,98.41007232666016
1749651036961,RIGHT_CLAVICLE,0.10336498,0.0007441789,-0.95523596,98.5477066040039
1749651036961,LEFT_SHOULDER,0.30212706,0.014645994,-0.8709522,96.6800537109375
1749651036961,RIGHT_SHOULDER,0.025155319,-0.0035895556,-0.99514776,97.12751770019531
1749651036961,LEFT_ELBOW,0.35264808,-0.21766523,-0.8187048,92.68679809570312
1749651036961,RIGHT_ELBOW,-0.03206873,-0.2672206,-1.0284976,95.9728012084961
1749651036961,LEFT_WRIST,nan,nan,nan,nan
1749651036961,RIGHT_WRIST,-0.073401384,-0.40309173,-1.0046889,58.38410949707031
1749651036961,LEFT_HIP,nan,nan,nan,nan
1749651036961,RIGHT_HIP,nan,nan,nan,nan
1749651037029,PELVIS,0.14638826,-0.32184255,-0.788286,46.764774322509766
1749651037029,SPINE_1,0.15064512,-0.24561039,-0.8096328,75.35831451416016
1749651037029,SPINE_2,0.15307936,-0.16299354,-0.8226916,83.09529876708984
1749651037029,SPINE_3,0.15854144,-0.0812359,-0.8522157,94.25910949707031
1749651037029,NECK,0.16974983,0.0055779517,-0.9115068,98.17887878417969
1749651037029,LEFT_CLAVICLE,0.23640539,0.010164186,-0.8942394,98.47895050048828
1749651037029,RIGHT_CLAVICLE,0.10022931,0.004261628,-0.95958877,98.59916687011719
1749651037029,LEFT_SHOULDER,0.301788,0.015788093,-0.8711635,96.82796478271484
1749651037029,RIGHT_SHOULDER,0.022545533,-0.0020205379,-0.9968468,97.2192153930664
1749651037029,LEFT_ELBOW,0.35210675,-0.21762228,-0.81882304,91.8338851928711
1749651037029,RIGHT_ELBOW,-0.03164783,-0.2639767,-1.0321457,95.41651916503906
1749651037029,LEFT_WRIST,nan,nan,nan,nan
1749651037029,RIGHT_WRIST,-0.06950702,-0.39989382,-1.0004288,61.91685104370117
1749651037029,LEFT_HIP,nan,nan,nan,nan
1749651037029,RIGHT_HIP,nan,nan,nan,nan
1749651037062,PELVIS,0.14652392,-0.32181165,-0.78829545,46.176700592041016
1749651037062,SPINE_1,0.15064289,-0.24557272,-0.8096152,74.97615051269531
1749651037062,SPINE_2,0.15308644,-0.1630454,-0.82271284,82.77318572998047
1749651037062,SPINE_3,0.15848143,-0.08245248,-0.85172284,94.05888366699219
1749651037062,NECK,0.16964607,0.0056088567,-0.9114807,97.90443420410156
1749651037062,LEFT_CLAVICLE,0.23642406,0.010200515,-0.8941905,98.21235656738281
1749651037062,RIGHT_CLAVICLE,0.10148253,0.0027808547,-0.9579112,98.42367553710938
1749651037062,LEFT_SHOULDER,0.30168545,0.015598446,-0.8709726,96.24177551269531
1749651037062,RIGHT_SHOULDER,0.02317747,-0.002783373,-0.98556644,96.92699432373047
1749651037062,LEFT_ELBOW,0.35130945,-0.21660179,-0.81889445,91.0827407836914
1749651037062,RIGHT_ELBOW,-0.030960258,-0.26091987,-1.0341787,96.23983764648438
1749651037062,LEFT_WRIST,nan,nan,nan,nan
1749651037062,RIGHT_WRIST,-0.065760754,-0.3968125,-0.9985732,59.58762741088867
1749651037062,LEFT_HIP,nan,nan,nan,nan
1749651037062,RIGHT_HIP,nan,nan,nan,nan
1749651037095,PELVIS,0.14905018,-0.32178274,-0.788297,45.89238739013672
1749651037095,SPINE_1,0.15064503,-0.24553275,-0.8096013,74.8954849243164
1749651037095,SPINE_2,0.15308852,-0.16307282,-0.8227123,82.82008361816406
1749651037095,SPINE_3,0.15861197,-0.080829285,-0.8525113,94.16944122314453
1749651037095,NECK,0.16957903,0.0056473315,-0.9114391,98.16503143310547
1749651037095,LEFT_CLAVICLE,0.2364404,0.010243595,-0.89423,98.45719146728516
1749651037095,RIGHT_CLAVICLE,0.099362984,0.0018676221,-0.95761514,98.59858703613281
1749651037095,LEFT_SHOULDER,0.30135998,0.016136065,-0.8710915,96.77128601074219
1749651037095,RIGHT_SHOULDER,0.023675306,-0.002571702,-0.98452556,97.2313461303711
1749651037095,LEFT_ELBOW,0.35150433,-0.21664149,-0.8187743,90.9934310913086
1749651037095,RIGHT_ELBOW,-0.031144276,-0.26376772,-1.035495,95.7931137084961
1749651037095,LEFT_WRIST,nan,nan,nan,nan
1749651037095,RIGHT_WRIST,-0.06768758,-0.39841408,-0.99683833,55.268882751464844
1749651037095,LEFT_HIP,nan,nan,nan,nan
1749651037095,RIGHT_HIP,nan,nan,nan,nan
1749651037129,PELVIS,0.14820983,-0.32178527,-0.7883222,46.51799774169922
1749651037129,SPINE_1,0.15064383,-0.24553366,-0.8096006,75.19158935546875
1749651037129,SPINE_2,0.1530784,-0.16311373,-0.82264733,82.9474105834961
1749651037129,SPINE_3,0.1585165,-0.082199425,-0.8518218,94.16203308105469
1749651037129,NECK,0.16955797,0.005648479,-0.91143966,98.03865814208984
1749651037129,LEFT_CLAVICLE,0.23644954,0.010242447,-0.8942247,98.34576416015625
1749651037129,RIGHT_CLAVICLE,0.09810324,0.0012661815,-0.9572565,98.50657653808594
1749651037129,LEFT_SHOULDER,0.30103368,0.015973315,-0.87133443,96.53776550292969
1749651037129,RIGHT_SHOULDER,0.022512095,-0.002474621,-0.98899853,97.06015014648438
1749651037129,LEFT_ELBOW,0.3519209,-0.21771595,-0.8188821,93.61068725585938
1749651037129,RIGHT_ELBOW,-0.030834563,-0.264322,-1.0341479,95.58396911621094
1749651037129,LEFT_WRIST,nan,nan,nan,nan
1749651037129,RIGHT_WRIST,-0.0671318,-0.4007783,-1.0047292,58.49299621582031
1749651037129,LEFT_HIP,nan,nan,nan,nan
1749651037129,RIGHT_HIP,nan,nan,nan,nan
1749651037162,PELVIS,0.13795519,-0.33678895,-0.78322786,35.08637619018555
1749651037162,SPINE_1,0.14276464,-0.25696617,-0.8033339,68.99235534667969
1749651037162,SPINE_2,0.14864136,-0.1725836,-0.8248038,79.39165496826172
1749651037162,SPINE_3,0.15611435,-0.08567009,-0.85242385,93.04241943359375
1749651037162,NECK,0.16955253,0.005572021,-0.91146916,97.97330474853516
1749651037162,LEFT_CLAVICLE,0.23646004,0.0101673305,-0.8942804,98.29106903076172
1749651037162,RIGHT_CLAVICLE,0.1001752,0.000833869,-0.9562964,98.45603942871094
1749651037162,LEFT_SHOULDER,0.3008015,0.015477821,-0.8714647,96.42681884765625
1749651037162,RIGHT_SHOULDER,0.024228692,-0.0020527542,-0.98601496,96.9622573852539
1749651037162,LEFT_ELBOW,0.35200158,-0.2176131,-0.8195653,91.9964370727539
1749651037162,RIGHT_ELBOW,-0.03081895,-0.26555997,-1.0336673,96.39744567871094
1749651037162,LEFT_WRIST,nan,nan,nan,nan
1749651037162,RIGHT_WRIST,-0.067316525,-0.40238696,-1.0092952,62.88344955444336
1749651037162,LEFT_HIP,nan,nan,nan,nan
1749651037162,RIGHT_HIP,nan,nan,nan,nan
1749651037196,PELVIS,0.1407303,-0.33156326,-0.78519106,46.70770263671875
1749651037196,SPINE_1,0.14539455,-0.2529818,-0.80556035,75.2051010131836
1749651037196,SPINE_2,0.15021743,-0.16944177,-0.8241433,82.83760833740234
1749651037196,SPINE_3,0.1568864,-0.08549469,-0.85175663,94.00740051269531
1749651037196,NECK,0.16956125,0.0055205524,-0.91144484,97.71088409423828
1749651037196,LEFT_CLAVICLE,0.23647104,0.010111347,-0.894291,98.02010345458984
1749651037196,RIGHT_CLAVICLE,0.0989743,0.000614658,-0.95656484,98.30374145507812
1749651037196,LEFT_SHOULDER,0.3008539,0.014740229,-0.87032616,95.81714630126953
1749651037196,RIGHT_SHOULDER,0.024271859,-0.002569005,-0.9843617,96.73458099365234
1749651037196,LEFT_ELBOW,0.35237262,-0.21785149,-0.8194933,93.33970642089844
1749651037196,RIGHT_ELBOW,-0.031078843,-0.26532832,-1.0319008,96.31433868408203
1749651037196,LEFT_WRIST,nan,nan,nan,nan
1749651037196,RIGHT_WRIST,-0.06804683,-0.40842816,-1.0207217,59.38675308227539
1749651037196,LEFT_HIP,nan,nan,nan,nan
1749651037196,RIGHT_HIP,nan,nan,nan,nan
1749651037229,PELVIS,0.14318347,-0.32719994,-0.7869131,46.83003616333008
1749651037229,SPINE_1,0.14762716,-0.2496162,-0.80750036,75.37358093261719
1749651037229,SPINE_2,0.15150003,-0.16674663,-0.82357794,83.07827758789062
1749651037229,SPINE_3,0.15751922,-0.08507442,-0.8513076,94.22728729248047
1749651037229,NECK,0.16957907,0.005592972,-0.91151255,98.10655975341797
1749651037229,LEFT_CLAVICLE,0.23646948,0.010180771,-0.8942952,98.4123764038086
1749651037229,RIGHT_CLAVICLE,0.0981664,0.0006377548,-0.95672673,98.54933166503906
1749651037229,LEFT_SHOULDER,0.30103305,0.015232012,-0.87023455,96.68505096435547
1749651037229,RIGHT_SHOULDER,0.023836495,-0.0028295964,-0.9815755,97.13032531738281
1749651037229,LEFT_ELBOW,0.35306937,-0.21791911,-0.8194916,93.06107330322266
1749651037229,RIGHT_ELBOW,-0.030901426,-0.26430568,-1.0340673,96.47599792480469
1749651037229,LEFT_WRIST,nan,nan,nan,nan
1749651037229,RIGHT_WRIST,-0.06705091,-0.4038294,-1.0108281,60.73472595214844
1749651037229,LEFT_HIP,nan,nan,nan,nan
1749651037229,RIGHT_HIP,nan,nan,nan,nan
1749651037263,PELVIS,0.14726694,-0.32421616,-0.78793544,59.520965576171875
1749651037263,SPINE_1,0.14925271,-0.2473431,-0.808813,81.62007141113281
1749651037263,SPINE_2,0.15240125,-0.16488424,-0.8230705,86.49925231933594
1749651037263,SPINE_3,0.15813985,-0.082564555,-0.8520777,94.90975952148438
1749651037263,NECK,0.16540715,0.0060769916,-0.8905886,97.06214904785156
1749651037263,LEFT_CLAVICLE,0.23646766,0.01012218,-0.8942839,97.40943908691406
1749651037263,RIGHT_CLAVICLE,0.097696744,0.0005912334,-0.95684403,97.866455078125
1749651037263,LEFT_SHOULDER,0.30017713,0.015354186,-0.87024176,94.51741790771484
1749651037263,RIGHT_SHOULDER,0.02383754,-0.0028657466,-0.98617065,95.98336791992188
1749651037263,LEFT_ELBOW,0.3526082,-0.21767482,-0.81986386,90.74669647216797
1749651037263,RIGHT_ELBOW,-0.030427124,-0.26209754,-1.0327759,95.85575103759766
1749651037263,LEFT_WRIST,nan,nan,nan,nan
1749651037263,RIGHT_WRIST,-0.065321065,-0.4010651,-1.0062753,60.15031814575195
1749651037263,LEFT_HIP,0.23838457,-0.31921,-0.79267454,45.19811248779297
1749651037263,RIGHT_HIP,0.06396734,-0.33895862,-0.8228782,53.70162582397461
1749651037296,PELVIS,0.14995992,-0.32232428,-0.7885313,47.09295654296875
1749651037296,SPINE_1,0.15243313,-0.24557275,-0.8083424,75.86087036132812
1749651037296,SPINE_2,0.15292105,-0.16580492,-0.8224839,83.84175109863281
1749651037296,SPINE_3,0.15838817,-0.08299621,-0.8516298,94.94860076904297
1749651037296,NECK,0.16657297,0.0059283227,-0.89781076,99.44075012207031
1749651037296,LEFT_CLAVICLE,0.23645136,0.010163933,-0.8942579,99.34112548828125
1749651037296,RIGHT_CLAVICLE,0.10009007,-0.0018964261,-0.9555286,99.76143646240234
1749651037296,LEFT_SHOULDER,0.30037618,0.014230922,-0.8696593,98.37511444091797
1749651037296,RIGHT_SHOULDER,0.02657686,-0.005468771,-0.98784083,99.76580047607422
1749651037296,LEFT_ELBOW,0.35224646,-0.21685049,-0.8199024,94.31442260742188
1749651037296,RIGHT_ELBOW,-0.030827781,-0.26166373,-1.0331731,98.10029602050781
1749651037296,LEFT_WRIST,nan,nan,nan,nan
1749651037296,RIGHT_WRIST,-0.06654709,-0.40037268,-1.0013832,60.99040985107422
1749651037296,LEFT_HIP,nan,nan,nan,nan
1749651037296,RIGHT_HIP,nan,nan,nan,nan
1749651037329,PELVIS,0.14923361,-0.32135552,-0.7888413,46.242515563964844
1749651037329,SPINE_1,0.15228553,-0.24492013,-0.80918777,75.41787719726562
1749651037329,SPINE_2,0.15320101,-0.16656892,-0.82226443,83.58370971679688
1749651037329,SPINE_3,0.15853271,-0.08341392,-0.85149556,94.8698959350586
1749651037329,NECK,0.16721614,0.003323242,-0.9011591,99.43878173828125
1749651037329,LEFT_CLAVICLE,0.23600677,0.0077762455,-0.8923149,99.33772277832031
1749651037329,RIGHT_CLAVICLE,0.10173513,-0.0035170466,-0.9545398,99.76165008544922
1749651037329,LEFT_SHOULDER,0.300469,0.01319091,-0.8702437,98.3658447265625
1749651037329,RIGHT_SHOULDER,0.028291965,-0.0072745383,-0.98080856,99.76846313476562
1749651037329,LEFT_ELBOW,0.35200277,-0.21615687,-0.81917477,93.71710205078125
1749651037329,RIGHT_ELBOW,-0.030900313,-0.26138213,-1.0344577,98.02236938476562
1749651037329,LEFT_WRIST,nan,nan,nan,nan
1749651037329,RIGHT_WRIST,-0.06556872,-0.3985737,-0.9967423,59.52479934692383
1749651037329,LEFT_HIP,nan,nan,nan,nan
1749651037329,RIGHT_HIP,nan,nan,nan,nan
1749651037363,PELVIS,0.1506567,-0.32105005,-0.78876406,45.638309478759766
1749651037363,SPINE_1,0.15403698,-0.24450168,-0.8083923,75.10449981689453
1749651037363,SPINE_2,0.15330057,-0.16720015,-0.82217836,83.40506744384766
1749651037363,SPINE_3,0.1586321,-0.08385527,-0.85165346,94.81871795654297
1749651037363,NECK,0.16779405,0.0015091598,-0.9037269,99.44647216796875
1749651037363,LEFT_CLAVICLE,0.2357092,0.0060785413,-0.89104354,99.34944915771484
1749651037363,RIGHT_CLAVICLE,0.10275972,-0.004520759,-0.95404315,99.76234436035156
1749651037363,LEFT_SHOULDER,0.30038238,0.0121599585,-0.8697025,98.39685821533203
1749651037363,RIGHT_SHOULDER,0.030177912,-0.0085386485,-0.99364567,99.76309967041016
1749651037363,LEFT_ELBOW,0.3522952,-0.21671093,-0.81902796,93.51589965820312
1749651037363,RIGHT_ELBOW,-0.030736616,-0.26208776,-1.0293323,98.04949188232422
1749651037363,LEFT_WRIST,nan,nan,nan,nan
1749651037363,RIGHT_WRIST,-0.06577141,-0.3971566,-0.99394053,61.01089859008789
1749651037363,LEFT_HIP,nan,nan,nan,nan
1749651037363,RIGHT_HIP,nan,nan,nan,nan
1749651037396,PELVIS,0.15144773,-0.32097417,-0.7886068,46.11811065673828
1749651037396,SPINE_1,0.1529141,-0.24462587,-0.80909014,75.35240173339844
1749651037396,SPINE_2,0.15328519,-0.1674693,-0.82211846,83.54496002197266
1749651037396,SPINE_3,0.15867166,-0.0840573,-0.8519442,94.85736846923828
1749651037396,NECK,0.16820474,0.0005929768,-0.90545,99.4365463256836
1749651037396,LEFT_CLAVICLE,0.23548481,0.0052426457,-0.89037526,99.3372802734375
1749651037396,RIGHT_CLAVICLE,0.10321439,-0.004859984,-0.9537004,99.75853729248047
1749651037396,LEFT_SHOULDER,0.30031773,0.011729941,-0.86997736,98.36666107177734
1749651037396,RIGHT_SHOULDER,0.030602833,-0.009068489,-0.99024767,99.7603759765625
1749651037396,LEFT_ELBOW,0.3516309,-0.21605045,-0.81946677,95.7332992553711
1749651037396,RIGHT_ELBOW,-0.0308699,-0.26408744,-1.0300566,98.03144836425781
1749651037396,LEFT_WRIST,nan,nan,nan,nan
1749651037396,RIGHT_WRIST,-0.06647173,-0.395901,-0.9933346,60.970909118652344
1749651037396,LEFT_HIP,nan,nan,nan,nan
1749651037396,RIGHT_HIP,nan,nan,nan,nan
1749651037430,PELVIS,0.14953022,-0.3211699,-0.78864956,45.754520416259766
1749651037430,SPINE_1,0.15194947,-0.24488479,-0.80951446,74.71424102783203
1749651037430,SPINE_2,0.15328139,-0.1654733,-0.8225075,82.56783294677734
1749651037430,SPINE_3,0.15868135,-0.08420365,-0.8521465,93.94181060791016
1749651037430,NECK,0.16896701,0.0025987178,-0.90936154,97.75907897949219
1749651037430,LEFT_CLAVICLE,0.23580818,0.0072467923,-0.892056,98.0754165649414
1749651037430,RIGHT_CLAVICLE,0.10077575,-0.002365768,-0.95516425,98.32626342773438
1749651037430,LEFT_SHOULDER,0.29979286,0.013080463,-0.86977965,95.94676208496094
1749651037430,RIGHT_SHOULDER,0.027845899,-0.00658834,-0.9856488,96.7586669921875
1749651037430,LEFT_ELBOW,0.35147932,-0.21699354,-0.81967473,92.84184265136719
1749651037430,RIGHT_ELBOW,-0.030475441,-0.26484817,-1.0323642,95.96766662597656
1749651037430,LEFT_WRIST,nan,nan,nan,nan
1749651037430,RIGHT_WRIST,-0.06487438,-0.3954326,-0.9920646,58.66618728637695
1749651037430,LEFT_HIP,nan,nan,nan,nan
1749651037430,RIGHT_HIP,nan,nan,nan,nan
1749651037463,PELVIS,0.14808355,-0.32142842,-0.7886776,46.354248046875
1749651037463,SPINE_1,0.15125103,-0.24516827,-0.80977947,75.47534942626953
1749651037463,SPINE_2,0.15317138,-0.16623898,-0.822251,83.61599731445312
1749651037463,SPINE_3,0.15867075,-0.084276445,-0.8522569,94.87859344482422
1749651037463,NECK,0.1690485,0.0016680807,-0.90887207,99.4358901977539
1749651037463,LEFT_CLAVICLE,0.2361038,0.008754164,-0.8933651,99.33641815185547
1749651037463,RIGHT_CLAVICLE,0.101658314,-0.0031285435,-0.95486593,99.75833892822266
1749651037463,LEFT_SHOULDER,0.30010694,0.01296863,-0.86983794,98.3644790649414
1749651037463,RIGHT_SHOULDER,0.028670907,-0.007257074,-0.9869911,99.7603759765625
1749651037463,LEFT_ELBOW,0.35174587,-0.21755534,-0.81931126,94.57836151123047
1749651037463,RIGHT_ELBOW,-0.030025044,-0.26118544,-1.0223988,97.91942596435547
1749651037463,LEFT_WRIST,nan,nan,nan,nan
1749651037463,RIGHT_WRIST,-0.06518262,-0.3949523,-0.9921515,58.462249755859375
1749651037463,LEFT_HIP,nan,nan,nan,nan
1749651037463,RIGHT_HIP,nan,nan,nan,nan
1749651037497,PELVIS,0.14714542,-0.3216017,-0.78871363,47.142032623291016
1749651037497,SPINE_1,0.15081342,-0.24533775,-0.8099134,75.38433837890625
1749651037497,SPINE_2,0.15314524,-0.1646289,-0.8225355,82.87499237060547
1749651037497,SPINE_3,0.15864922,-0.08423184,-0.85231704,93.94914245605469
1749651037497,NECK,0.16948862,0.003578633,-0.9110645,97.52143096923828
1749651037497,LEFT_CLAVICLE,0.23633137,0.009820327,-0.89424974,97.84519958496094
1749651037497,RIGHT_CLAVICLE,0.10236251,-0.0010533631,-0.9553917,98.17296600341797
1749651037497,LEFT_SHOULDER,0.2999747,0.014253631,-0.86997116,95.44639587402344
1749651037497,RIGHT_SHOULDER,0.026856186,-0.004606575,-0.9852642,96.50398254394531
1749651037497,LEFT_ELBOW,0.35218683,-0.21793146,-0.8194932,93.83885955810547
1749651037497,RIGHT_ELBOW,-0.030086529,-0.2608981,-1.0244435,95.6657485961914
1749651037497,LEFT_WRIST,nan,nan,nan,nan
1749651037497,RIGHT_WRIST,-0.06574935,-0.3947248,-0.9917862,59.097938537597656
1749651037497,LEFT_HIP,nan,nan,nan,nan
1749651037497,RIGHT_HIP,nan,nan,nan,nan
1749651037530,PELVIS,0.14662398,-0.32182327,-0.7887053,46.208045959472656
1749651037530,SPINE_1,0.15058035,-0.2455429,-0.8099202,75.3973388671875
1749651037530,SPINE_2,0.1530508,-0.16579273,-0.8222061,83.56832122802734
1749651037530,SPINE_3,0.15863943,-0.08427532,-0.8524199,94.8617172241211
1749651037530,NECK,0.16933796,0.0023507178,-0.90966064,99.42914581298828
1749651037530,LEFT_CLAVICLE,0.2360457,0.007921815,-0.8927882,99.32958221435547
1749651037530,RIGHT_CLAVICLE,0.102751374,-0.0023397654,-0.95504093,99.75434875488281
1749651037530,LEFT_SHOULDER,0.30033037,0.013530925,-0.87076455,98.34867095947266
1749651037530,RIGHT_SHOULDER,0.028030418,-0.006067544,-0.98041785,99.75389862060547
1749651037530,LEFT_ELBOW,0.35204694,-0.21810812,-0.8188805,95.08042907714844
1749651037530,RIGHT_ELBOW,-0.031073818,-0.2644631,-1.0264202,98.00955200195312
1749651037530,LEFT_WRIST,nan,nan,nan,nan
1749651037530,RIGHT_WRIST,-0.06990321,-0.39765453,-0.993465,58.49082946777344
1749651037530,LEFT_HIP,nan,nan,nan,nan
1749651037530,RIGHT_HIP,nan,nan,nan,nan
1749651037563,PELVIS,0.14638829,-0.32192534,-0.7887162,46.167396545410156
1749651037563,SPINE_1,0.15047464,-0.24561146,-0.809854,74.9706039428711
1749651037563,SPINE_2,0.1530551,-0.16448629,-0.8224845,82.76908874511719
1749651037563,SPINE_3,0.15863922,-0.08424234,-0.8524923,94.05674743652344
1749651037563,NECK,0.16960178,0.003966704,-0.91113293,97.9020767211914
1749651037563,LEFT_CLAVICLE,0.23629683,0.009002462,-0.89379066,98.2225341796875
1749651037563,RIGHT_CLAVICLE,0.10304201,-0.00068438053,-0.9556101,98.4097900390625
1749651037563,LEFT_SHOULDER,0.3001809,0.014462158,-0.871517,96.27718353271484
1749651037563,RIGHT_SHOULDER,0.026567325,-0.0044555515,-0.98414564,96.88438415527344
1749651037563,LEFT_ELBOW,0.35229814,-0.21827301,-0.8193069,91.3486099243164
1749651037563,RIGHT_ELBOW,-0.03132972,-0.2656405,-1.0258027,95.78631591796875
1749651037563,LEFT_WRIST,nan,nan,nan,nan
1749651037563,RIGHT_WRIST,-0.07328005,-0.40122476,-1.0060571,59.31303405761719
1749651037563,LEFT_HIP,nan,nan,nan,nan
1749651037563,RIGHT_HIP,nan,nan,nan,nan
1749651037597,PELVIS,0.14633855,-0.3220858,-0.7887033,45.98432922363281
1749651037597,SPINE_1,0.15045306,-0.24573717,-0.8097475,74.63728332519531
1749651037597,SPINE_2,0.15305983,-0.1637105,-0.8226248,82.25406646728516
1749651037597,SPINE_3,0.1587886,-0.08209975,-0.8534892,93.56826782226562
1749651037597,NECK,0.16973461,0.004954517,-0.91185385,97.01347351074219
1749651037597,LEFT_CLAVICLE,0.23646276,0.009646922,-0.89440745,97.34796905517578
1749651037597,RIGHT_CLAVICLE,0.100736246,0.0028789192,-0.9593244,97.84886932373047
1749651037597,LEFT_SHOULDER,0.30065632,0.015586823,-0.8713209,94.37060546875
1749651037597,RIGHT_SHOULDER,0.024000052,-0.0027870238,-0.9897793,95.976318359375
1749651037597,LEFT_ELBOW,0.35258007,-0.21826436,-0.81958425,92.79847717285156
1749651037597,RIGHT_ELBOW,-0.03157889,-0.26738614,-1.0290095,94.38545989990234
1749651037597,LEFT_WRIST,nan,nan,nan,nan
1749651037597,RIGHT_WRIST,-0.075523116,-0.40186092,-1.0061373,57.611412048339844
1749651037597,LEFT_HIP,nan,nan,nan,nan
1749651037597,RIGHT_HIP,nan,nan,nan,nan
1749651037630,PELVIS,0.14640602,-0.32209677,-0.78874975,46.72191619873047
1749651037630,SPINE_1,0.15048803,-0.24571596,-0.8097126,75.66674041748047
1749651037630,SPINE_2,0.1529872,-0.16531238,-0.82217306,83.72708892822266
1749651037630,SPINE_3,0.1587353,-0.082804784,-0.85310376,94.91213989257812
1749651037630,NECK,0.1694138,0.0031667054,-0.90980685,99.43580627441406
1749651037630,LEFT_CLAVICLE,0.2365724,0.010130644,-0.8948056,99.33744812011719
1749651037630,RIGHT_CLAVICLE,0.101530686,8.4519386e-05,-0.95737547,99.75719451904297
1749651037630,LEFT_SHOULDER,0.30082145,0.014672264,-0.87136495,98.36795043945312
1749651037630,RIGHT_SHOULDER,0.02649239,-0.0050133616,-0.9880783,99.7566909790039
1749651037630,LEFT_ELBOW,0.35251793,-0.21786503,-0.8201979,93.56197357177734
1749651037630,RIGHT_ELBOW,-0.031695705,-0.26763755,-1.0286012,97.85822296142578
1749651037630,LEFT_WRIST,nan,nan,nan,nan
1749651037630,RIGHT_WRIST,-0.07580793,-0.40655065,-1.0082783,56.40620040893555
1749651037630,LEFT_HIP,nan,nan,nan,nan
1749651037630,RIGHT_HIP,nan,nan,nan,nan
1749651037664,PELVIS,0.14651318,-0.3221072,-0.7887994,46.95188522338867
1749651037664,SPINE_1,0.15053889,-0.24569651,-0.80968964,75.26033020019531
1749651037664,SPINE_2,0.15300886,-0.16434401,-0.8223557,82.76968383789062
1749651037664,SPINE_3,0.15870354,-0.08341826,-0.8528788,93.88310241699219
1749651037664,NECK,0.16953282,0.004310429,-0.91078115,97.43089294433594
1749651037664,LEFT_CLAVICLE,0.23660864,0.010369316,-0.8948839,97.76702117919922
1749651037664,RIGHT_CLAVICLE,0.10225272,0.0005109012,-0.95693296,98.10504913330078
1749651037664,LEFT_SHOULDER,0.3002378,0.0152116865,-0.8715092,95.28728485107422
1749651037664,RIGHT_SHOULDER,0.026099205,-0.0045669526,-0.99359787,96.37671661376953
1749651037664,LEFT_ELBOW,0.3526143,-0.21798836,-0.8207625,92.8586196899414
1749651037664,RIGHT_ELBOW,-0.031498242,-0.26718828,-1.0279267,95.72319793701172
1749651037664,LEFT_WRIST,nan,nan,nan,nan
1749651037664,RIGHT_WRIST,-0.07446426,-0.4063588,-1.0079378,59.24855041503906
1749651037664,LEFT_HIP,nan,nan,nan,nan
1749651037664,RIGHT_HIP,nan,nan,nan,nan
1749651037697,PELVIS,0.14661887,-0.32209983,-0.7888441,46.45564651489258
1749651037697,SPINE_1,0.15059404,-0.24567637,-0.809723,75.08650970458984
1749651037697,SPINE_2,0.15304017,-0.16367334,-0.82256,82.78768157958984
1749651037697,SPINE_3,0.1588157,-0.081632964,-0.85360765,94.01205444335938
1749651037697,NECK,0.16961569,0.0051118582,-0.9114585,97.76533508300781
1749651037697,LEFT_CLAVICLE,0.2366316,0.010462269,-0.8949277,98.09548950195312
1749651037697,RIGHT_CLAVICLE,0.10275049,0.0007888377,-0.9566701,98.31642150878906
1749651037697,LEFT_SHOULDER,0.29997313,0.01581432,-0.8712993,96.00532531738281
1749651037697,RIGHT_SHOULDER,0.025522795,-0.0033601075,-0.9884549,96.720458984375
1749651037697,LEFT_ELBOW,0.35255527,-0.21785995,-0.821088,93.74954986572266
1749651037697,RIGHT_ELBOW,-0.03112257,-0.2663856,-1.0296572,95.6912841796875
1749651037697,LEFT_WRIST,nan,nan,nan,nan
1749651037697,RIGHT_WRIST,-0.07326224,-0.4072303,-1.0144441,56.76020431518555
1749651037697,LEFT_HIP,nan,nan,nan,nan
1749651037697,RIGHT_HIP,nan,nan,nan,nan
1749651037731,PELVIS,0.14668185,-0.32215524,-0.78885746,46.93995666503906
1749651037731,SPINE_1,0.1506237,-0.24572384,-0.80972874,75.4150619506836
1749651037731,SPINE_2,0.15305859,-0.16333364,-0.82265097,83.08036041259766
1749651037731,SPINE_3,0.15874754,-0.08272738,-0.85305756,94.20515441894531
1749651037731,NECK,0.16969758,0.0055184066,-0.9119095,98.04461669921875
1749651037731,LEFT_CLAVICLE,0.23666117,0.010378495,-0.894933,98.35906982421875
1749651037731,RIGHT_CLAVICLE,0.103071176,0.00086817145,-0.95656675,98.50291442871094
1749651037731,LEFT_SHOULDER,0.3001247,0.015191957,-0.87034714,96.57491302490234
1749651037731,RIGHT_SHOULDER,0.025200753,-0.0036427528,-0.9916946,97.04222106933594
1749651037731,LEFT_ELBOW,0.35259712,-0.21714064,-0.8207857,92.05552673339844
1749651037731,RIGHT_ELBOW,-0.030590057,-0.2632626,-1.029402,96.06256103515625
1749651037731,LEFT_WRIST,nan,nan,nan,nan
1749651037731,RIGHT_WRIST,-0.07205232,-0.40841037,-1.0239736,60.00065612792969
1749651037731,LEFT_HIP,nan,nan,nan,nan
1749651037731,RIGHT_HIP,nan,nan,nan,nan
1749651037764,PELVIS,0.14674355,-0.32220414,-0.7888885,48.15867614746094
1749651037764,SPINE_1,0.15065542,-0.24576685,-0.8097584,76.02214050292969
1749651037764,SPINE_2,0.15306464,-0.16317336,-0.82264096,83.39370727539062
1749651037764,SPINE_3,0.15886593,-0.081356116,-0.8538114,94.2569808959961
1749651037764,NECK,0.16974868,0.0057007074,-0.9122179,97.92282104492188
1749651037764,LEFT_CLAVICLE,0.23664138,0.01027368,-0.8948293,98.23238372802734
1749651037764,RIGHT_CLAVICLE,0.10055229,0.00086919963,-0.9573849,98.43328857421875
1749651037764,LEFT_SHOULDER,0.3005808,0.015526518,-0.87009805,96.2879409790039
1749651037764,RIGHT_SHOULDER,0.024236338,-0.0029382706,-0.9861985,96.93959045410156
1749651037764,LEFT_ELBOW,0.35234034,-0.21716025,-0.82058966,93.03131866455078
1749651037764,RIGHT_ELBOW,-0.0302012,-0.26352647,-1.0364451,95.82910919189453
1749651037764,LEFT_WRIST,nan,nan,nan,nan
1749651037764,RIGHT_WRIST,-0.06981241,-0.40288866,-1.0136536,59.941505432128906
1749651037764,LEFT_HIP,nan,nan,nan,nan
1749651037764,RIGHT_HIP,nan,nan,nan,nan
1749651037798,PELVIS,0.14678569,-0.32211676,-0.78896695,47.61050033569336
1749651037798,SPINE_1,0.15067664,-0.2456688,-0.8098168,75.6907730102539
1749651037798,SPINE_2,0.1530812,-0.16301896,-0.8227258,83.13758087158203
1749651037798,SPINE_3,0.15896957,-0.08033001,-0.85443,94.11518859863281
1749651037798,NECK,0.16753972,0.008352697,-0.91480297,97.75184631347656
1749651037798,LEFT_CLAVICLE,0.2369427,0.012738526,-0.8961881,98.06619262695312
1749651037798,RIGHT_CLAVICLE,0.099041164,0.0035677105,-0.9602538,98.32380676269531
1749651037798,LEFT_SHOULDER,0.30050352,0.016348362,-0.8709254,95.9242935180664
1749651037798,RIGHT_SHOULDER,0.021575889,-0.0017382503,-0.98813283,96.75804138183594
1749651037798,LEFT_ELBOW,0.35229954,-0.2168425,-0.8203489,93.34052276611328
1749651037798,RIGHT_ELBOW,-0.030780723,-0.26492047,-1.0352392,94.5306625366211
1749651037798,LEFT_WRIST,nan,nan,nan,nan
1749651037798,RIGHT_WRIST,-0.06958866,-0.40602,-1.0255198,60.99175262451172
1749651037798,LEFT_HIP,nan,nan,nan,nan
1749651037798,RIGHT_HIP,nan,nan,nan,nan
1749651037831,PELVIS,0.14681481,-0.32223207,-0.7889471,46.066932678222656
1749651037831,SPINE_1,0.15069582,-0.24579051,-0.8098292,74.94451141357422
1749651037831,SPINE_2,0.15311548,-0.16318026,-0.8228875,82.79035186767578
1749651037831,SPINE_3,0.15887697,-0.08214747,-0.8537443,94.10066223144531
1749651037831,NECK,0.16833372,0.0073683113,-0.9139706,98.00335693359375
1749651037831,LEFT_CLAVICLE,0.23683853,0.011735603,-0.89567226,98.30792236328125
1749651037831,RIGHT_CLAVICLE,0.10065051,0.0025285333,-0.9589498,98.4875259399414
1749651037831,LEFT_SHOULDER,0.30071002,0.015923887,-0.8701744,96.45087432861328
1749651037831,RIGHT_SHOULDER,0.022440778,-0.0023185313,-0.9851627,97.03401184082031
1749651037831,LEFT_ELBOW,0.3522277,-0.21712156,-0.8202641,92.45220184326172
1749651037831,RIGHT_ELBOW,-0.030523209,-0.2654193,-1.0348182,96.2834701538086
1749651037831,LEFT_WRIST,nan,nan,nan,nan
1749651037831,RIGHT_WRIST,-0.06847733,-0.4032968,-1.0154303,61.248802185058594
1749651037831,LEFT_HIP,nan,nan,nan,nan
1749651037831,RIGHT_HIP,nan,nan,nan,nan
1749651037865,PELVIS,0.146828,-0.32218212,-0.7890109,47.159568786621094
1749651037865,SPINE_1,0.15070046,-0.24572808,-0.8098567,75.41337585449219
1749651037865,SPINE_2,0.15313956,-0.16318846,-0.8230193,82.91915130615234
1749651037865,SPINE_3,0.15881307,-0.083318256,-0.85332304,93.99072265625
1749651037865,NECK,0.16899864,0.006677106,-0.9132803,97.59716796875
1749651037865,LEFT_CLAVICLE,0.23676409,0.011071563,-0.8953063,97.90543365478516
1749651037865,RIGHT_CLAVICLE,0.099213354,0.0018351972,-0.9587655,98.23483276367188
1749651037865,LEFT_SHOULDER,0.3010427,0.015608504,-0.87153465,95.56309509277344
1749651037865,RIGHT_SHOULDER,0.022851132,-0.0028367639,-0.9806817,96.62700653076172
1749651037865,LEFT_ELBOW,0.35212576,-0.21767515,-0.8195077,92.29739379882812
1749651037865,RIGHT_ELBOW,-0.030000001,-0.2623635,-1.0341988,96.13504791259766
1749651037865,LEFT_WRIST,nan,nan,nan,nan
1749651037865,RIGHT_WRIST,-0.06821227,-0.40165108,-1.015506,61.368839263916016
1749651037865,LEFT_HIP,nan,nan,nan,nan
1749651037865,RIGHT_HIP,nan,nan,nan,nan
1749651037898,PELVIS,0.14685673,-0.322105,-0.7890446,46.677154541015625
1749651037898,SPINE_1,0.15071394,-0.24564177,-0.80986446,75.18978118896484
1749651037898,SPINE_2,0.15314525,-0.16316289,-0.8230204,82.82970428466797
1749651037898,SPINE_3,0.1589163,-0.08180388,-0.85410374,94.00605773925781
1749651037898,NECK,0.1671352,0.0062045455,-0.91480565,97.7138900756836
1749651037898,LEFT_CLAVICLE,0.23667227,0.01064451,-0.8950273,98.03376770019531
1749651037898,RIGHT_CLAVICLE,0.098252095,0.0013601184,-0.95860416,98.2950439453125
1749651037898,LEFT_SHOULDER,0.30104366,0.016139835,-0.8723772,95.85826873779297
1749651037898,RIGHT_SHOULDER,0.021289965,-0.0023400635,-0.99052155,96.70341491699219
1749651037898,LEFT_ELBOW,0.3520734,-0.21865192,-0.8189257,94.37272644042969
1749651037898,RIGHT_ELBOW,-0.03020525,-0.26379496,-1.0334445,94.76222229003906
1749651037898,LEFT_WRIST,nan,nan,nan,nan
1749651037898,RIGHT_WRIST,-0.06720119,-0.4029113,-1.014974,57.520259857177734
1749651037898,LEFT_HIP,nan,nan,nan,nan
1749651037898,RIGHT_HIP,nan,nan,nan,nan
1749651037931,PELVIS,0.14684375,-0.3221072,-0.7890934,48.08455276489258
1749651037931,SPINE_1,0.15070081,-0.24562377,-0.8098545,75.94810485839844
1749651037931,SPINE_2,0.15313044,-0.16318385,-0.822919,83.3013687133789
1749651037931,SPINE_3,0.15887517,-0.082977794,-0.8537805,94.17830657958984
1749651037931,NECK,0.16824462,0.005835697,-0.913788,97.78593444824219
1749651037931,LEFT_CLAVICLE,0.23664138,0.0103203505,-0.8948663,98.1025390625
1749651037931,RIGHT_CLAVICLE,0.100417666,0.0010241717,-0.95767343,98.34247589111328
1749651037931,LEFT_SHOULDER,0.3014763,0.015161678,-0.87103057,96.00708770751953
1749651037931,RIGHT_SHOULDER,0.022746198,-0.002586618,-0.9887328,96.78392028808594
1749651037931,LEFT_ELBOW,0.35159948,-0.21815644,-0.8196895,94.00762939453125
1749651037931,RIGHT_ELBOW,-0.02999969,-0.26117188,-1.035793,96.35030364990234
1749651037931,LEFT_WRIST,nan,nan,nan,nan
1749651037931,RIGHT_WRIST,-0.06730074,-0.39905977,-1.0080116,64.48361206054688
1749651037931,LEFT_HIP,nan,nan,nan,nan
1749651037931,RIGHT_HIP,nan,nan,nan,nan
1749651037965,PELVIS,0.146836,-0.32213557,-0.7891196,60.12666320800781
1749651037965,SPINE_1,0.1507017,-0.24565263,-0.8099028,82.15392303466797
1749651037965,SPINE_2,0.15309294,-0.16319856,-0.82268417,87.1944351196289
1749651037965,SPINE_3,0.15882774,-0.08379719,-0.8534632,95.51354217529297
1749651037965,NECK,0.16557434,0.0060216486,-0.8919821,98.16415405273438
1749651037965,LEFT_CLAVICLE,0.2366023,0.010121569,-0.8947148,98.46372985839844
1749651037965,RIGHT_CLAVICLE,0.10195379,0.00081308186,-0.956996,98.5906753540039
1749651037965,LEFT_SHOULDER,0.30169865,0.0153347105,-0.8704748,96.79345703125
1749651037965,RIGHT_SHOULDER,0.023730738,-0.0029749274,-0.99233174,97.20648956298828
1749651037965,LEFT_ELBOW,0.35104516,-0.21728998,-0.82025784,91.95661926269531
1749651037965,RIGHT_ELBOW,-0.029816918,-0.25994736,-1.0349656,96.41031646728516
1749651037965,LEFT_WRIST,nan,nan,nan,nan
1749651037965,RIGHT_WRIST,-0.06545435,-0.39549634,-1.0027033,62.04847717285156
1749651037965,LEFT_HIP,0.23876445,-0.32134286,-0.79683566,45.43450927734375
1749651037965,RIGHT_HIP,0.061711174,-0.33856755,-0.82486665,54.649024963378906
1749651037998,PELVIS,0.1468419,-0.32225046,-0.7890894,47.00354766845703
1749651037998,SPINE_1,0.15070999,-0.24577552,-0.80990905,75.39965057373047
1749651037998,SPINE_2,0.15304053,-0.16328259,-0.8223561,83.00458526611328
1749651037998,SPINE_3,0.15878947,-0.0843906,-0.85327077,94.11328887939453
1749651037998,NECK,0.16702308,0.005646333,-0.89880437,97.8583755493164
1749651037998,LEFT_CLAVICLE,0.23658754,0.009930387,-0.8947473,98.17501831054688
1749651037998,RIGHT_CLAVICLE,0.102888286,0.0005941093,-0.95655215,98.3868179321289
1749651037998,LEFT_SHOULDER,0.3018387,0.014583841,-0.86962974,96.16780090332031
1749651037998,RIGHT_SHOULDER,0.024154693,-0.0037760586,-0.99313396,96.85417938232422
1749651037998,LEFT_ELBOW,0.35139441,-0.2172134,-0.82044566,93.26240539550781
1749651037998,RIGHT_ELBOW,-0.030187247,-0.26070803,-1.0355567,96.4166259765625
1749651037998,LEFT_WRIST,nan,nan,nan,nan
1749651037998,RIGHT_WRIST,-0.06777922,-0.39561754,-0.9991703,63.62618637084961
1749651037998,LEFT_HIP,nan,nan,nan,nan
1749651037998,RIGHT_HIP,nan,nan,nan,nan
1749651038032,PELVIS,0.14683767,-0.32231498,-0.78911096,47.687225341796875
1749651038032,SPINE_1,0.15071799,-0.24585149,-0.80998117,75.79352569580078
1749651038032,SPINE_2,0.15299043,-0.1632999,-0.82209116,83.28401184082031
1749651038032,SPINE_3,0.15877084,-0.08467389,-0.85318977,94.24884033203125
1749651038032,NECK,0.16820203,0.005437255,-0.9047722,97.99282836914062
1749651038032,LEFT_CLAVICLE,0.23658851,0.00986439,-0.894767,98.29389190673828
1749651038032,RIGHT_CLAVICLE,0.10071568,0.000522539,-0.95721334,98.48455810546875
1749651038032,LEFT_SHOULDER,0.30156106,0.014304012,-0.869251,96.41605377197266
1749651038032,RIGHT_SHOULDER,0.024448443,-0.0039539635,-0.99551505,97.03506469726562
1749651038032,LEFT_ELBOW,0.35152933,-0.21698527,-0.82073617,93.80900573730469
1749651038032,RIGHT_ELBOW,-0.029675012,-0.25885773,-1.0271281,96.36322021484375
1749651038032,LEFT_WRIST,nan,nan,nan,nan
1749651038032,RIGHT_WRIST,-0.0672137,-0.39397013,-1.002415,61.33993911743164
1749651038032,LEFT_HIP,nan,nan,nan,nan
1749651038032,RIGHT_HIP,nan,nan,nan,nan
1749651038065,PELVIS,0.1468594,-0.32218146,-0.7892325,58.050411224365234
1749651038065,SPINE_1,0.1507487,-0.24572971,-0.8101694,81.07698059082031
1749651038065,SPINE_2,0.15294656,-0.16309413,-0.82189965,86.45112609863281
1749651038065,SPINE_3,0.15875159,-0.08456548,-0.85316145,95.2054443359375
1749651038065,NECK,0.16540526,0.0052452385,-0.8865241,97.93928527832031
1749651038065,LEFT_CLAVICLE,0.23660342,0.010078281,-0.8949077,98.25345611572266
1749651038065,RIGHT_CLAVICLE,0.10179715,0.00073486567,-0.9569327,98.43880462646484
1749651038065,LEFT_SHOULDER,0.30185732,0.01413703,-0.870206,96.33948516845703
1749651038065,RIGHT_SHOULDER,0.024641769,-0.0042863786,-0.9880718,96.94078826904297
1749651038065,LEFT_ELBOW,0.35153535,-0.21680409,-0.8208863,92.83413696289062
1749651038065,RIGHT_ELBOW,-0.030040696,-0.26012608,-1.0278249,96.38085174560547
1749651038065,LEFT_WRIST,nan,nan,nan,nan
1749651038065,RIGHT_WRIST,-0.06687655,-0.39230332,-1.0000969,62.33949661254883
1749651038065,LEFT_HIP,0.23966168,-0.32397938,-0.7994963,43.05175018310547
1749651038065,RIGHT_HIP,0.062159523,-0.338169,-0.8249307,52.888519287109375
1749651038099,PELVIS,0.14686145,-0.32221395,-0.7892802,58.678428649902344
1749651038099,SPINE_1,0.15076724,-0.2457777,-0.8102882,81.31012725830078
1749651038099,SPINE_2,0.1529275,-0.16308673,-0.8218436,86.47413635253906
1749651038099,SPINE_3,0.15874058,-0.08454583,-0.85310835,95.08271789550781
1749651038099,NECK,0.16329613,0.0051213205,-0.8752638,97.57268524169922
1749651038099,LEFT_CLAVICLE,0.23666756,0.0101059675,-0.8951598,97.88642120361328
1749651038099,RIGHT_CLAVICLE,0.10257276,0.0007647425,-0.95679194,98.2143783569336
1749651038099,LEFT_SHOULDER,0.30171752,0.014014289,-0.8700794,95.52682495117188
1749651038099,RIGHT_SHOULDER,0.024742989,-0.0044745356,-0.9907167,96.58576202392578
1749651038099,LEFT_ELBOW,0.3521679,-0.2181203,-0.8201624,93.37796783447266
1749651038099,RIGHT_ELBOW,-0.029802099,-0.2606833,-1.0280447,95.96236419677734
1749651038099,LEFT_WRIST,nan,nan,nan,nan
1749651038099,RIGHT_WRIST,-0.06631996,-0.39075106,-0.99806404,58.172332763671875
1749651038099,LEFT_HIP,0.23942174,-0.323388,-0.7990354,43.63780212402344
1749651038099,RIGHT_HIP,0.06271651,-0.33837932,-0.8242866,53.5389404296875
1749651038166,PELVIS,0.14686601,-0.32227975,-0.78931564,47.224388122558594
1749651038166,SPINE_1,0.15077089,-0.24583215,-0.81027764,75.55005645751953
1749651038166,SPINE_2,0.15290561,-0.16310543,-0.82178056,83.1398696899414
1749651038166,SPINE_3,0.15876155,-0.08451054,-0.853261,94.20331573486328
1749651038166,NECK,0.1658951,0.005246654,-0.8946779,97.98976135253906
1749651038166,LEFT_CLAVICLE,0.23673171,0.010109454,-0.8953646,98.29448699951172
1749651038166,RIGHT_CLAVICLE,0.103194185,0.0007687807,-0.9567403,98.47904205322266
1749651038166,LEFT_SHOULDER,0.30179763,0.014019012,-0.8701197,96.421142578125
1749651038166,RIGHT_SHOULDER,0.024945518,-0.0044209063,-0.995149,97.02024841308594
1749651038166,LEFT_ELBOW,0.35190636,-0.21859363,-0.81968313,92.77001190185547
1749651038166,RIGHT_ELBOW,-0.029673524,-0.26201135,-1.0255005,95.25019836425781
1749651038166,LEFT_WRIST,nan,nan,nan,nan
1749651038166,RIGHT_WRIST,-0.06677498,-0.39791095,-1.0140374,55.78438186645508
1749651038166,LEFT_HIP,nan,nan,nan,nan
1749651038166,RIGHT_HIP,nan,nan,nan,nan
1749651038199,PELVIS,0.14688013,-0.32223916,-0.7893288,46.97266387939453
1749651038199,SPINE_1,0.15076922,-0.24577324,-0.8102236,75.32831573486328
1749651038199,SPINE_2,0.15288363,-0.16303101,-0.82164824,82.8874740600586
1749651038199,SPINE_3,0.15878412,-0.08436385,-0.8534093,93.999755859375
1749651038199,NECK,0.16812757,0.0054810494,-0.907393,97.6482925415039
1749651038199,LEFT_CLAVICLE,0.23678008,0.010199323,-0.89557296,97.97089385986328
1749651038199,RIGHT_CLAVICLE,0.100209974,0.00085294247,-0.9578133,98.25209045410156
1749651038199,LEFT_SHOULDER,0.30225575,0.013837442,-0.87131387,95.72216033935547
1749651038199,RIGHT_SHOULDER,0.024449002,-0.0043587983,-0.993906,96.63096618652344
1749651038199,LEFT_ELBOW,0.3512936,-0.21780427,-0.8205639,92.4334487915039
1749651038199,RIGHT_ELBOW,-0.029314082,-0.2594934,-1.0308963,95.42353820800781
1749651038199,LEFT_WRIST,nan,nan,nan,nan
1749651038199,RIGHT_WRIST,-0.064094074,-0.3936304,-1.0020181,57.03411865234375
1749651038199,LEFT_HIP,nan,nan,nan,nan
1749651038199,RIGHT_HIP,nan,nan,nan,nan
1749651038232,PELVIS,0.14686881,-0.32223338,-0.78931296,59.71318435668945
1749651038232,SPINE_1,0.15076165,-0.24576795,-0.81021076,81.83238220214844
1749651038232,SPINE_2,0.152867,-0.16301005,-0.82155716,86.81208801269531
1749651038232,SPINE_3,0.15880094,-0.084304705,-0.85346144,95.20075988769531
1749651038232,NECK,0.16637875,0.00481534,-0.8900457,97.610595703125
1749651038232,LEFT_CLAVICLE,0.2394085,0.010208651,-0.89487696,97.94366455078125
1749651038232,RIGHT_CLAVICLE,0.10143526,0.0008775294,-0.95755905,98.21858215332031
1749651038232,LEFT_SHOULDER,0.30258566,0.01321353,-0.87203085,95.67279815673828
1749651038232,RIGHT_SHOULDER,0.026312102,-0.004734859,-0.98850733,96.56092834472656
1749651038232,LEFT_ELBOW,0.35100424,-0.21723768,-0.82107866,92.19467163085938
1749651038232,RIGHT_ELBOW,-0.02905374,-0.25846303,-1.0325754,96.34877014160156
1749651038232,LEFT_WRIST,nan,nan,nan,nan
1749651038232,RIGHT_WRIST,-0.06469013,-0.3914382,-1.0015804,59.70696258544922
1749651038232,LEFT_HIP,0.2381366,-0.3232985,-0.79963404,44.988033294677734
1749651038232,RIGHT_HIP,0.06325016,-0.33757877,-0.82610345,54.267234802246094
1749651038266,PELVIS,0.14687222,-0.32228887,-0.789259,47.19567108154297
1749651038266,SPINE_1,0.1507738,-0.24584828,-0.8102456,75.4263916015625
1749651038266,SPINE_2,0.15285142,-0.16306013,-0.8214512,82.91859436035156
1749651038266,SPINE_3,0.15880616,-0.08434601,-0.85347944,93.98210144042969
1749651038266,NECK,0.16804112,0.005076006,-0.9017571,97.57421875
1749651038266,LEFT_CLAVICLE,0.23849316,0.010148793,-0.8953693,97.88892364501953
1749651038266,RIGHT_CLAVICLE,0.102288246,0.000802204,-0.95745075,98.2143783569336
1749651038266,LEFT_SHOULDER,0.30195764,0.013825238,-0.8712823,95.53333282470703
1749651038266,RIGHT_SHOULDER,0.02593665,-0.004503399,-0.9915091,96.58419799804688
1749651038266,LEFT_ELBOW,0.35161692,-0.21745466,-0.82199675,92.42860412597656
1749651038266,RIGHT_ELBOW,-0.029262012,-0.2582676,-1.0310527,95.1172103881836
1749651038266,LEFT_WRIST,nan,nan,nan,nan
1749651038266,RIGHT_WRIST,-0.0655025,-0.39184058,-0.9993451,57.64051055908203
1749651038266,LEFT_HIP,nan,nan,nan,nan
1749651038266,RIGHT_HIP,nan,nan,nan,nan
1749651038299,PELVIS,0.1468586,-0.32222658,-0.7892518,59.222232818603516
1749651038299,SPINE_1,0.15077709,-0.24580921,-0.81031495,81.6597671508789
1749651038299,SPINE_2,0.1528386,-0.16299374,-0.8213958,86.81331634521484
1749651038299,SPINE_3,0.1588201,-0.08428161,-0.8535306,95.31782531738281
1749651038299,NECK,0.1664806,0.0049126446,-0.88562435,97.94141387939453
1749651038299,LEFT_CLAVICLE,0.24020477,0.010199532,-0.89476717,98.26788330078125
1749651038299,RIGHT_CLAVICLE,0.10284824,0.0008697957,-0.9573266,98.4278793334961
1749651038299,LEFT_SHOULDER,0.3024379,0.013433769,-0.87106997,96.38412475585938
1749651038299,RIGHT_SHOULDER,0.027435925,-0.0042111576,-0.9852554,96.90319061279297
1749651038299,LEFT_ELBOW,0.35152748,-0.2166354,-0.82210505,93.60749816894531
1749651038299,RIGHT_ELBOW,-0.029738182,-0.26043952,-1.0370054,96.10596466064453
1749651038299,LEFT_WRIST,nan,nan,nan,nan
1749651038299,RIGHT_WRIST,-0.06536398,-0.3914886,-0.99799037,57.320953369140625
1749651038299,LEFT_HIP,0.23810822,-0.3205456,-0.79556644,44.16734313964844
1749651038299,RIGHT_HIP,0.06428996,-0.33830363,-0.8258982,54.08644104003906
1749651038333,PELVIS,0.14685456,-0.32223272,-0.7892514,60.436607360839844
1749651038333,SPINE_1,0.15078534,-0.24583353,-0.8103752,82.18061828613281
1749651038333,SPINE_2,0.15284418,-0.16300757,-0.8214405,87.01513671875
1749651038333,SPINE_3,0.15882468,-0.08428804,-0.8535337,95.24757385253906
1749651038333,NECK,0.1653489,0.0049366504,-0.8769211,97.56501770019531
1749651038333,LEFT_CLAVICLE,0.24123064,0.0101837665,-0.89431566,97.88748931884766
1749651038333,RIGHT_CLAVICLE,0.10317134,0.0008612722,-0.95728254,98.20104217529297
1749651038333,LEFT_SHOULDER,0.30224428,0.013406709,-0.87082916,95.53816223144531
1749651038333,RIGHT_SHOULDER,0.028404292,-0.004014805,-0.9810395,96.55046081542969
1749651038333,LEFT_ELBOW,0.3517931,-0.21664187,-0.82203925,92.31610870361328
1749651038333,RIGHT_ELBOW,-0.02975248,-0.26198074,-1.0373355,96.29997253417969
1749651038333,LEFT_WRIST,nan,nan,nan,nan
1749651038333,RIGHT_WRIST,-0.06605012,-0.39207515,-0.99706465,57.4197998046875
1749651038333,LEFT_HIP,0.23788038,-0.31965005,-0.79385585,45.87641525268555
1749651038333,RIGHT_HIP,0.063939326,-0.3376903,-0.8240906,54.83722686767578
1749651038366,PELVIS,0.14686945,-0.32227212,-0.7892756,59.55901336669922
1749651038366,SPINE_1,0.15080272,-0.24588239,-0.81043446,81.75968933105469
1749651038366,SPINE_2,0.15284191,-0.16303438,-0.821416,86.77244567871094
1749651038366,SPINE_3,0.15881196,-0.08431758,-0.85346514,95.19466400146484
1749651038366,NECK,0.16305865,0.0051444024,-0.87080234,97.62809753417969
1749651038366,LEFT_CLAVICLE,0.23936765,0.010157824,-0.89497864,97.94454956054688
1749651038366,RIGHT_CLAVICLE,0.103318594,0.00081954896,-0.95732945,98.24577331542969
1749651038366,LEFT_SHOULDER,0.30183673,0.0138141215,-0.871934,95.65770721435547
1749651038366,RIGHT_SHOULDER,0.026961926,-0.003937289,-0.98587614,96.63101196289062
1749651038366,LEFT_ELBOW,0.3513791,-0.21653739,-0.82207626,92.29006958007812
1749651038366,RIGHT_ELBOW,-0.029218663,-0.26052684,-1.0340855,95.55038452148438
1749651038366,LEFT_WRIST,nan,nan,nan,nan
1749651038366,RIGHT_WRIST,-0.065147184,-0.39320415,-0.99971914,54.60746383666992
1749651038366,LEFT_HIP,0.23839836,-0.31920218,-0.793591,44.99565505981445
1749651038366,RIGHT_HIP,0.06379663,-0.33781707,-0.82498634,53.96368408203125
1749651038400,PELVIS,0.14687009,-0.32230923,-0.78928286,56.2429084777832
1749651038400,SPINE_1,0.15081504,-0.2459371,-0.81050146,80.07609558105469
1749651038400,SPINE_2,0.15283509,-0.1630611,-0.821368,85.69185638427734
1749651038400,SPINE_3,0.15878396,-0.08434304,-0.85328436,94.81940460205078
1749651038400,NECK,0.1622487,0.00520958,-0.8719619,97.51380157470703
1749651038400,LEFT_CLAVICLE,0.23801933,0.010122463,-0.8954783,97.83344268798828
1749651038400,RIGHT_CLAVICLE,0.10069217,0.0007787645,-0.9581899,98.1723403930664
1749651038400,LEFT_SHOULDER,0.3013925,0.014049694,-0.87083566,95.41629028320312
1749651038400,RIGHT_SHOULDER,0.025577866,-0.0041009784,-0.99036056,96.50969696044922
1749651038400,LEFT_ELBOW,0.35184446,-0.21765816,-0.8228096,91.77950286865234
1749651038400,RIGHT_ELBOW,-0.029444052,-0.26088524,-1.0324255,95.44654846191406
1749651038400,LEFT_WRIST,nan,nan,nan,nan
1749651038400,RIGHT_WRIST,-0.06555264,-0.39457983,-0.99944025,56.61186981201172
1749651038400,LEFT_HIP,0.23858245,-0.3206617,-0.7958651,42.78654861450195
1749651038400,RIGHT_HIP,0.059838597,-0.3341315,-0.8157882,49.715675354003906
1749651038433,PELVIS,0.1470084,-0.3204997,-0.79022676,47.278507232666016
1749651038433,SPINE_1,0.15082136,-0.24596047,-0.8105394,75.43257141113281
1749651038433,SPINE_2,0.15283921,-0.16307655,-0.8213963,82.8709716796875
1749651038433,SPINE_3,0.15875469,-0.08434369,-0.853112,93.91448974609375
1749651038433,NECK,0.16482191,0.0053679496,-0.89039475,97.4307861328125
1749651038433,LEFT_CLAVICLE,0.23953578,0.010102779,-0.89489067,97.76683044433594
1749651038433,RIGHT_CLAVICLE,0.10159715,0.00076523423,-0.95796853,98.10506439208984
1749651038433,LEFT_SHOULDER,0.30159497,0.013600677,-0.87052083,95.28677368164062
1749651038433,RIGHT_SHOULDER,0.026547369,-0.004656121,-0.9842735,96.37686920166016
1749651038433,LEFT_ELBOW,0.35171804,-0.21876295,-0.8218093,93.78163146972656
1749651038433,RIGHT_ELBOW,-0.029030384,-0.25813568,-1.0326788,96.26671600341797
1749651038433,LEFT_WRIST,nan,nan,nan,nan
1749651038433,RIGHT_WRIST,-0.06644022,-0.39570618,-1.006845,60.926292419433594
1749651038433,LEFT_HIP,nan,nan,nan,nan
1749651038433,RIGHT_HIP,nan,nan,nan,nan
1749651038467,PELVIS,0.14711733,-0.31923902,-0.79083025,47.62372589111328
1749651038467,SPINE_1,0.15083557,-0.2458938,-0.81061363,75.62895202636719
1749651038467,SPINE_2,0.15285516,-0.16300824,-0.8215032,83.00670623779297
1749651038467,SPINE_3,0.15871939,-0.08424312,-0.85294455,93.97728729248047
1749651038467,NECK,0.16714063,0.00557366,-0.9041828,97.4869613647461
1749651038467,LEFT_CLAVICLE,0.23827082,0.01020205,-0.89551044,97.80950164794922
1749651038467,RIGHT_CLAVICLE,0.102315456,0.00085937977,-0.95774966,98.15296173095703
1749651038467,LEFT_SHOULDER,0.30180532,0.013980299,-0.8700642,95.36663055419922
1749651038467,RIGHT_SHOULDER,0.025654592,-0.004692316,-0.985136,96.474365234375
1749651038467,LEFT_ELBOW,0.35134384,-0.21865703,-0.8217753,93.80085754394531
1749651038467,RIGHT_ELBOW,-0.029208688,-0.25856727,-1.030723,96.04131317138672
1749651038467,LEFT_WRIST,nan,nan,nan,nan
1749651038467,RIGHT_WRIST,-0.06727745,-0.40090007,-1.0191905,58.31353759765625
1749651038467,LEFT_HIP,nan,nan,nan,nan
1749651038467,RIGHT_HIP,nan,nan,nan,nan
1749651038500,PELVIS,0.14702131,-0.3203704,-0.79011846,47.39173126220703
1749651038500,SPINE_1,0.15083943,-0.2458969,-0.8106731,75.55966186523438
1749651038500,SPINE_2,0.15286107,-0.16300073,-0.8215367,83.03821563720703
1749651038500,SPINE_3,0.15870441,-0.08422032,-0.85286003,94.06159210205078
1749651038500,NECK,0.16886543,0.0056551993,-0.9124452,97.68961334228516
1749651038500,LEFT_CLAVICLE,0.2374354,0.0102172345,-0.8959451,98.00459289550781
1749651038500,RIGHT_CLAVICLE,0.10017661,0.00088207424,-0.95858055,98.28499603271484
1749651038500,LEFT_SHOULDER,0.3015293,0.013832584,-0.8709366,95.78875732421875
1749651038500,RIGHT_SHOULDER,0.024759632,-0.0046461523,-0.9854657,96.69551086425781
1749651038500,LEFT_ELBOW,0.35101733,-0.21849197,-0.82167184,93.30293273925781
1749651038500,RIGHT_ELBOW,-0.029019386,-0.25829285,-1.0311985,95.83084106445312
1749651038500,LEFT_WRIST,nan,nan,nan,nan
1749651038500,RIGHT_WRIST,-0.06625107,-0.39647543,-1.0131452,59.77345657348633
1749651038500,LEFT_HIP,nan,nan,nan,nan
1749651038500,RIGHT_HIP,nan,nan,nan,nan
1749651038534,PELVIS,0.14695175,-0.321272,-0.7896034,47.10197448730469
1749651038534,SPINE_1,0.15084186,-0.24590567,-0.81067306,75.37792205810547
1749651038534,SPINE_2,0.15286054,-0.16300482,-0.82151634,82.89131927490234
1749651038534,SPINE_3,0.15868041,-0.084214516,-0.85274255,93.97489929199219
1749651038534,NECK,0.1699914,0.005681172,-0.9165662,97.5776138305664
1749651038534,LEFT_CLAVICLE,0.23692028,0.010213956,-0.89610696,97.89590454101562
1749651038534,RIGHT_CLAVICLE,0.10138942,0.0008761138,-0.95811385,98.21292877197266
1749651038534,LEFT_SHOULDER,0.30137464,0.013534769,-0.87044305,95.5523681640625
1749651038534,RIGHT_SHOULDER,0.024254542,-0.0044940263,-0.98462,96.57606506347656
1749651038534,LEFT_ELBOW,0.3512637,-0.21764079,-0.82203436,93.26690673828125
1749651038534,RIGHT_ELBOW,-0.029095633,-0.26038048,-1.0329081,95.92530822753906
1749651038534,LEFT_WRIST,nan,nan,nan,nan
1749651038534,RIGHT_WRIST,-0.06608206,-0.3950495,-1.0062766,57.28569793701172
1749651038534,LEFT_HIP,nan,nan,nan,nan
1749651038534,RIGHT_HIP,nan,nan,nan,nan
1749651038567,PELVIS,0.1468974,-0.32186425,-0.78928435,59.248626708984375
1749651038567,SPINE_1,0.15084659,-0.24590364,-0.81069034,81.55732727050781
1749651038567,SPINE_2,0.15287249,-0.16300891,-0.82158196,86.57195281982422
1749651038567,SPINE_3,0.15867868,-0.08420621,-0.8527682,95.05284118652344
1749651038567,NECK,0.16744179,0.0054140836,-0.89771414,97.40255737304688
1749651038567,LEFT_CLAVICLE,0.23667614,0.010225117,-0.8961774,97.7314682006836
1749651038567,RIGHT_CLAVICLE,0.102302164,0.00088493526,-0.9577374,98.0947036743164
1749651038567,LEFT_SHOULDER,0.30148056,0.013554528,-0.87011653,95.20186614990234
1749651038567,RIGHT_SHOULDER,0.024299746,-0.0043319464,-0.98330665,96.37210083007812
1749651038567,LEFT_ELBOW,0.3508525,-0.21755865,-0.8222985,92.59430694580078
1749651038567,RIGHT_ELBOW,-0.028788904,-0.25988847,-1.0335726,95.29344940185547
1749651038567,LEFT_WRIST,nan,nan,nan,nan
1749651038567,RIGHT_WRIST,-0.06457222,-0.39295655,-1.0030415,55.885250091552734
1749651038567,LEFT_HIP,0.23810789,-0.319972,-0.79313445,44.39846420288086
1749651038567,RIGHT_HIP,0.06361907,-0.33745843,-0.82583565,53.92299270629883
1749651038600,PELVIS,0.14685932,-0.32229447,-0.7891032,55.7215576171875
1749651038600,SPINE_1,0.1508422,-0.24598368,-0.810635,79.8162841796875
1749651038600,SPINE_2,0.15289864,-0.16533187,-0.82169646,85.53765869140625
1749651038600,SPINE_3,0.15867354,-0.08429642,-0.8527472,94.77715301513672
1749651038600,NECK,0.16610871,0.0044931322,-0.88625693,97.529296875
1749651038600,LEFT_CLAVICLE,0.23658603,0.010128066,-0.8960841,97.8484878540039
1749651038600,RIGHT_CLAVICLE,0.1029088,0.00078071654,-0.9575844,98.18231201171875
1749651038600,LEFT_SHOULDER,0.30144158,0.012825578,-0.87111056,95.44892120361328
1749651038600,RIGHT_SHOULDER,0.025994578,-0.0049050897,-0.98347884,96.52619934082031
1749651038600,LEFT_ELBOW,0.350564,-0.21801075,-0.821773,91.6615982055664
1749651038600,RIGHT_ELBOW,-0.028969595,-0.26108974,-1.0344201,96.347900390625
1749651038600,LEFT_WRIST,nan,nan,nan,nan
1749651038600,RIGHT_WRIST,-0.06347609,-0.39140296,-1.0002247,57.834388732910156
1749651038600,LEFT_HIP,0.24054371,-0.32196754,-0.7982062,42.5198974609375
1749651038600,RIGHT_HIP,0.057948854,-0.33223677,-0.8091172,48.98401641845703
1749651038634,PELVIS,0.14917053,-0.32041302,-0.7895023,60.29840850830078
1749651038634,SPINE_1,0.15084727,-0.24592993,-0.8106658,81.97422790527344
1749651038634,SPINE_2,0.15287346,-0.164498,-0.8215497,86.6712875366211
1749651038634,SPINE_3,0.15867452,-0.08423846,-0.8527803,94.90924072265625
1749651038634,NECK,0.16305645,0.0051127225,-0.87411934,96.90885925292969
1749651038634,LEFT_CLAVICLE,0.23657782,0.010191858,-0.89593226,97.24928283691406
1749651038634,RIGHT_CLAVICLE,0.100579865,0.0008458644,-0.9584292,97.77822875976562
1749651038634,LEFT_SHOULDER,0.30125403,0.013843358,-0.8721457,94.16266632080078
1749651038634,RIGHT_SHOULDER,0.024882942,-0.0042425096,-0.98517925,95.85604095458984
1749651038634,LEFT_ELBOW,0.35043067,-0.2170892,-0.8217863,91.49371337890625
1749651038634,RIGHT_ELBOW,-0.028686376,-0.25979555,-1.033073,95.68601989746094
1749651038634,LEFT_WRIST,nan,nan,nan,nan
1749651038634,RIGHT_WRIST,-0.06384065,-0.39114532,-0.9996256,61.56371307373047
1749651038634,LEFT_HIP,0.24128947,-0.32265896,-0.8000502,45.34687423706055
1749651038634,RIGHT_HIP,0.061997194,-0.3349311,-0.8206841,55.0615234375
1749651038667,PELVIS,0.14838168,-0.32116085,-0.7893491,59.718196868896484
1749651038667,SPINE_1,0.1508523,-0.2459543,-0.81066716,81.84635925292969
1749651038667,SPINE_2,0.1528502,-0.16386539,-0.821408,86.83854675292969
1749651038667,SPINE_3,0.1586721,-0.08426303,-0.8527776,95.22799682617188
1749651038667,NECK,0.1615982,0.0047843605,-0.8676252,97.66460418701172
1749651038667,LEFT_CLAVICLE,0.23662251,0.01016815,-0.8958397,97.99260711669922
1749651038667,RIGHT_CLAVICLE,0.09895809,0.00081543624,-0.9588489,98.25675964355469
1749651038667,LEFT_SHOULDER,0.30197355,0.013422668,-0.8715703,95.77561950683594
1749651038667,RIGHT_SHOULDER,0.024055881,-0.004263118,-0.98619354,96.62956237792969
1749651038667,LEFT_ELBOW,0.35078356,-0.21784334,-0.82145214,92.645751953125
1749651038667,RIGHT_ELBOW,-0.02863122,-0.25916833,-1.0303359,96.1368408203125
1749651038667,LEFT_WRIST,nan,nan,nan,nan
1749651038667,RIGHT_WRIST,-0.06450987,-0.39102685,-0.9979266,60.64457321166992
1749651038667,LEFT_HIP,0.24049881,-0.32317528,-0.800544,45.24353790283203
1749651038667,RIGHT_HIP,0.063074425,-0.33750433,-0.8270013,54.039161682128906
1749651038701,PELVIS,0.15003476,-0.31977862,-0.7896631,47.24574279785156
1749651038701,SPINE_1,0.15309514,-0.24589044,-0.81016934,75.93853759765625
1749651038701,SPINE_2,0.15520604,-0.16567418,-0.8213866,83.88471984863281
1749651038701,SPINE_3,0.15869044,-0.08432901,-0.8528567,94.95929718017578
1749651038701,NECK,0.16391702,0.0027617961,-0.88399464,99.43445587158203
1749651038701,LEFT_CLAVICLE,0.23631477,0.0076834112,-0.8940741,99.33480834960938
1749651038701,RIGHT_CLAVICLE,0.100597605,-0.0018167496,-0.95744884,99.75762939453125
1749651038701,LEFT_SHOULDER,0.30187505,0.01239793,-0.8713951,98.36063385009766
1749651038701,RIGHT_SHOULDER,0.026819384,-0.0064549446,-0.98596007,99.75946044921875
1749651038701,LEFT_ELBOW,0.3507541,-0.21822971,-0.82099354,92.59248352050781
1749651038701,RIGHT_ELBOW,-0.028527793,-0.2598709,-1.0318881,98.03809356689453
1749651038701,LEFT_WRIST,nan,nan,nan,nan
1749651038701,RIGHT_WRIST,-0.06502656,-0.39116603,-0.99698323,61.96861267089844
1749651038701,LEFT_HIP,nan,nan,nan,nan
1749651038701,RIGHT_HIP,nan,nan,nan,nan
1749651038734,PELVIS,0.1487788,-0.3207733,-0.78948796,56.348060607910156
1749651038734,SPINE_1,0.15234266,-0.24588183,-0.8104465,80.00129699707031
1749651038734,SPINE_2,0.15441622,-0.16458352,-0.8215085,85.45509338378906
1749651038734,SPINE_3,0.15870742,-0.08427704,-0.85297316,94.54273986816406
1749651038734,NECK,0.16433083,0.0032423586,-0.88104016,96.9462661743164
1749651038734,LEFT_CLAVICLE,0.23647757,0.00856927,-0.8946754,97.28370666503906
1749651038734,RIGHT_CLAVICLE,0.101892225,-0.0008776933,-0.95724434,97.80435180664062
1749651038734,LEFT_SHOULDER,0.30166122,0.01249671,-0.87037295,94.23418426513672
1749651038734,RIGHT_SHOULDER,0.028259076,-0.0060012937,-0.9914061,95.90177917480469
1749651038734,LEFT_ELBOW,0.3510763,-0.21891859,-0.8216633,92.73639678955078
1749651038734,RIGHT_ELBOW,-0.02873961,-0.26057354,-1.0273184,96.27238464355469
1749651038734,LEFT_WRIST,nan,nan,nan,nan
1749651038734,RIGHT_WRIST,-0.06584262,-0.39237708,-0.99577755,59.67720031738281
1749651038734,LEFT_HIP,0.24193338,-0.3235017,-0.80138683,43.307804107666016
1749651038734,RIGHT_HIP,0.059232257,-0.33333737,-0.81433684,49.41939926147461
1749651038768,PELVIS,0.15002768,-0.32146227,-0.7891376,59.44135665893555
1749651038768,SPINE_1,0.15169431,-0.24589711,-0.8106469,81.67123413085938
1749651038768,SPINE_2,0.15380123,-0.16604237,-0.8218905,86.6708984375
1749651038768,SPINE_3,0.15873635,-0.084260434,-0.8530921,95.11344909667969
1749651038768,NECK,0.1633544,0.003372252,-0.8734792,97.4871826171875
1749651038768,LEFT_CLAVICLE,0.23663077,0.00928174,-0.8951402,97.81217193603516
1749651038768,RIGHT_CLAVICLE,0.10276554,-0.000104397535,-0.9571445,98.15067291259766
1749651038768,LEFT_SHOULDER,0.30143166,0.012483627,-0.87122804,95.37501525878906
1749651038768,RIGHT_SHOULDER,0.028622868,-0.0059596747,-0.9865952,96.46678924560547
1749651038768,LEFT_ELBOW,0.35089093,-0.21885772,-0.8218635,91.750244140625
1749651038768,RIGHT_ELBOW,-0.028572915,-0.26100153,-1.0268346,96.45855712890625
1749651038768,LEFT_WRIST,nan,nan,nan,nan
1749651038768,RIGHT_WRIST,-0.06730563,-0.3982196,-1.0086356,59.336978912353516
1749651038768,LEFT_HIP,0.2418252,-0.32323408,-0.8007568,45.03339385986328
1749651038768,RIGHT_HIP,0.060925942,-0.33585614,-0.82001543,53.70222473144531
1749651038801,PELVIS,0.15087079,-0.32188654,-0.7889715,59.44633483886719
1749651038801,SPINE_1,0.1534969,-0.24577758,-0.8103468,81.7092056274414
1749651038801,SPINE_2,0.1556637,-0.1669267,-0.82179433,86.74925231933594
1749651038801,SPINE_3,0.15878119,-0.084235124,-0.8533694,95.1964111328125
1749651038801,NECK,0.16328819,0.0033057928,-0.86931556,97.65337371826172
1749651038801,LEFT_CLAVICLE,0.23864406,0.007415265,-0.8925725,97.99474334716797
1749651038801,RIGHT_CLAVICLE,0.103246816,0.0004826188,-0.9571379,98.23664093017578
1749651038801,LEFT_SHOULDER,0.30235824,0.011907309,-0.8707247,95.79403686523438
1749651038801,RIGHT_SHOULDER,0.028521314,-0.005714521,-0.98972327,96.57591247558594
1749651038801,LEFT_ELBOW,0.35090286,-0.21860212,-0.8215966,92.08118438720703
1749651038801,RIGHT_ELBOW,-0.028356057,-0.25957555,-1.0263325,96.6083755493164
1749651038801,LEFT_WRIST,nan,nan,nan,nan
1749651038801,RIGHT_WRIST,-0.06717457,-0.39945856,-1.0167458,59.364952087402344
1749651038801,LEFT_HIP,0.24198113,-0.3235854,-0.80095166,45.00917053222656
1749651038801,RIGHT_HIP,0.062495235,-0.3361478,-0.82089335,53.734405517578125
1749651038835,PELVIS,0.15135373,-0.3222145,-0.7888925,60.05669403076172
1749651038835,SPINE_1,0.15471084,-0.24580973,-0.8101953,82.0110092163086
1749651038835,SPINE_2,0.15454574,-0.16530831,-0.8217422,86.93704223632812
1749651038835,SPINE_3,0.15882887,-0.08433368,-0.8536541,95.25370025634766
1749651038835,NECK,0.16280441,0.0037700236,-0.86873376,97.65108489990234
1749651038835,LEFT_CLAVICLE,0.24037339,0.008475989,-0.8928959,97.98775482177734
1749651038835,RIGHT_CLAVICLE,0.10344855,0.0007355064,-0.9571383,98.23988342285156
1749651038835,LEFT_SHOULDER,0.30308604,0.012162328,-0.8715213,95.77379608154297
1749651038835,RIGHT_SHOULDER,0.027050473,-0.005130127,-0.9934662,96.58872985839844
1749651038835,LEFT_ELBOW,0.35088298,-0.2185988,-0.8218195,91.87788391113281
1749651038835,RIGHT_ELBOW,-0.028204052,-0.2598442,-1.0283643,95.97062683105469
1749651038835,LEFT_WRIST,nan,nan,nan,nan
1749651038835,RIGHT_WRIST,-0.06530574,-0.39593858,-1.0101881,59.414302825927734
1749651038835,LEFT_HIP,0.24142742,-0.32236513,-0.79846424,45.91124725341797
1749651038835,RIGHT_HIP,0.06396578,-0.33641198,-0.82063717,54.069034576416016
1749651038868,PELVIS,0.15155318,-0.32230914,-0.7888574,60.12409973144531
1749651038868,SPINE_1,0.15540539,-0.24578539,-0.8101389,82.02214050292969
1749651038868,SPINE_2,0.15370019,-0.16407734,-0.8217229,86.90960693359375
1749651038868,SPINE_3,0.15887797,-0.08435685,-0.85390943,95.20818328857422
1749651038868,NECK,0.16292624,0.0040832013,-0.8685353,97.54598999023438
1749651038868,LEFT_CLAVICLE,0.23905751,0.009344235,-0.89429677,97.86529541015625
1749651038868,RIGHT_CLAVICLE,0.10350596,0.00092089176,-0.95728135,98.19247436523438
1749651038868,LEFT_SHOULDER,0.30286193,0.012322545,-0.8721827,95.48601531982422
1749651038868,RIGHT_SHOULDER,0.02763333,-0.0046610534,-0.9841164,96.54206085205078
1749651038868,LEFT_ELBOW,0.35077524,-0.21808204,-0.82205766,92.47160339355469
1749651038868,RIGHT_ELBOW,-0.02713827,-0.2623217,-1.0297576,93.91671752929688
1749651038868,LEFT_WRIST,nan,nan,nan,nan
1749651038868,RIGHT_WRIST,-0.065089755,-0.39646938,-1.0052679,57.98097229003906
1749651038868,LEFT_HIP,0.24138838,-0.3230763,-0.79958016,45.45657730102539
1749651038868,RIGHT_HIP,0.06439376,-0.33697975,-0.823608,54.623573303222656
1749651038902,PELVIS,0.15170708,-0.32038724,-0.78961366,58.92015075683594
1749651038902,SPINE_1,0.15573151,-0.24573655,-0.810174,81.36227416992188
1749651038902,SPINE_2,0.15547404,-0.16322167,-0.82152086,86.40209197998047
1749651038902,SPINE_3,0.16106789,-0.08417428,-0.8522341,94.94828796386719
1749651038902,NECK,0.16306709,0.0039365143,-0.8678573,97.25631713867188
1749651038902,LEFT_CLAVICLE,0.24038061,0.009965807,-0.8943711,97.61052703857422
1749651038902,RIGHT_CLAVICLE,0.10346068,0.0010461062,-0.9573617,97.9796142578125
1749651038902,LEFT_SHOULDER,0.30298436,0.0121674985,-0.87241405,94.9630355834961
1749651038902,RIGHT_SHOULDER,0.028130062,-0.004854366,-0.9831116,96.14991760253906
1749651038902,LEFT_ELBOW,0.35089496,-0.21780007,-0.8223125,92.36518096923828
1749651038902,RIGHT_ELBOW,-0.027349947,-0.2608158,-1.0291485,96.01717376708984
1749651038902,LEFT_WRIST,nan,nan,nan,nan
1749651038902,RIGHT_WRIST,-0.06455597,-0.3955115,-1.0015205,55.78771209716797
1749651038902,LEFT_HIP,0.24159177,-0.32197586,-0.7980085,45.030784606933594
1749651038902,RIGHT_HIP,0.065893896,-0.3371054,-0.82586205,52.70209884643555
1749651038935,PELVIS,0.15172598,-0.31910658,-0.7901002,59.885650634765625
1749651038935,SPINE_1,0.15357704,-0.2458728,-0.81083536,81.8074951171875
1749651038935,SPINE_2,0.15437286,-0.16279766,-0.8216424,86.62590789794922
1749651038935,SPINE_3,0.1603995,-0.084233925,-0.8533273,94.95921325683594
1749651038935,NECK,0.16288348,0.0043604225,-0.87023735,97.09032440185547
1749651038935,LEFT_CLAVICLE,0.23888782,0.010314643,-0.89537954,97.43486022949219
1749651038935,RIGHT_CLAVICLE,0.10340448,0.0010825247,-0.95750195,97.88658905029297
1749651038935,LEFT_SHOULDER,0.30290985,0.012382492,-0.87186444,94.56987762451172
1749651038935,RIGHT_SHOULDER,0.026913846,-0.0041943192,-0.9880688,96.01939392089844
1749651038935,LEFT_ELBOW,0.3512586,-0.21902414,-0.8220339,93.97633361816406
1749651038935,RIGHT_ELBOW,-0.027627297,-0.25940937,-1.0291969,95.42078399658203
1749651038935,LEFT_WRIST,nan,nan,nan,nan
1749651038935,RIGHT_WRIST,-0.06371195,-0.39286548,-1.0009525,55.96906661987305
1749651038935,LEFT_HIP,0.23981923,-0.32068163,-0.79534125,45.62356948852539
1749651038935,RIGHT_HIP,0.06558456,-0.3374585,-0.8269964,54.007423400878906
1749651038969,PELVIS,0.14954475,-0.31876606,-0.79096514,59.8078498840332
1749651038969,SPINE_1,0.15205047,-0.24614647,-0.8111484,81.87586212158203
1749651038969,SPINE_2,0.1535742,-0.16281962,-0.8217173,86.83396911621094
1749651038969,SPINE_3,0.15986781,-0.08450563,-0.8544255,95.20185089111328
1749651038969,NECK,0.16235703,0.004476741,-0.8695642,97.59449005126953
1749651038969,LEFT_CLAVICLE,0.23779334,0.0102798045,-0.89599985,97.93038177490234
1749651038969,RIGHT_CLAVICLE,0.10332201,0.00084742904,-0.9576109,98.20589447021484
1749651038969,LEFT_SHOULDER,0.30302835,0.012521416,-0.8718163,95.64643859863281
1749651038969,RIGHT_SHOULDER,0.025817525,-0.0040874034,-0.9913158,96.53626251220703
1749651038969,LEFT_ELBOW,0.3514156,-0.21878809,-0.82243806,93.83155059814453
1749651038969,RIGHT_ELBOW,-0.027999418,-0.25774294,-1.0314473,95.97207641601562
1749651038969,LEFT_WRIST,nan,nan,nan,nan
1749651038969,RIGHT_WRIST,-0.062521614,-0.389523,-0.9999424,58.72970962524414
1749651038969,LEFT_HIP,0.23829629,-0.32029513,-0.79376423,45.226402282714844
1749651038969,RIGHT_HIP,0.06478032,-0.33690608,-0.82720804,54.227840423583984
1749651039002,PELVIS,0.15012556,-0.32018495,-0.79008466,59.174312591552734
1749651039002,SPINE_1,0.15112703,-0.24616462,-0.81140935,81.64104461669922
1749651039002,SPINE_2,0.15306576,-0.1627475,-0.8217701,86.80939483642578
1749651039002,SPINE_3,0.15952945,-0.08452704,-0.8554264,95.32489013671875
1749651039002,NECK,0.16276877,0.004676923,-0.87166655,97.96485137939453
1749651039002,LEFT_CLAVICLE,0.23948047,0.010381192,-0.89541274,98.29331970214844
1749651039002,RIGHT_CLAVICLE,0.10325405,0.0008829087,-0.95767635,98.44023895263672
1749651039002,LEFT_SHOULDER,0.303417,0.013033569,-0.8714357,96.44275665283203
1749651039002,RIGHT_SHOULDER,0.025377627,-0.004228696,-0.9913467,96.91954040527344
1749651039002,LEFT_ELBOW,0.3515904,-0.2183499,-0.8229705,94.06511688232422
1749651039002,RIGHT_ELBOW,-0.028297218,-0.25854886,-1.0329496,94.88943481445312
1749651039002,LEFT_WRIST,nan,nan,nan,nan
1749651039002,RIGHT_WRIST,-0.06245936,-0.3881595,-1.0000249,54.649131774902344
1749651039002,LEFT_HIP,0.23774382,-0.31954712,-0.79287434,45.05184555053711
1749651039002,RIGHT_HIP,0.06486028,-0.33752346,-0.82742393,53.17124557495117
1749651039036,PELVIS,0.1506051,-0.32125998,-0.78950393,57.92216110229492
1749651039036,SPINE_1,0.15289879,-0.24606493,-0.8110702,81.32951354980469
1749651039036,SPINE_2,0.15289223,-0.16510339,-0.8224521,87.0873794555664
1749651039036,SPINE_3,0.15937369,-0.08457014,-0.85629576,95.90900421142578
1749651039036,NECK,0.16291568,0.003664434,-0.868627,99.38233184814453
1749651039036,LEFT_CLAVICLE,0.24028909,0.007965878,-0.8931492,99.26933288574219
1749651039036,RIGHT_CLAVICLE,0.10313523,-0.0016776919,-0.95674545,99.7391128540039
1749651039036,LEFT_SHOULDER,0.3029892,0.0128811,-0.87262136,98.19699096679688
1749651039036,RIGHT_SHOULDER,0.027536407,-0.0063011944,-0.99027264,99.7501220703125
1749651039036,LEFT_ELBOW,0.3510695,-0.21850494,-0.82247543,92.78217315673828
1749651039036,RIGHT_ELBOW,-0.027425233,-0.25670722,-1.0389243,97.81192779541016
1749651039036,LEFT_WRIST,nan,nan,nan,nan
1749651039036,RIGHT_WRIST,-0.06160686,-0.38676882,-1.0008651,55.74778747558594
1749651039036,LEFT_HIP,0.23948377,-0.32116216,-0.79669017,42.672096252441406
1749651039036,RIGHT_HIP,0.063922994,-0.33700216,-0.82666445,52.996559143066406
1749651039069,PELVIS,0.15095787,-0.32207954,-0.78916764,56.832672119140625
1749651039069,SPINE_1,0.15421972,-0.24613191,-0.8108442,80.36072540283203
1749651039069,SPINE_2,0.15280116,-0.16456932,-0.82252336,85.84830474853516
1749651039069,SPINE_3,0.15932661,-0.084746145,-0.85684085,94.84801483154297
1749651039069,NECK,0.16269782,0.004028484,-0.86971056,97.45806121826172
1749651039069,LEFT_CLAVICLE,0.23879617,0.008616254,-0.89446986,97.79057312011719
1749651039069,RIGHT_CLAVICLE,0.103137985,-0.0009535998,-0.9570855,98.12533569335938
1749651039069,LEFT_SHOULDER,0.30281517,0.012907609,-0.87233055,95.33529663085938
1749651039069,RIGHT_SHOULDER,0.026853763,-0.005518019,-0.9939759,96.41458129882812
1749651039069,LEFT_ELBOW,0.35083947,-0.21862486,-0.8228157,92.10579681396484
1749651039069,RIGHT_ELBOW,-0.027383478,-0.2577005,-1.0361482,94.79976654052734
1749651039069,LEFT_WRIST,nan,nan,nan,nan
1749651039069,RIGHT_WRIST,-0.061994385,-0.38832787,-0.999092,56.023170471191406
1749651039069,LEFT_HIP,0.2407235,-0.32250375,-0.7989686,42.03526306152344
1749651039069,RIGHT_HIP,0.064886644,-0.33755744,-0.82676065,51.53243637084961
1749651039102,PELVIS,0.15120484,-0.32240155,-0.7891055,57.8087158203125
1749651039102,SPINE_1,0.1550977,-0.24602705,-0.8108011,80.81692504882812
1749651039102,SPINE_2,0.1550991,-0.16388312,-0.82214653,86.0789794921875
1749651039102,SPINE_3,0.1593477,-0.08470677,-0.85725236,94.86488342285156
1749651039102,NECK,0.16283616,0.004468411,-0.8693,97.30432891845703
1749651039102,LEFT_CLAVICLE,0.2401218,0.009347931,-0.8946801,97.65501403808594
1749651039102,RIGHT_CLAVICLE,0.10313196,-0.00014317036,-0.95735395,98.01270294189453
1749651039102,LEFT_SHOULDER,0.30335647,0.012925953,-0.87205565,95.0567398071289
1749651039102,RIGHT_SHOULDER,0.026498122,-0.0045082867,-0.9887939,96.20765686035156
1749651039102,LEFT_ELBOW,0.35137397,-0.21968126,-0.8225338,94.826416015625
1749651039102,RIGHT_ELBOW,-0.027594592,-0.25920382,-1.0345374,94.91534423828125
1749651039102,LEFT_WRIST,nan,nan,nan,nan
1749651039102,RIGHT_WRIST,-0.06184138,-0.3903486,-1.0038592,48.80966567993164
1749651039102,LEFT_HIP,0.24162723,-0.3233322,-0.7999522,43.05878448486328
1749651039102,RIGHT_HIP,0.0646947,-0.3375093,-0.8245286,52.424041748046875
1749651039136,PELVIS,0.15134215,-0.3226173,-0.789189,58.82681655883789
1749651039136,SPINE_1,0.15558769,-0.2460497,-0.81084645,81.4096450805664
1749651039136,SPINE_2,0.1544014,-0.16357835,-0.822563,86.5752182006836
1749651039136,SPINE_3,0.15939005,-0.08475194,-0.8573852,95.1559829711914
1749651039136,NECK,0.16309501,0.0048743635,-0.8691294,97.69132232666016
1749651039136,LEFT_CLAVICLE,0.24108025,0.009781957,-0.89494896,98.03904724121094
1749651039136,RIGHT_CLAVICLE,0.10314507,0.00035868585,-0.957539,98.25363159179688
1749651039136,LEFT_SHOULDER,0.30394483,0.013073787,-0.87085027,95.89842224121094
1749651039136,RIGHT_SHOULDER,0.02611567,-0.0037620366,-0.99039346,96.59234619140625
1749651039136,LEFT_ELBOW,0.35139233,-0.21930641,-0.8235292,91.84166717529297
1749651039136,RIGHT_ELBOW,-0.027453918,-0.25795072,-1.0328764,95.20904541015625
1749651039136,LEFT_WRIST,nan,nan,nan,nan
1749651039136,RIGHT_WRIST,-0.062370963,-0.39442724,-1.0154172,56.05794143676758
1749651039136,LEFT_HIP,0.24128203,-0.32253602,-0.7982299,44.03689956665039
1749651039136,RIGHT_HIP,0.06414656,-0.33813414,-0.82496643,53.452049255371094
1749651039169,PELVIS,0.14914612,-0.32265717,-0.78936666,56.191612243652344
1749651039169,SPINE_1,0.15360285,-0.24624008,-0.81173563,80.06676483154297
1749651039169,SPINE_2,0.15384096,-0.16337217,-0.82290256,85.71078491210938
1749651039169,SPINE_3,0.15942925,-0.08473544,-0.85735834,94.85144805908203
1749651039169,NECK,0.16440433,0.0052955598,-0.875191,97.58708953857422
1749651039169,LEFT_CLAVICLE,0.24165642,0.010087609,-0.895097,97.93180847167969
1749651039169,RIGHT_CLAVICLE,0.10316474,0.0007176846,-0.957689,98.19261932373047
1749651039169,LEFT_SHOULDER,0.3042471,0.013345957,-0.87030053,95.65861511230469
1749651039169,RIGHT_SHOULDER,0.026343029,-0.0031853765,-0.9902876,96.50090026855469
1749651039169,LEFT_ELBOW,0.35149333,-0.2185908,-0.8241129,90.7569351196289
1749651039169,RIGHT_ELBOW,-0.027054675,-0.25705838,-1.0337392,95.60790252685547
1749651039169,LEFT_WRIST,nan,nan,nan,nan
1749651039169,RIGHT_WRIST,-0.06122022,-0.3931775,-1.0109996,54.871673583984375
1749651039169,LEFT_HIP,0.23963661,-0.32157803,-0.79617727,43.39616775512695
1749651039169,RIGHT_HIP,0.06109518,-0.33573306,-0.81824845,49.03788757324219
1749651039203,PELVIS,0.15010864,-0.32087785,-0.7905286,46.268165588378906
1749651039203,SPINE_1,0.15442076,-0.24623041,-0.8115836,74.83800506591797
1749651039203,SPINE_2,0.1556945,-0.16317713,-0.82236654,82.43938446044922
1749651039203,SPINE_3,0.16214286,-0.0848449,-0.86411077,93.69567108154297
1749651039203,NECK,0.16882612,0.005527824,-0.891759,97.2014389038086
1749651039203,LEFT_CLAVICLE,0.24196471,0.010231823,-0.89530575,97.55810546875
1749651039203,RIGHT_CLAVICLE,0.10317404,0.0008802265,-0.9578472,97.94332122802734
1749651039203,LEFT_SHOULDER,0.30422825,0.012754068,-0.8707669,94.8510513305664
1749651039203,RIGHT_SHOULDER,0.028160581,-0.0038600564,-0.99423355,96.08891296386719
1749651039203,LEFT_ELBOW,0.35140193,-0.21862233,-0.8242718,92.2817611694336
1749651039203,RIGHT_ELBOW,-0.026415324,-0.2533653,-1.0207256,96.10745239257812
1749651039203,LEFT_WRIST,nan,nan,nan,nan
1749651039203,RIGHT_WRIST,-0.05978194,-0.39111978,-1.0084411,56.62532424926758
1749651039203,LEFT_HIP,nan,nan,nan,nan
1749651039203,RIGHT_HIP,nan,nan,nan,nan
1749651039236,PELVIS,0.15072298,-0.32144958,-0.790414,60.819942474365234
1749651039236,SPINE_1,0.15501375,-0.24614874,-0.8115113,82.30130004882812
1749651039236,SPINE_2,0.1569313,-0.1630027,-0.82205623,86.98397827148438
1749651039236,SPINE_3,0.161374,-0.08479204,-0.8619415,95.12237548828125
1749651039236,NECK,0.16829202,0.0054327995,-0.88981867,97.23681640625
1749651039236,LEFT_CLAVICLE,0.24208617,0.010362819,-0.8953829,97.57710266113281
1749651039236,RIGHT_CLAVICLE,0.1031885,0.0010423064,-0.95779234,97.98128509521484
1749651039236,LEFT_SHOULDER,0.3044496,0.01302512,-0.87091607,94.87564849853516
1749651039236,RIGHT_SHOULDER,0.027509231,-0.003794372,-0.99118745,96.1750717163086
1749651039236,LEFT_ELBOW,0.35141334,-0.21885175,-0.82417965,92.00125122070312
1749651039236,RIGHT_ELBOW,-0.026656058,-0.25486726,-1.0223246,95.80779266357422
1749651039236,LEFT_WRIST,nan,nan,nan,nan
1749651039236,RIGHT_WRIST,-0.061005715,-0.393512,-1.0160654,61.765350341796875
1749651039236,LEFT_HIP,0.24024212,-0.32138735,-0.7960464,47.09442901611328
1749651039236,RIGHT_HIP,0.06270237,-0.33622903,-0.821881,54.442195892333984
1749651039270,PELVIS,0.15120308,-0.32205704,-0.7904521,60.74222946166992
1749651039270,SPINE_1,0.15540093,-0.24615493,-0.81140137,82.273193359375
1749651039270,SPINE_2,0.15542024,-0.16312762,-0.8227228,86.98234558105469
1749651039270,SPINE_3,0.16070743,-0.08483159,-0.86018926,95.13922882080078
1749651039270,NECK,0.16634117,0.005357459,-0.8825193,97.2861328125
1749651039270,LEFT_CLAVICLE,0.23968916,0.010349348,-0.8962868,97.6248779296875
1749651039270,RIGHT_CLAVICLE,0.103169456,0.0010151565,-0.9576326,98.01323699951172
1749651039270,LEFT_SHOULDER,0.30357826,0.013146758,-0.8713151,94.97850799560547
1749651039270,RIGHT_SHOULDER,0.02703397,-0.0035650283,-0.99348307,96.22782135009766
1749651039270,LEFT_ELBOW,0.35149512,-0.21879917,-0.8243746,94.21949768066406
1749651039270,RIGHT_ELBOW,-0.02697878,-0.25739104,-1.0262989,95.76872253417969
1749651039270,LEFT_WRIST,nan,nan,nan,nan
1749651039270,RIGHT_WRIST,-0.059177864,-0.38927963,-1.0115132,61.20524978637695
1749651039270,LEFT_HIP,0.24092667,-0.3227545,-0.7985628,46.52601623535156
1749651039270,RIGHT_HIP,0.0639245,-0.3364479,-0.824839,54.824363708496094
1749651039303,PELVIS,0.15151002,-0.3225323,-0.79065114,61.21574783325195
1749651039303,SPINE_1,0.15561204,-0.24616453,-0.81140697,82.50940704345703
1749651039303,SPINE_2,0.15650214,-0.16309088,-0.822295,87.13506317138672
1749651039303,SPINE_3,0.16207439,-0.0845292,-0.85528404,95.19097137451172
1749651039303,NECK,0.16544989,0.004659787,-0.8755111,97.29827117919922
1749651039303,LEFT_CLAVICLE,0.24046636,0.010309935,-0.89599603,97.64025115966797
1749651039303,RIGHT_CLAVICLE,0.103170715,0.0009819567,-0.95754945,98.01754760742188
1749651039303,LEFT_SHOULDER,0.30328462,0.012580827,-0.87109184,95.01544952392578
1749651039303,RIGHT_SHOULDER,0.028196447,-0.004082456,-0.9940005,96.22940063476562
1749651039303,LEFT_ELBOW,0.35205656,-0.21907687,-0.8250724,93.27820587158203
1749651039303,RIGHT_ELBOW,-0.026291728,-0.2558381,-1.0259973,96.36395263671875
1749651039303,LEFT_WRIST,nan,nan,nan,nan
1749651039303,RIGHT_WRIST,-0.057461426,-0.38613975,-1.0083296,60.7470703125
1749651039303,LEFT_HIP,0.24229616,-0.32344645,-0.80019635,47.47671890258789
1749651039303,RIGHT_HIP,0.06485297,-0.33715448,-0.8267036,54.85674285888672
1749651039337,PELVIS,0.15171196,-0.32293373,-0.79096556,63.91708755493164
1749651039337,SPINE_1,0.15571404,-0.24622142,-0.8114706,84.24951171875
1749651039337,SPINE_2,0.15726243,-0.16537052,-0.8222549,88.91455841064453
1749651039337,SPINE_3,0.16288598,-0.08431492,-0.85195357,96.4724349975586
1749651039337,NECK,0.16473831,0.0030390471,-0.87100214,99.41358184814453
1749651039337,LEFT_CLAVICLE,0.24069133,0.0078102797,-0.8940445,99.30946350097656
1749651039337,RIGHT_CLAVICLE,0.10307862,-0.0016771853,-0.9565671,99.74938201904297
1749651039337,LEFT_SHOULDER,0.3024814,0.011616185,-0.87126285,98.29792785644531
1749651039337,RIGHT_SHOULDER,0.02971085,-0.006383866,-0.9924879,99.75296020507812
1749651039337,LEFT_ELBOW,0.35219324,-0.21760653,-0.82539886,96.00989532470703
1749651039337,RIGHT_ELBOW,-0.025818426,-0.25383008,-1.0265875,98.16918182373047
1749651039337,LEFT_WRIST,nan,nan,nan,nan
1749651039337,RIGHT_WRIST,-0.05944639,-0.38489804,-1.0153992,66.31597137451172
1749651039337,LEFT_HIP,0.24310003,-0.32398748,-0.8012761,51.23926544189453
1749651039337,RIGHT_HIP,0.06508195,-0.33794993,-0.8278304,56.66096115112305
1749651039370,PELVIS,0.15193173,-0.3212301,-0.7920814,63.312744140625
1749651039370,SPINE_1,0.15346007,-0.24625245,-0.8119206,83.95881652832031
1749651039370,SPINE_2,0.15551049,-0.16697219,-0.8233869,88.72968292236328
1749651039370,SPINE_3,0.16144808,-0.08437226,-0.8539313,96.41487121582031
1749651039370,NECK,0.16437018,0.002067566,-0.8698118,99.40874481201172
1749651039370,LEFT_CLAVICLE,0.24082056,0.00625585,-0.8926801,99.30195617675781
1749651039370,RIGHT_CLAVICLE,0.10301214,-0.0033260882,-0.95587987,99.74905395507812
1749651039370,LEFT_SHOULDER,0.30187094,0.011102483,-0.87146235,98.27803039550781
1749651039370,RIGHT_SHOULDER,0.030520758,-0.007832557,-0.9868035,99.7566909790039
1749651039370,LEFT_ELBOW,0.3507254,-0.21343668,-0.82637733,96.68798828125
1749651039370,RIGHT_ELBOW,-0.026118435,-0.25508237,-1.0291961,98.20086669921875
1749651039370,LEFT_WRIST,nan,nan,nan,nan
1749651039370,RIGHT_WRIST,-0.06099825,-0.38549036,-1.018072,63.24005126953125
1749651039370,LEFT_HIP,0.24150798,-0.32306945,-0.79946345,50.2054443359375
1749651039370,RIGHT_HIP,0.064918615,-0.3372792,-0.8286289,56.43061447143555
1749651039403,PELVIS,0.14979964,-0.32029384,-0.7928376,64.97999572753906
1749651039403,SPINE_1,0.15195096,-0.24646431,-0.81220114,84.75575256347656
1749651039403,SPINE_2,0.15427661,-0.16808343,-0.82410145,89.23321533203125
1749651039403,SPINE_3,0.1604092,-0.0846289,-0.8557225,96.5666732788086
1749651039403,NECK,0.1643277,0.0012942404,-0.8704436,99.40742492675781
1749651039403,LEFT_CLAVICLE,0.24086343,0.005188301,-0.8918614,99.30137634277344
1749651039403,RIGHT_CLAVICLE,0.10295507,-0.0044605285,-0.955375,99.7475357055664
1749651039403,LEFT_SHOULDER,0.30175605,0.010748327,-0.8718889,98.27745056152344
1749651039403,RIGHT_SHOULDER,0.031144248,-0.009185284,-0.99422526,99.75296020507812
1749651039403,LEFT_ELBOW,0.34841466,-0.20932496,-0.82950896,97.01416015625
1749651039403,RIGHT_ELBOW,-0.0258794,-0.2542503,-1.0261557,98.17407989501953
1749651039403,LEFT_WRIST,nan,nan,nan,nan
1749651039403,RIGHT_WRIST,-0.063540146,-0.38611352,-1.0148195,66.60612487792969
1749651039403,LEFT_HIP,0.23916711,-0.32166797,-0.7965695,53.301631927490234
1749651039403,RIGHT_HIP,0.063686594,-0.33764625,-0.8308292,56.8390007019043
1749651039437,PELVIS,0.14837806,-0.31968203,-0.7934547,65.11717224121094
1749651039437,SPINE_1,0.15108971,-0.24649857,-0.812557,84.822998046875
1749651039437,SPINE_2,0.15354088,-0.16852386,-0.82468534,89.27913665771484
1749651039437,SPINE_3,0.15978412,-0.084671415,-0.85718066,96.58403015136719
1749651039437,NECK,0.16433528,0.0011031479,-0.8709654,99.41754150390625
1749651039437,LEFT_CLAVICLE,0.24083228,0.004831046,-0.89132905,99.31293487548828
1749651039437,RIGHT_CLAVICLE,0.10289246,-0.004832059,-0.954782,99.75225830078125
1749651039437,LEFT_SHOULDER,0.30123937,0.010510132,-0.8692451,98.30538940429688
1749651039437,RIGHT_SHOULDER,0.030874403,-0.009342656,-0.9901229,99.758544921875
1749651039437,LEFT_ELBOW,0.34787053,-0.20750208,-0.8347111,97.08242797851562
1749651039437,RIGHT_ELBOW,-0.025487147,-0.26100698,-1.0259569,98.4621810913086
1749651039437,LEFT_WRIST,nan,nan,nan,nan
1749651039437,RIGHT_WRIST,-0.063386336,-0.39021558,-1.0184963,61.535118103027344
1749651039437,LEFT_HIP,0.23838516,-0.32074726,-0.7962845,53.076236724853516
1749651039437,RIGHT_HIP,0.061512537,-0.33849603,-0.8328776,57.338706970214844
1749651039470,PELVIS,0.14743169,-0.3212129,-0.79270065,65.77576446533203
1749651039470,SPINE_1,0.15076189,-0.24659957,-0.8130444,85.13710021972656
1749651039470,SPINE_2,0.1531734,-0.16863224,-0.82492614,89.48120880126953
1749651039470,SPINE_3,0.15948988,-0.08472287,-0.858245,96.6474380493164
1749651039470,NECK,0.16439107,0.0011026412,-0.87011844,99.42430877685547
1749651039470,LEFT_CLAVICLE,0.2407152,0.004790738,-0.890923,99.32266235351562
1749651039470,RIGHT_CLAVICLE,0.10282519,-0.00488998,-0.95442086,99.75345611572266
1749651039470,LEFT_SHOULDER,0.30102012,0.010351807,-0.867022,98.33070373535156
1749651039470,RIGHT_SHOULDER,0.03081856,-0.009191975,-0.98828316,99.75576782226562
1749651039470,LEFT_ELBOW,0.34953287,-0.20806904,-0.83923966,97.25492858886719
1749651039470,RIGHT_ELBOW,-0.026078027,-0.25959635,-1.0276885,98.18121337890625
1749651039470,LEFT_WRIST,nan,nan,nan,nan
1749651039470,RIGHT_WRIST,-0.063294016,-0.3951316,-1.0156195,67.83094787597656
1749651039470,LEFT_HIP,0.23705469,-0.32000273,-0.7939018,54.77619934082031
1749651039470,RIGHT_HIP,0.058952425,-0.3399945,-0.835476,57.04449462890625
1749651039504,PELVIS,0.14703114,-0.32251346,-0.7927568,62.299625396728516
1749651039504,SPINE_1,0.15047663,-0.24846405,-0.8118778,83.47250366210938
1749651039504,SPINE_2,0.15306711,-0.16856334,-0.82511437,88.42644500732422
1749651039504,SPINE_3,0.15945028,-0.084757864,-0.85906166,96.3255615234375
1749651039504,NECK,0.16448006,0.0010544658,-0.8680088,99.4156265258789
1749651039504,LEFT_CLAVICLE,0.24059644,0.004917741,-0.89056444,99.3130111694336
1749651039504,RIGHT_CLAVICLE,0.10276442,-0.004741624,-0.9537966,99.7491455078125
1749651039504,LEFT_SHOULDER,0.3014701,0.009506509,-0.864586,98.30760192871094
1749651039504,RIGHT_SHOULDER,0.030285802,-0.00836502,-0.98497534,99.7501220703125
1749651039504,LEFT_ELBOW,0.35391042,-0.21211563,-0.84278744,97.24105834960938
1749651039504,RIGHT_ELBOW,-0.025972188,-0.2667677,-1.0276289,98.52552032470703
1749651039504,LEFT_WRIST,nan,nan,nan,nan
1749651039504,RIGHT_WRIST,-0.06354096,-0.4009626,-1.0134091,65.41019439697266
1749651039504,LEFT_HIP,0.2397364,-0.32347146,-0.7972649,48.79204177856445
1749651039504,RIGHT_HIP,0.05672655,-0.34143862,-0.8370739,55.75162124633789
1749651039537,PELVIS,0.14930668,-0.32361412,-0.7934296,60.79780578613281
1749651039537,SPINE_1,0.15077761,-0.248135,-0.8134827,82.42001342773438
1749651039537,SPINE_2,0.15311083,-0.16847299,-0.8252407,87.26091766357422
1749651039537,SPINE_3,0.15954937,-0.084839836,-0.8596769,95.42657470703125
1749651039537,NECK,0.16346386,0.0023727715,-0.86771625,97.8581314086914
1749651039537,LEFT_CLAVICLE,0.23808989,0.0050590336,-0.8910557,98.24951934814453
1749651039537,RIGHT_CLAVICLE,0.10280935,-0.0020279884,-0.95438355,98.31234741210938
1749651039537,LEFT_SHOULDER,0.30080572,0.00964883,-0.86592436,96.40949249267578
1749651039537,RIGHT_SHOULDER,0.029037228,-0.0055326074,-0.98051333,96.61308288574219
1749651039537,LEFT_ELBOW,0.3580562,-0.2168923,-0.84265643,96.809814453125
1749651039537,RIGHT_ELBOW,-0.027176265,-0.2671606,-1.0279176,96.91140747070312
1749651039537,LEFT_WRIST,nan,nan,nan,nan
1749651039537,RIGHT_WRIST,-0.068765596,-0.40724176,-1.0191342,67.80650329589844
1749651039537,LEFT_HIP,0.24387717,-0.32510406,-0.7994372,46.360008239746094
1749651039537,RIGHT_HIP,0.056605674,-0.34326497,-0.83710945,55.08745193481445
1749651039571,PELVIS,0.14666271,-0.32490653,-0.7955916,58.24108123779297
1749651039571,SPINE_1,0.15083368,-0.24964793,-0.812875,81.18846130371094
1749651039571,SPINE_2,0.15324342,-0.16845836,-0.82545596,86.54521942138672
1749651039571,SPINE_3,0.15970276,-0.08497928,-0.8600988,95.2612075805664
1749651039571,NECK,0.16309965,0.0036804676,-0.8680952,98.0149154663086
1749651039571,LEFT_CLAVICLE,0.23910044,0.0075297058,-0.8918435,98.37748718261719
1749651039571,RIGHT_CLAVICLE,0.10280166,-0.00025729835,-0.9543409,98.4368667602539
1749651039571,LEFT_SHOULDER,0.30174282,0.0101071,-0.86725616,96.66498565673828
1749651039571,RIGHT_SHOULDER,0.027476802,-0.003114894,-0.9847823,96.85780334472656
1749651039571,LEFT_ELBOW,0.36468932,-0.22539401,-0.8363604,96.7352294921875
1749651039571,RIGHT_ELBOW,-0.028101055,-0.26536435,-1.0281302,96.77021789550781
1749651039571,LEFT_WRIST,nan,nan,nan,nan
1749651039571,RIGHT_WRIST,-0.07085763,-0.40724272,-1.005449,66.65234375
1749651039571,LEFT_HIP,0.24284449,-0.32655108,-0.79874396,44.92439270019531
1749651039571,RIGHT_HIP,0.053988345,-0.3446185,-0.8380869,51.49698257446289
1749651039604,PELVIS,0.1427252,-0.3258984,-0.79784733,66.8196792602539
1749651039604,SPINE_1,0.14861044,-0.2505378,-0.81262314,85.39785766601562
1749651039604,SPINE_2,0.15130392,-0.16865739,-0.8274625,89.25856018066406
1749651039604,SPINE_3,0.15988533,-0.08500329,-0.86054355,96.15354919433594
1749651039604,NECK,0.16255447,0.0046095997,-0.87139636,98.18049621582031
1749651039604,LEFT_CLAVICLE,0.23759735,0.00928463,-0.89331454,98.56310272216797
1749651039604,RIGHT_CLAVICLE,0.10276597,0.00087586045,-0.9539137,98.51774597167969
1749651039604,LEFT_SHOULDER,0.3016138,0.010449037,-0.86813176,97.10021209716797
1749651039604,RIGHT_SHOULDER,0.025332302,-0.001419723,-0.9791072,96.95259094238281
1749651039604,LEFT_ELBOW,0.36655244,-0.2186994,-0.8318465,96.96070861816406
1749651039604,RIGHT_ELBOW,-0.028509809,-0.26137275,-1.0327505,96.40422058105469
1749651039604,LEFT_WRIST,0.3246316,-0.2797777,-0.68599594,80.01048278808594
1749651039604,RIGHT_WRIST,-0.072337635,-0.40730092,-0.9963293,69.26397705078125
1749651039604,LEFT_HIP,0.23505633,-0.3266319,-0.7957785,57.58529281616211
1749651039604,RIGHT_HIP,0.054242823,-0.34496734,-0.83763444,56.44518280029297
1749651039637,PELVIS,0.14032127,-0.3266875,-0.7995143,62.76537322998047
1749651039637,SPINE_1,0.14783935,-0.25004524,-0.81690353,83.36846923828125
1749651039637,SPINE_2,0.15005249,-0.168879,-0.82871276,87.83543395996094
1749651039637,SPINE_3,0.16003123,-0.085102335,-0.8607969,95.57852172851562
1749651039637,NECK,0.16464552,0.004533738,-0.8823281,97.78548431396484
1749651039637,LEFT_CLAVICLE,0.23865922,0.007811427,-0.8917008,98.16062927246094
1749651039637,RIGHT_CLAVICLE,0.10267213,0.0013393611,-0.9529091,98.28409576416016
1749651039637,LEFT_SHOULDER,0.30235213,0.009524852,-0.869658,96.19561767578125
1749651039637,RIGHT_SHOULDER,0.025734527,-0.00064677,-0.9790278,96.59536743164062
1749651039637,LEFT_ELBOW,0.36607975,-0.21404618,-0.8116228,96.7549819946289
1749651039637,RIGHT_ELBOW,-0.02899778,-0.2592144,-1.0323931,96.81170654296875
1749651039637,LEFT_WRIST,0.30869874,-0.25592384,-0.6576053,92.04124450683594
1749651039637,RIGHT_WRIST,-0.076666065,-0.40836614,-1.0054083,68.5705795288086
1749651039637,LEFT_HIP,0.22963527,-0.32549357,-0.7941759,47.56842803955078
1749651039637,RIGHT_HIP,0.054224227,-0.34040356,-0.82607496,57.81037902832031
1749651039671,PELVIS,0.13907772,-0.32703495,-0.8003178,50.34034729003906
1749651039671,SPINE_1,0.14701094,-0.25091976,-0.816298,77.2404556274414
1749651039671,SPINE_2,0.14941739,-0.16901024,-0.8296332,84.23377227783203
1749651039671,SPINE_3,0.16015749,-0.08511702,-0.8610647,94.63788604736328
1749651039671,NECK,0.16609596,0.003418371,-0.8833474,98.25859832763672
1749651039671,LEFT_CLAVICLE,0.23940332,0.0066948384,-0.8902485,98.60382080078125
1749651039671,RIGHT_CLAVICLE,0.10257987,0.001513347,-0.95194453,98.60269927978516
1749651039671,LEFT_SHOULDER,0.30561608,0.0075984746,-0.8756139,97.153564453125
1749651039671,RIGHT_SHOULDER,0.026530044,-0.00089648366,-0.9788924,97.14991760253906
1749651039671,LEFT_ELBOW,0.3650443,-0.21961376,-0.7754332,97.01177978515625
1749651039671,RIGHT_ELBOW,-0.029542763,-0.25922912,-1.0323408,97.19074249267578
1749651039671,LEFT_WRIST,0.26002747,-0.21095443,-0.5733849,88.53922271728516
1749651039671,RIGHT_WRIST,-0.07821324,-0.40263617,-1.0095937,71.64999389648438
1749651039671,LEFT_HIP,nan,nan,nan,nan
1749651039671,RIGHT_HIP,0.054549135,-0.34100437,-0.8319601,55.08457946777344
1749651039704,PELVIS,0.13617817,-0.34002715,-0.7859334,51.289005279541016
1749651039704,SPINE_1,0.14820339,-0.27258015,-0.8296553,77.67730712890625
1749651039704,SPINE_2,0.14866956,-0.18164818,-0.82666296,84.42056274414062
1749651039704,SPINE_3,0.15965663,-0.09170371,-0.8574132,94.6187744140625
1749651039704,NECK,0.1661328,0.0029293597,-0.884973,98.04759216308594
1749651039704,LEFT_CLAVICLE,0.23977521,0.005886659,-0.88879293,98.40070343017578
1749651039704,RIGHT_CLAVICLE,0.102505215,0.0014583766,-0.9509988,98.46623992919922
1749651039704,LEFT_SHOULDER,0.3045544,0.0067516565,-0.8695239,96.70714569091797
1749651039704,RIGHT_SHOULDER,0.025143895,-0.0011007339,-0.9831964,96.92005157470703
1749651039704,LEFT_ELBOW,0.3595779,-0.22181496,-0.735435,96.06792449951172
1749651039704,RIGHT_ELBOW,-0.02943894,-0.25836262,-1.0290565,96.68256378173828
1749651039704,LEFT_WRIST,0.20239533,-0.16941282,-0.47953498,91.86198425292969
1749651039704,RIGHT_WRIST,-0.07979138,-0.4034054,-1.0177164,67.27899169921875
1749651039704,LEFT_HIP,nan,nan,nan,nan
1749651039704,RIGHT_HIP,0.05526236,-0.34259325,-0.8354055,52.88106155395508
1749651039738,PELVIS,0.13324575,-0.34519163,-0.75393534,48.86178970336914
1749651039738,SPINE_1,0.1496306,-0.28781152,-0.83610576,76.39409637451172
1749651039738,SPINE_2,0.15195294,-0.19225042,-0.8405801,83.6202621459961
1749651039738,SPINE_3,0.15923177,-0.09592226,-0.85486925,94.33390808105469
1749651039738,NECK,0.16884829,0.0035508573,-0.89820075,97.94219970703125
1749651039738,LEFT_CLAVICLE,0.23969682,0.0055277348,-0.8870201,98.28147888183594
1749651039738,RIGHT_CLAVICLE,0.10236214,0.0014211237,-0.9498587,98.41564178466797
1749651039738,LEFT_SHOULDER,0.3037385,0.008411914,-0.86626667,96.42742156982422
1749651039738,RIGHT_SHOULDER,0.025939584,-0.0017113835,-0.9787751,96.86270141601562
1749651039738,LEFT_ELBOW,0.34146282,-0.21251082,-0.69440883,95.45768737792969
1749651039738,RIGHT_ELBOW,-0.02894133,-0.26006517,-1.0343355,96.84915161132812
1749651039738,LEFT_WRIST,0.16026583,-0.14339119,-0.4156789,92.10291290283203
1749651039738,RIGHT_WRIST,-0.079201385,-0.39805537,-0.9994083,67.94400787353516
1749651039738,LEFT_HIP,nan,nan,nan,nan
1749651039738,RIGHT_HIP,0.055309236,-0.33476165,-0.8103332,49.03934860229492
1749651039771,PELVIS,0.1368039,-0.37130505,-0.7839439,47.161399841308594
1749651039771,SPINE_1,0.14783648,-0.29546648,-0.8285833,75.52922058105469
1749651039771,SPINE_2,0.15194544,-0.1978431,-0.8387484,83.14437866210938
1749651039771,SPINE_3,0.15887037,-0.098240525,-0.8529795,94.22188568115234
1749651039771,NECK,0.17011942,0.0047073513,-0.9029365,98.03650665283203
1749651039771,LEFT_CLAVICLE,0.23951682,0.007693395,-0.8857511,98.36967468261719
1749651039771,RIGHT_CLAVICLE,0.10220555,0.0012966394,-0.94829214,98.47933959960938
1749651039771,LEFT_SHOULDER,0.30082768,0.010827333,-0.85618967,96.61763763427734
1749651039771,RIGHT_SHOULDER,0.026401266,-0.0021648556,-0.9828233,96.9738540649414
1749651039771,LEFT_ELBOW,0.32277936,-0.19811721,-0.6540532,96.2560806274414
1749651039771,RIGHT_ELBOW,-0.02785158,-0.2591356,-1.0271633,96.1546859741211
1749651039771,LEFT_WRIST,0.13653293,-0.12670802,-0.39203453,94.0696029663086
1749651039771,RIGHT_WRIST,-0.07718283,-0.39415938,-0.9888754,68.84910583496094
1749651039771,LEFT_HIP,nan,nan,nan,nan
1749651039771,RIGHT_HIP,0.05371272,-0.32941723,-0.8014855,46.408687591552734
1749651039805,PELVIS,0.14334841,-0.3935887,-0.77749985,32.555728912353516
1749651039805,SPINE_1,0.14929864,-0.30652493,-0.8149187,67.68148803710938
1749651039805,SPINE_2,0.15333962,-0.20547237,-0.82747203,78.78955841064453
1749651039805,SPINE_3,0.16014461,-0.103368446,-0.8462045,92.97686004638672
1749651039805,NECK,0.1712753,0.00524579,-0.89942527,98.2850112915039
1749651039805,LEFT_CLAVICLE,0.23851892,0.009051785,-0.88160884,98.6447525024414
1749651039805,RIGHT_CLAVICLE,0.10199991,0.0010280907,-0.9464518,98.60424041748047
1749651039805,LEFT_SHOULDER,0.29716447,0.013971493,-0.84618825,97.26016235351562
1749651039805,RIGHT_SHOULDER,0.027539704,-0.002886951,-0.98481154,97.12812042236328
1749651039805,LEFT_ELBOW,0.29688698,-0.17678735,-0.617577,95.82939147949219
1749651039805,RIGHT_ELBOW,nan,nan,nan,95.29548645019531
1749651039805,LEFT_WRIST,0.11649698,-0.116873264,-0.37787965,92.789306640625
1749651039805,RIGHT_WRIST,nan,nan,nan,47.8427848815918
1749651039805,LEFT_HIP,nan,nan,nan,nan
1749651039805,RIGHT_HIP,nan,nan,nan,nan
1749651039838,PELVIS,0.14756146,-0.40103468,-0.76042414,32.06191635131836
1749651039838,SPINE_1,0.15008943,-0.3084405,-0.7861143,67.35672760009766
1749651039838,SPINE_2,0.15212445,-0.20720333,-0.8007314,78.55392456054688
1749651039838,SPINE_3,0.16107243,-0.10399549,-0.842945,92.84781646728516
1749651039838,NECK,0.1694783,0.010364696,-0.89774156,98.13792419433594
1749651039838,LEFT_CLAVICLE,0.23558895,0.014603689,-0.88061357,98.6072769165039
1749651039838,RIGHT_CLAVICLE,0.10182354,0.0033807158,-0.9449239,98.40465545654297
1749651039838,LEFT_SHOULDER,0.2923593,0.020799622,-0.84059477,97.28704833984375
1749651039838,RIGHT_SHOULDER,0.027434476,-0.0030076802,-0.9859557,96.62800598144531
1749651039838,LEFT_ELBOW,0.2671107,-0.15006237,-0.5833228,93.38914489746094
1749651039838,RIGHT_ELBOW,-0.02928514,-0.26210564,-1.0108334,86.79656219482422
1749651039838,LEFT_WRIST,0.10402148,-0.110590406,-0.3736799,87.41194915771484
1749651039838,RIGHT_WRIST,nan,nan,nan,nan
1749651039838,LEFT_HIP,nan,nan,nan,nan
1749651039838,RIGHT_HIP,nan,nan,nan,nan
1749651039872,PELVIS,0.15310976,-0.39187312,-0.7391196,31.77061653137207
1749651039872,SPINE_1,0.1517076,-0.28935963,-0.74039763,67.03752136230469
1749651039872,SPINE_2,0.15680563,-0.19503358,-0.7882669,78.19291687011719
1749651039872,SPINE_3,0.16203108,-0.09728417,-0.84432185,92.55335235595703
1749651039872,NECK,0.16773912,0.016055763,-0.89421004,97.66410827636719
1749651039872,LEFT_CLAVICLE,0.23356196,0.02288407,-0.8798341,98.12265014648438
1749651039872,RIGHT_CLAVICLE,0.10156428,0.0075042397,-0.9425015,98.12663269042969
1749651039872,LEFT_SHOULDER,0.28619874,0.029650763,-0.8341222,96.19651794433594
1749651039872,RIGHT_SHOULDER,0.028837856,-0.0021325052,-0.9840777,96.20940399169922
1749651039872,LEFT_ELBOW,0.24408144,-0.12894948,-0.5636544,93.81400299072266
1749651039872,RIGHT_ELBOW,-0.02326327,-0.26962507,-1.0101324,69.88875579833984
1749651039872,LEFT_WRIST,0.08768484,-0.10245536,-0.3558846,92.541015625
1749651039872,RIGHT_WRIST,nan,nan,nan,nan
1749651039872,LEFT_HIP,nan,nan,nan,nan
1749651039872,RIGHT_HIP,nan,nan,nan,nan
1749651039905,PELVIS,0.15412006,-0.3487018,-0.7145838,39.48752212524414
1749651039905,SPINE_1,0.14144424,-0.23672834,-0.6745203,71.42904663085938
1749651039905,SPINE_2,0.16019522,-0.17516541,-0.80162275,80.78182983398438
1749651039905,SPINE_3,0.16295406,-0.08364513,-0.8481014,93.49447631835938
1749651039905,NECK,0.16570093,0.019255534,-0.8865741,98.03629302978516
1749651039905,LEFT_CLAVICLE,0.23142268,0.027745679,-0.87519467,98.39558410644531
1749651039905,RIGHT_CLAVICLE,0.101096645,0.009960696,-0.9377831,98.45317840576172
1749651039905,LEFT_SHOULDER,0.2806937,0.035061255,-0.82568204,96.70201873779297
1749651039905,RIGHT_SHOULDER,0.030400703,-0.00084617734,-0.98296344,96.88909912109375
1749651039905,LEFT_ELBOW,0.222112,-0.11070562,-0.54667175,93.6289291381836
1749651039905,RIGHT_ELBOW,-0.018581463,-0.25634062,-1.0073391,76.09756469726562
1749651039905,LEFT_WRIST,0.0716898,-0.096084535,-0.33448267,91.59061431884766
1749651039905,RIGHT_WRIST,nan,nan,nan,nan
1749651039905,LEFT_HIP,nan,nan,nan,nan
1749651039905,RIGHT_HIP,nan,nan,nan,nan
1749651039939,PELVIS,0.14432964,-0.29862303,-0.6685995,54.12508773803711
1749651039939,SPINE_1,0.12183898,-0.18740264,-0.5827452,79.1701889038086
1749651039939,SPINE_2,0.15940803,-0.16068089,-0.8110554,85.38296508789062
1749651039939,SPINE_3,0.16329794,-0.07426593,-0.84967947,94.98131561279297
1749651039939,NECK,0.16477077,0.02268891,-0.88795143,98.23255920410156
1749651039939,LEFT_CLAVICLE,0.2274027,0.032626867,-0.87104803,98.64437866210938
1749651039939,RIGHT_CLAVICLE,0.10058909,0.01392068,-0.9327677,98.52009582519531
1749651039939,LEFT_SHOULDER,0.27635607,0.039287567,-0.81816375,97.31205749511719
1749651039939,RIGHT_SHOULDER,0.03129959,0.0021284372,-0.98325753,96.90730285644531
1749651039939,LEFT_ELBOW,0.20439179,-0.09923289,-0.53188986,93.1476058959961
1749651039939,RIGHT_ELBOW,-0.011946559,-0.25027072,-1.0027497,96.17302703857422
1749651039939,LEFT_WRIST,0.05847764,-0.09286149,-0.3219676,93.30520629882812
1749651039939,RIGHT_WRIST,-0.0604538,-0.25374532,-0.7970696,47.80754852294922
1749651039939,LEFT_HIP,0.22198497,-0.2778312,-0.6911328,40.320030212402344
1749651039939,RIGHT_HIP,0.06717339,-0.3215031,-0.8137149,48.07891845703125
1749651039972,PELVIS,0.124741845,-0.24886765,-0.5967549,57.50293731689453
1749651039972,SPINE_1,0.10015937,-0.14733906,-0.4899908,80.721923828125
1749651039972,SPINE_2,0.15336235,-0.14802533,-0.79330045,86.1082763671875
1749651039972,SPINE_3,0.16063987,-0.066603966,-0.8485047,94.96805572509766
1749651039972,NECK,0.16291983,0.024768934,-0.88550425,97.56887817382812
1749651039972,LEFT_CLAVICLE,0.22386381,0.034890085,-0.8638401,97.96669006347656
1749651039972,RIGHT_CLAVICLE,0.10009309,0.01611869,-0.9283063,98.1288070678711
1749651039972,LEFT_SHOULDER,0.27154583,0.04151112,-0.8083849,95.7898941040039
1749651039972,RIGHT_SHOULDER,0.030748874,0.0042432845,-0.97633594,96.3133316040039
1749651039972,LEFT_ELBOW,0.19096637,-0.09173598,-0.5195608,93.60765838623047
1749651039972,RIGHT_ELBOW,-0.012167046,-0.25195765,-1.0055379,90.96997833251953
1749651039972,LEFT_WRIST,0.049328405,-0.09072313,-0.3136424,89.48272705078125
1749651039972,RIGHT_WRIST,nan,nan,nan,41.50120162963867
1749651039972,LEFT_HIP,0.21430103,-0.27908507,-0.6970642,46.70526885986328
1749651039972,RIGHT_HIP,0.06452389,-0.32403493,-0.8164143,48.3442497253418
1749651040006,PELVIS,0.10683065,-0.20636344,-0.5189899,41.00503921508789
1749651040006,SPINE_1,0.08485276,-0.11980845,-0.41811156,72.16484832763672
1749651040006,SPINE_2,0.15359263,-0.14419203,-0.8041083,81.08760833740234
1749651040006,SPINE_3,0.15861621,-0.062770285,-0.846463,93.47549438476562
1749651040006,NECK,0.15959214,0.025569186,-0.87753874,97.73517608642578
1749651040006,LEFT_CLAVICLE,0.22090884,0.035277024,-0.8554715,98.13227081298828
1749651040006,RIGHT_CLAVICLE,0.0973572,0.016974479,-0.92849183,98.2314453125
1749651040006,LEFT_SHOULDER,0.26702437,0.042601973,-0.79853755,96.1551742553711
1749651040006,RIGHT_SHOULDER,0.02932779,0.005480826,-0.9847472,96.47607421875
1749651040006,LEFT_ELBOW,0.17744598,-0.088025875,-0.5063401,94.32601928710938
1749651040006,RIGHT_ELBOW,-0.012665991,-0.24883969,-0.987273,92.90655517578125
1749651040006,LEFT_WRIST,0.04170075,-0.08749062,-0.29961473,90.17888641357422
1749651040006,RIGHT_WRIST,nan,nan,nan,nan
1749651040006,LEFT_HIP,nan,nan,nan,nan
1749651040006,RIGHT_HIP,nan,nan,nan,nan
1749651040039,PELVIS,0.090564266,-0.17455727,-0.44592744,49.60767364501953
1749651040039,SPINE_1,0.071794756,-0.10162948,-0.36219293,76.6843490600586
1749651040039,SPINE_2,0.15318787,-0.14600049,-0.8134911,83.6553955078125
1749651040039,SPINE_3,0.15696076,-0.06347029,-0.8424928,94.20285034179688
1749651040039,NECK,0.15683788,0.026297882,-0.8699235,97.55387115478516
1749651040039,LEFT_CLAVICLE,0.21824339,0.034733057,-0.8458878,97.9876480102539
1749651040039,RIGHT_CLAVICLE,0.09546103,0.017134055,-0.92743105,98.08382415771484
1749651040039,LEFT_SHOULDER,0.2660348,0.042880744,-0.8006552,95.8729019165039
1749651040039,RIGHT_SHOULDER,0.027331743,0.0072357655,-0.98104393,96.18336486816406
1749651040039,LEFT_ELBOW,0.16668817,-0.08681454,-0.4899796,95.1288070678711
1749651040039,RIGHT_ELBOW,-0.016470019,-0.25885743,-0.97325146,91.47834777832031
1749651040039,LEFT_WRIST,0.037851732,-0.08645842,-0.29337278,88.6562728881836
1749651040039,RIGHT_WRIST,nan,nan,nan,nan
1749651040039,LEFT_HIP,nan,nan,nan,nan
1749651040039,RIGHT_HIP,0.06472043,-0.33324942,-0.82607937,45.88258361816406
1749651040072,PELVIS,0.0745567,-0.15581669,-0.38209125,47.04710006713867
1749651040072,SPINE_1,0.060842626,-0.092855304,-0.31792232,75.30547332763672
1749651040072,SPINE_2,0.14974092,-0.1543085,-0.81148636,82.78927612304688
1749651040072,SPINE_3,0.15315703,-0.06694839,-0.8372125,93.88201141357422
1749651040072,NECK,0.15425816,0.026686177,-0.863242,97.41145324707031
1749651040072,LEFT_CLAVICLE,0.21457715,0.036224365,-0.84168816,97.83830261230469
1749651040072,RIGHT_CLAVICLE,0.094124995,0.01688394,-0.9240495,98.00328826904297
1749651040072,LEFT_SHOULDER,0.26345932,0.042773098,-0.7965852,95.53693389892578
1749651040072,RIGHT_SHOULDER,0.02549564,0.008237064,-0.97654766,96.06852722167969
1749651040072,LEFT_ELBOW,0.16033916,-0.084564775,-0.47939235,94.80885314941406
1749651040072,RIGHT_ELBOW,-0.019345166,-0.27144724,-0.97834253,90.16131591796875
1749651040072,LEFT_WRIST,0.03681944,-0.08657417,-0.29252285,88.92652893066406
1749651040072,RIGHT_WRIST,nan,nan,nan,nan
1749651040072,LEFT_HIP,nan,nan,nan,nan
1749651040072,RIGHT_HIP,0.063066885,-0.33263418,-0.8181334,46.42802429199219
1749651040106,PELVIS,0.06402695,-0.13722871,-0.34007627,49.42330551147461
1749651040106,SPINE_1,0.053620405,-0.08389841,-0.2887513,76.68743133544922
1749651040106,SPINE_2,0.14820972,-0.15432127,-0.81474435,83.79563903808594
1749651040106,SPINE_3,0.15086296,-0.065424874,-0.8344877,94.38964080810547
1749651040106,NECK,0.15182409,0.02637501,-0.8564622,97.94677734375
1749651040106,LEFT_CLAVICLE,0.21138823,0.034458116,-0.8347611,98.32503509521484
1749651040106,RIGHT_CLAVICLE,0.09323309,0.016416937,-0.9190817,98.37960052490234
1749651040106,LEFT_SHOULDER,0.2584275,0.04175043,-0.78465897,96.5640869140625
1749651040106,RIGHT_SHOULDER,0.024602873,0.008461848,-0.9794231,96.74111938476562
1749651040106,LEFT_ELBOW,0.15755798,-0.08078571,-0.46891525,95.58924102783203
1749651040106,RIGHT_ELBOW,-0.020045433,-0.26633322,-0.97519946,91.7159423828125
1749651040106,LEFT_WRIST,0.037224602,-0.08684105,-0.29289928,92.5485610961914
1749651040106,RIGHT_WRIST,nan,nan,nan,nan
1749651040106,LEFT_HIP,nan,nan,nan,nan
1749651040106,RIGHT_HIP,0.06221433,-0.3198103,-0.78653914,47.886810302734375
1749651040139,PELVIS,0.058602195,-0.12614274,-0.31460005,54.05278778076172
1749651040139,SPINE_1,0.04992777,-0.0796587,-0.27461296,79.12198638916016
1749651040139,SPINE_2,0.14312719,-0.14893652,-0.7855424,85.33689880371094
1749651040139,SPINE_3,0.14933312,-0.06444253,-0.83116007,94.9494857788086
1749651040139,NECK,0.15034805,0.02645883,-0.85539275,98.18323516845703
1749651040139,LEFT_CLAVICLE,0.20355336,0.033525944,-0.8047437,98.54432678222656
1749651040139,RIGHT_CLAVICLE,0.092321366,0.018318266,-0.9105693,98.54095458984375
1749651040139,LEFT_SHOULDER,0.26250288,0.04234284,-0.8049462,97.03631591796875
1749651040139,RIGHT_SHOULDER,0.02331296,0.009015739,-0.97401965,97.02534484863281
1749651040139,LEFT_ELBOW,0.15768525,-0.07798152,-0.46238318,95.78816223144531
1749651040139,RIGHT_ELBOW,-0.021069754,-0.2569412,-0.9650934,82.86968231201172
1749651040139,LEFT_WRIST,0.03930369,-0.08707231,-0.29765636,92.5791244506836
1749651040139,RIGHT_WRIST,nan,nan,nan,nan
1749651040139,LEFT_HIP,0.20859082,-0.28521883,-0.6956185,46.83013153076172
1749651040139,RIGHT_HIP,0.06263093,-0.32004857,-0.7907081,41.491214752197266
1749651040173,PELVIS,0.057614237,-0.11787278,-0.2967737,39.60882568359375
1749651040173,SPINE_1,0.04916723,-0.07621372,-0.26486522,71.49057006835938
1749651040173,SPINE_2,0.14398696,-0.14477322,-0.7717227,80.8110122680664
1749651040173,SPINE_3,0.14841032,-0.06389263,-0.82763684,93.4977798461914
1749651040173,NECK,0.1485407,0.026604101,-0.85184366,98.02122497558594
1749651040173,LEFT_CLAVICLE,0.20455526,0.03442487,-0.8128345,98.39862060546875
1749651040173,RIGHT_CLAVICLE,0.08635862,0.017825171,-0.85671794,98.42591094970703
1749651040173,LEFT_SHOULDER,0.26037183,0.042590022,-0.7991974,96.72720336914062
1749651040173,RIGHT_SHOULDER,0.021629266,0.008907095,-0.968052,96.81583404541016
1749651040173,LEFT_ELBOW,0.16019996,-0.07927424,-0.4640686,95.18073272705078
1749651040173,RIGHT_ELBOW,-0.021950973,-0.2514227,-0.94738334,78.63587951660156
1749651040173,LEFT_WRIST,0.041151516,-0.08685204,-0.29788363,88.51734924316406
1749651040173,RIGHT_WRIST,nan,nan,nan,nan
1749651040173,LEFT_HIP,nan,nan,nan,nan
1749651040173,RIGHT_HIP,0.06328468,-0.32257783,-0.7953973,40.90043258666992
1749651040206,PELVIS,0.055757176,-0.11112896,-0.28134128,38.249717712402344
1749651040206,SPINE_1,0.04872155,-0.07357989,-0.25689423,70.52449035644531
1749651040206,SPINE_2,0.14637323,-0.14467344,-0.783082,79.98099517822266
1749651040206,SPINE_3,0.14782244,-0.06348165,-0.8243076,92.95626068115234
1749651040206,NECK,0.14721042,0.027244717,-0.8464049,97.26889038085938
1749651040206,LEFT_CLAVICLE,0.20352204,0.035176173,-0.819932,97.73567962646484
1749651040206,RIGHT_CLAVICLE,0.082238704,0.017654985,-0.8349206,97.87593841552734
1749651040206,LEFT_SHOULDER,0.2582236,0.04350783,-0.79286265,95.35260772705078
1749651040206,RIGHT_SHOULDER,0.019887963,0.008936763,-0.96261716,95.80371856689453
1749651040206,LEFT_ELBOW,0.1617189,-0.07916637,-0.46089768,93.50022888183594
1749651040206,RIGHT_ELBOW,-0.02331017,-0.24639389,-0.9326729,73.91963958740234
1749651040206,LEFT_WRIST,0.042953014,-0.08581155,-0.2975522,88.28483581542969
1749651040206,RIGHT_WRIST,nan,nan,nan,nan
1749651040206,LEFT_HIP,nan,nan,nan,nan
1749651040206,RIGHT_HIP,nan,nan,nan,nan
1749651040240,PELVIS,0.055474266,-0.108874395,-0.27626207,36.50851821899414
1749651040240,SPINE_1,0.04966161,-0.075485215,-0.2615388,69.72838592529297
1749651040240,SPINE_2,0.14309299,-0.1416173,-0.7620677,79.738525390625
1749651040240,SPINE_3,0.14744012,-0.06332577,-0.8212744,93.08647918701172
1749651040240,NECK,0.14637229,0.027483374,-0.84201574,97.8084716796875
1749651040240,LEFT_CLAVICLE,0.20517088,0.035475954,-0.82258844,98.2325210571289
1749651040240,RIGHT_CLAVICLE,0.07700771,0.01611504,-0.79199076,98.24938201904297
1749651040240,LEFT_SHOULDER,0.25975522,0.04403977,-0.79593265,96.40498352050781
1749651040240,RIGHT_SHOULDER,0.018189436,0.007618293,-0.9566654,96.45960235595703
1749651040240,LEFT_ELBOW,0.16689055,-0.077270284,-0.46500242,93.8101806640625
1749651040240,RIGHT_ELBOW,-0.02292565,-0.24803936,-0.9247921,74.9538803100586
1749651040240,LEFT_WRIST,0.044859506,-0.08383212,-0.29908377,90.50439453125
1749651040240,RIGHT_WRIST,nan,nan,nan,nan
1749651040240,LEFT_HIP,nan,nan,nan,nan
1749651040240,RIGHT_HIP,nan,nan,nan,nan
1749651040273,PELVIS,0.053660322,-0.1084813,-0.2730781,36.054168701171875
1749651040273,SPINE_1,0.04915222,-0.07650332,-0.26266283,69.53573608398438
1749651040273,SPINE_2,0.13922371,-0.1383149,-0.7392134,79.7033920288086
1749651040273,SPINE_3,0.14722872,-0.06333593,-0.81891656,93.14775848388672
1749651040273,NECK,0.14593107,0.02745542,-0.83883685,97.99768829345703
1749651040273,LEFT_CLAVICLE,0.2063231,0.03548196,-0.8228399,98.3898696899414
1749651040273,RIGHT_CLAVICLE,0.07663697,0.01580894,-0.794376,98.39677429199219
1749651040273,LEFT_SHOULDER,0.25569117,0.04297231,-0.7784283,96.72273254394531
1749651040273,RIGHT_SHOULDER,0.018327303,0.007403448,-0.9506935,96.74513244628906
1749651040273,LEFT_ELBOW,0.16523978,-0.07582801,-0.45517007,94.21803283691406
1749651040273,RIGHT_ELBOW,-0.022428857,-0.2451449,-0.9255125,72.14808654785156
1749651040273,LEFT_WRIST,0.04764165,-0.08240746,-0.3029895,81.37175750732422
1749651040273,RIGHT_WRIST,nan,nan,nan,nan
1749651040273,LEFT_HIP,nan,nan,nan,nan
1749651040273,RIGHT_HIP,nan,nan,nan,nan
1749651040307,PELVIS,0.055667873,-0.11388253,-0.28491426,36.26810073852539
1749651040307,SPINE_1,0.05074103,-0.07921031,-0.2700313,69.64540100097656
1749651040307,SPINE_2,0.1323878,-0.1322791,-0.69977844,79.75408172607422
1749651040307,SPINE_3,0.14714533,-0.063419975,-0.81745917,93.1529312133789
1749651040307,NECK,0.1456995,0.027308002,-0.83655566,97.97029113769531
1749651040307,LEFT_CLAVICLE,0.20392817,0.03551595,-0.81317186,98.39793395996094
1749651040307,RIGHT_CLAVICLE,0.07546815,0.016245216,-0.7891868,98.3445816040039
1749651040307,LEFT_SHOULDER,0.258782,0.04365228,-0.7912667,96.77671813964844
1749651040307,RIGHT_SHOULDER,0.017947756,0.008370221,-0.94828594,96.60356903076172
1749651040307,LEFT_ELBOW,0.1650091,-0.0726785,-0.44967264,93.64772033691406
1749651040307,RIGHT_ELBOW,-0.024760328,-0.25113326,-0.9110061,67.65497589111328
1749651040307,LEFT_WRIST,0.049886033,-0.08083823,-0.3062763,83.66768646240234
1749651040307,RIGHT_WRIST,nan,nan,nan,nan
1749651040307,LEFT_HIP,nan,nan,nan,nan
1749651040307,RIGHT_HIP,nan,nan,nan,nan
1749651040340,PELVIS,0.05483535,-0.115688205,-0.28968197,37.54917907714844
1749651040340,SPINE_1,0.05161662,-0.08106752,-0.27767175,70.34664154052734
1749651040340,SPINE_2,0.13800195,-0.1400718,-0.7553127,80.14178466796875
1749651040340,SPINE_3,0.14470074,-0.06327972,-0.81608766,93.26754760742188
1749651040340,NECK,0.14557452,0.02732782,-0.8349243,97.95750427246094
1749651040340,LEFT_CLAVICLE,0.2035685,0.035602227,-0.81833184,98.36128997802734
1749651040340,RIGHT_CLAVICLE,0.07727278,0.01734525,-0.8180613,98.36065673828125
1749651040340,LEFT_SHOULDER,0.26256558,0.044780627,-0.80588585,96.67080688476562
1749651040340,RIGHT_SHOULDER,0.017503645,0.009649888,-0.94930214,96.66874694824219
1749651040340,LEFT_ELBOW,0.16788936,-0.07191729,-0.45436186,93.73026275634766
1749651040340,RIGHT_ELBOW,-0.02571161,-0.24853984,-0.90672493,68.45388793945312
1749651040340,LEFT_WRIST,0.050624963,-0.08027968,-0.30623248,82.45030212402344
1749651040340,RIGHT_WRIST,nan,nan,nan,nan
1749651040340,LEFT_HIP,nan,nan,nan,nan
1749651040340,RIGHT_HIP,nan,nan,nan,nan
1749651040373,PELVIS,0.056739543,-0.12121241,-0.3015032,34.74308776855469
1749651040373,SPINE_1,0.0534032,-0.08498673,-0.28919533,68.79560089111328
1749651040373,SPINE_2,0.13550156,-0.13842283,-0.74406767,79.27495574951172
1749651040373,SPINE_3,0.14544517,-0.06337317,-0.8153019,92.9990005493164
1749651040373,NECK,0.14540127,0.027102381,-0.83306164,97.95381164550781
1749651040373,LEFT_CLAVICLE,0.2031675,0.035395443,-0.82053185,98.34102630615234
1749651040373,RIGHT_CLAVICLE,0.07991628,0.018193841,-0.84663934,98.37496185302734
1749651040373,LEFT_SHOULDER,0.25871333,0.043937534,-0.7903207,96.6087875366211
1749651040373,RIGHT_SHOULDER,0.0175726,0.0101697,-0.9496616,96.71891784667969
1749651040373,LEFT_ELBOW,0.16907857,-0.07378424,-0.45624846,94.34234619140625
1749651040373,RIGHT_ELBOW,-0.026660163,-0.24606305,-0.8959575,70.16049194335938
1749651040373,LEFT_WRIST,0.049063325,-0.08122419,-0.30426708,81.33967590332031
1749651040373,RIGHT_WRIST,nan,nan,nan,nan
1749651040373,LEFT_HIP,nan,nan,nan,nan
1749651040373,RIGHT_HIP,nan,nan,nan,nan
1749651040407,PELVIS,0.05618978,-0.13305941,-0.31265986,41.788272857666016
1749651040407,SPINE_1,0.053259756,-0.09292735,-0.29831782,72.60481262207031
1749651040407,SPINE_2,0.13141648,-0.1460392,-0.7406794,81.36112976074219
1749651040407,SPINE_3,0.14350621,-0.067569554,-0.81317276,93.58213806152344
1749651040407,NECK,0.14323023,0.027114093,-0.83402675,97.794189453125
1749651040407,LEFT_CLAVICLE,0.20285654,0.03532861,-0.8208991,98.19063568115234
1749651040407,RIGHT_CLAVICLE,0.077175125,0.018420368,-0.8151252,98.26820373535156
1749651040407,LEFT_SHOULDER,0.25699025,0.043963313,-0.78540224,96.28390502929688
1749651040407,RIGHT_SHOULDER,0.017054811,0.011218324,-0.95134115,96.53507232666016
1749651040407,LEFT_ELBOW,0.17205517,-0.07582741,-0.46062118,94.45005798339844
1749651040407,RIGHT_ELBOW,-0.026607264,-0.24423143,-0.89556545,72.43032836914062
1749651040407,LEFT_WRIST,0.048396654,-0.08212016,-0.30184093,85.70622253417969
1749651040407,RIGHT_WRIST,nan,nan,nan,nan
1749651040407,LEFT_HIP,nan,nan,nan,nan
1749651040407,RIGHT_HIP,nan,nan,nan,nan
1749651040440,PELVIS,0.059828904,-0.13300867,-0.31668493,36.124481201171875
1749651040440,SPINE_1,0.097605504,-0.17018145,-0.56119764,69.50164794921875
1749651040440,SPINE_2,0.13500147,-0.14521158,-0.7493565,79.59378051757812
1749651040440,SPINE_3,0.14453495,-0.066010706,-0.8115962,93.02381134033203
1749651040440,NECK,0.1409046,0.027203292,-0.82176596,97.76136779785156
1749651040440,LEFT_CLAVICLE,0.20262453,0.03521563,-0.8204163,98.17315673828125
1749651040440,RIGHT_CLAVICLE,0.08017083,0.018901378,-0.84510964,98.23282623291016
1749651040440,LEFT_SHOULDER,0.25662118,0.043859944,-0.78533757,96.26078033447266
1749651040440,RIGHT_SHOULDER,0.016183348,0.011435077,-0.94777334,96.45391845703125
1749651040440,LEFT_ELBOW,0.17597999,-0.078703284,-0.46603307,94.85474395751953
1749651040440,RIGHT_ELBOW,-0.027484823,-0.2450306,-0.9017717,72.99270629882812
1749651040440,LEFT_WRIST,0.05006911,-0.08547953,-0.3056751,83.7632064819336
1749651040440,RIGHT_WRIST,nan,nan,nan,nan
1749651040440,LEFT_HIP,nan,nan,nan,nan
1749651040440,RIGHT_HIP,nan,nan,nan,nan
1749651040474,PELVIS,0.05736184,-0.14049679,-0.3155522,42.09335708618164
1749651040474,SPINE_1,0.12106581,-0.22702028,-0.7080552,72.38983154296875
1749651040474,SPINE_2,0.1309465,-0.15011352,-0.73381215,80.7417984008789
1749651040474,SPINE_3,0.14289778,-0.07117388,-0.8097898,92.88482666015625
1749651040474,NECK,0.14214315,0.026993573,-0.82293844,96.4520034790039
1749651040474,LEFT_CLAVICLE,0.20221657,0.03287396,-0.81822944,97.01165771484375
1749651040474,RIGHT_CLAVICLE,0.08244747,0.019155785,-0.8642229,97.27896118164062
1749651040474,LEFT_SHOULDER,0.255042,0.039898783,-0.77800596,93.87653350830078
1749651040474,RIGHT_SHOULDER,0.015330399,0.012111187,-0.94139725,94.72731018066406
1749651040474,LEFT_ELBOW,0.18095735,-0.07994415,-0.4725859,95.44886016845703
1749651040474,RIGHT_ELBOW,-0.02703861,-0.2570307,-0.9193374,80.84274291992188
1749651040474,LEFT_WRIST,0.051588967,-0.090585,-0.30864304,91.41731262207031
1749651040474,RIGHT_WRIST,nan,nan,nan,nan
1749651040474,LEFT_HIP,nan,nan,nan,nan
1749651040474,RIGHT_HIP,nan,nan,nan,nan
1749651040507,PELVIS,0.056619227,-0.14451076,-0.31502938,37.43410110473633
1749651040507,SPINE_1,0.12981908,-0.2476079,-0.7464514,69.93335723876953
1749651040507,SPINE_2,0.13324809,-0.16150579,-0.756359,79.47007751464844
1749651040507,SPINE_3,0.14143541,-0.07654092,-0.80609125,92.61871337890625
1749651040507,NECK,0.140987,0.02457495,-0.82544374,96.80125427246094
1749651040507,LEFT_CLAVICLE,0.20188403,0.03122814,-0.81613815,97.33618927001953
1749651040507,RIGHT_CLAVICLE,0.08181548,0.01690881,-0.8804172,97.51985168457031
1749651040507,LEFT_SHOULDER,0.25330785,0.036617026,-0.7697976,94.55174255371094
1749651040507,RIGHT_SHOULDER,0.0138342725,0.009154782,-0.9439276,95.13890075683594
1749651040507,LEFT_ELBOW,0.18590304,-0.08442226,-0.47684854,95.83406829833984
1749651040507,RIGHT_ELBOW,-0.025219753,-0.26799613,-0.92869407,88.53662109375
1749651040507,LEFT_WRIST,0.054670196,-0.095996365,-0.30860144,93.43265533447266
1749651040507,RIGHT_WRIST,nan,nan,nan,nan
1749651040507,LEFT_HIP,nan,nan,nan,nan
1749651040507,RIGHT_HIP,nan,nan,nan,nan
1749651040541,PELVIS,0.05318909,-0.13681,-0.30211475,50.10148239135742
1749651040541,SPINE_1,0.13358968,-0.25319332,-0.76535594,77.40355682373047
1749651040541,SPINE_2,0.13221768,-0.16117129,-0.762813,84.73383331298828
1749651040541,SPINE_3,0.1383186,-0.07537737,-0.80456704,95.20578002929688
1749651040541,NECK,0.14005183,0.02284205,-0.829335,99.40628814697266
1749651040541,LEFT_CLAVICLE,0.20148335,0.030310735,-0.81407076,99.31106567382812
1749651040541,RIGHT_CLAVICLE,0.08118813,0.01543127,-0.8870847,99.7362289428711
1749651040541,LEFT_SHOULDER,0.24699745,0.034028932,-0.755185,98.31063079833984
1749651040541,RIGHT_SHOULDER,0.012515176,0.008056283,-0.93336356,99.71672058105469
1749651040541,LEFT_ELBOW,0.18843132,-0.08586084,-0.48155212,96.7227783203125
1749651040541,RIGHT_ELBOW,nan,nan,nan,94.72357940673828
1749651040541,LEFT_WRIST,0.058897175,-0.10438663,-0.31372252,91.77017211914062
1749651040541,RIGHT_WRIST,-0.022584995,-0.084818,-0.24474233,58.042728424072266
1749651040541,LEFT_HIP,nan,nan,nan,nan
1749651040541,RIGHT_HIP,0.05115773,-0.3266758,-0.7984776,50.990211486816406
1749651040607,PELVIS,0.048309475,-0.12567139,-0.28513294,53.942047119140625
1749651040607,SPINE_1,0.13323982,-0.25244048,-0.7684276,78.62890625
1749651040607,SPINE_2,0.13165818,-0.16168897,-0.7788682,84.40064239501953
1749651040607,SPINE_3,0.13570018,-0.073455274,-0.8034099,93.986572265625
1749651040607,NECK,0.1408154,0.02161552,-0.8312134,96.31999969482422
1749651040607,LEFT_CLAVICLE,0.19990574,0.02676645,-0.80684114,96.99083709716797
1749651040607,RIGHT_CLAVICLE,0.080369495,0.017427012,-0.88531286,97.08663940429688
1749651040607,LEFT_SHOULDER,0.24274462,0.02911824,-0.73914826,93.94647216796875
1749651040607,RIGHT_SHOULDER,0.011444432,0.011170104,-0.93456143,94.25089263916016
1749651040607,LEFT_ELBOW,0.19263649,-0.09839153,-0.49025747,95.35415649414062
1749651040607,RIGHT_ELBOW,-0.041468196,-0.2463156,-0.95134604,95.61798858642578
1749651040607,LEFT_WRIST,0.06540766,-0.11688656,-0.31409526,78.38024139404297
1749651040607,RIGHT_WRIST,-0.14508821,-0.2828127,-0.87570584,92.32203674316406
1749651040607,LEFT_HIP,nan,nan,nan,nan
1749651040607,RIGHT_HIP,0.037709907,-0.32565045,-0.806967,58.23423767089844
1749651040641,PELVIS,0.048898254,-0.11917187,-0.28608146,64.46327209472656
1749651040641,SPINE_1,0.13705626,-0.24027577,-0.78882074,84.06449890136719
1749651040641,SPINE_2,0.13475399,-0.15146506,-0.7855342,88.07073974609375
1749651040641,SPINE_3,0.1355253,-0.06707575,-0.80476534,95.42384338378906
1749651040641,NECK,0.14024271,0.024456635,-0.82992196,97.13163757324219
1749651040641,LEFT_CLAVICLE,0.19967313,0.03067647,-0.80611855,97.58511352539062
1749651040641,RIGHT_CLAVICLE,0.077412,0.019351602,-0.8565573,97.80461883544922
1749651040641,LEFT_SHOULDER,0.24393515,0.03264016,-0.7461146,95.00960540771484
1749651040641,RIGHT_SHOULDER,0.010211569,0.0138680935,-0.9397268,95.71434020996094
1749651040641,LEFT_ELBOW,0.19076967,-0.10423296,-0.4939596,95.0413589477539
1749651040641,RIGHT_ELBOW,-0.059861977,-0.23331957,-0.9561456,96.66064453125
1749651040641,LEFT_WRIST,0.07041161,-0.12247814,-0.31899998,66.52420806884766
1749651040641,RIGHT_WRIST,-0.14292504,-0.24862105,-0.7853884,96.24925231933594
1749651040641,LEFT_HIP,nan,nan,nan,nan
1749651040641,RIGHT_HIP,0.036018997,-0.32594788,-0.81380284,68.61933135986328
1749651040674,PELVIS,0.052581593,-0.12025641,-0.3002602,71.37811279296875
1749651040674,SPINE_1,0.13824637,-0.23230508,-0.78664434,87.75494384765625
1749651040674,SPINE_2,0.1366158,-0.14590605,-0.78839904,91.17345428466797
1749651040674,SPINE_3,0.13544832,-0.063650206,-0.80463934,97.15789794921875
1749651040674,NECK,0.13941774,0.023258954,-0.83043057,99.4210205078125
1749651040674,LEFT_CLAVICLE,0.19675052,0.028150037,-0.80452585,99.33795166015625
1749651040674,RIGHT_CLAVICLE,0.07459232,0.01796195,-0.8263392,99.73321533203125
1749651040674,LEFT_SHOULDER,0.24320455,0.031017676,-0.7518967,98.38462829589844
1749651040674,RIGHT_SHOULDER,0.010560378,0.013694182,-0.94069266,99.69207763671875
1749651040674,LEFT_ELBOW,0.18835273,-0.11243504,-0.4933807,95.77957153320312
1749651040674,RIGHT_ELBOW,-0.07757163,-0.2174879,-0.93976414,98.6233139038086
1749651040674,LEFT_WRIST,0.07549914,-0.1283085,-0.32697248,61.18154525756836
1749651040674,RIGHT_WRIST,-0.1440047,-0.21074486,-0.70280796,96.79296875
1749651040674,LEFT_HIP,0.21228683,-0.27419692,-0.685885,45.64906692504883
1749651040674,RIGHT_HIP,0.03716277,-0.32251757,-0.8184564,76.19537353515625
1749651040708,PELVIS,0.10483058,-0.23284997,-0.6060207,71.12447357177734
1749651040708,SPINE_1,0.13867013,-0.2277189,-0.77949953,87.23703002929688
1749651040708,SPINE_2,0.13758077,-0.14287773,-0.7885762,90.13166809082031
1749651040708,SPINE_3,0.13551156,-0.061841168,-0.8043133,96.054443359375
1749651040708,NECK,0.13810125,0.024490133,-0.8309585,97.09827423095703
1749651040708,LEFT_CLAVICLE,0.19776943,0.02892521,-0.80528635,97.56160736083984
1749651040708,RIGHT_CLAVICLE,0.0738377,0.018525645,-0.8454735,97.77427673339844
1749651040708,LEFT_SHOULDER,0.24403708,0.03206615,-0.751399,94.96843719482422
1749651040708,RIGHT_SHOULDER,0.006161849,0.015260577,-0.93897086,95.6509017944336
1749651040708,LEFT_ELBOW,0.18860006,-0.11753447,-0.49818388,95.25646209716797
1749651040708,RIGHT_ELBOW,-0.09347452,-0.19577721,-0.89048517,96.19905853271484
1749651040708,LEFT_WRIST,0.07782566,-0.13140263,-0.3314434,62.443912506103516
1749651040708,RIGHT_WRIST,-0.15470555,-0.18204051,-0.6685938,95.05919647216797
1749651040708,LEFT_HIP,0.21217139,-0.2714509,-0.6843836,47.96894454956055
1749651040708,RIGHT_HIP,0.039765716,-0.32414564,-0.8144036,73.89179992675781
1749651040741,PELVIS,0.12900425,-0.28200644,-0.7240254,76.66060638427734
1749651040741,SPINE_1,0.13894811,-0.22571419,-0.7725878,89.83792877197266
1749651040741,SPINE_2,0.13785112,-0.14306574,-0.7868333,91.96595001220703
1749651040741,SPINE_3,0.13546288,-0.06275831,-0.80323374,96.71820068359375
1749651040741,NECK,0.13717651,0.024016842,-0.8301751,97.37583923339844
1749651040741,LEFT_CLAVICLE,0.19802801,0.027792439,-0.80379444,97.75090789794922
1749651040741,RIGHT_CLAVICLE,0.07331207,0.0193218,-0.8591945,98.0326919555664
1749651040741,LEFT_SHOULDER,0.24650092,0.031825423,-0.75742865,95.29191589355469
1749651040741,RIGHT_SHOULDER,0.0034903276,0.014835268,-0.9353988,96.199462890625
1749651040741,LEFT_ELBOW,0.18830876,-0.11936321,-0.49978387,95.71807098388672
1749651040741,RIGHT_ELBOW,-0.10607945,-0.17709625,-0.8464194,97.0863037109375
1749651040741,LEFT_WRIST,0.07700924,-0.13298258,-0.33319634,58.907562255859375
1749651040741,RIGHT_WRIST,-0.16688569,-0.16126232,-0.63439506,95.65876007080078
1749651040741,LEFT_HIP,0.21461897,-0.27115303,-0.6847353,48.496604919433594
1749651040741,RIGHT_HIP,0.041285202,-0.32694882,-0.8102835,84.41073608398438
1749651040775,PELVIS,0.1380204,-0.3030916,-0.7675279,74.30398559570312
1749651040775,SPINE_1,0.13927624,-0.22773427,-0.77052903,88.86972045898438
1749651040775,SPINE_2,0.13764407,-0.14626433,-0.7838399,91.50543975830078
1749651040775,SPINE_3,0.13546333,-0.06431161,-0.80205363,96.80009460449219
1749651040775,NECK,0.13724256,0.021670863,-0.8258654,98.04917907714844
1749651040775,LEFT_CLAVICLE,0.19976015,0.024163708,-0.79872626,98.77688598632812
1749651040775,RIGHT_CLAVICLE,0.07306006,0.019139513,-0.86423445,98.08773040771484
1749651040775,LEFT_SHOULDER,0.2491537,0.02791977,-0.7555487,97.92768096923828
1749651040775,RIGHT_SHOULDER,0.0014602116,0.014472306,-0.92915875,95.688720703125
1749651040775,LEFT_ELBOW,0.18975966,-0.117777325,-0.49788296,99.64854431152344
1749651040775,RIGHT_ELBOW,-0.1180107,-0.16155815,-0.8271973,96.5235824584961
1749651040775,LEFT_WRIST,0.07668125,-0.13558713,-0.33789995,68.89778137207031
1749651040775,RIGHT_WRIST,-0.17823444,-0.14246947,-0.5871969,94.47294616699219
1749651040775,LEFT_HIP,0.21700382,-0.27532557,-0.6875975,47.53508758544922
1749651040775,RIGHT_HIP,0.0412756,-0.3306858,-0.80728406,80.47197723388672
1749651040808,PELVIS,0.14201523,-0.31464285,-0.7920053,73.83749389648438
1749651040808,SPINE_1,0.13594808,-0.22501893,-0.7637426,88.57798767089844
1749651040808,SPINE_2,0.13532642,-0.14471865,-0.78352565,91.16949462890625
1749651040808,SPINE_3,0.1354527,-0.06332156,-0.800991,96.53729248046875
1749651040808,NECK,0.13564014,0.022657096,-0.8237354,97.57381439208984
1749651040808,LEFT_CLAVICLE,0.19967586,0.026308298,-0.80075026,97.9463882446289
1749651040808,RIGHT_CLAVICLE,0.07087073,0.019050956,-0.87075055,98.15689086914062
1749651040808,LEFT_SHOULDER,0.25051755,0.029539421,-0.75887287,95.71928405761719
1749651040808,RIGHT_SHOULDER,-0.0015830421,0.014891088,-0.9225252,96.39897155761719
1749651040808,LEFT_ELBOW,0.18900914,-0.11781387,-0.5001829,96.25313568115234
1749651040808,RIGHT_ELBOW,-0.13047679,-0.14535324,-0.816137,96.91590881347656
1749651040808,LEFT_WRIST,0.07703015,-0.13533999,-0.33902317,63.328697204589844
1749651040808,RIGHT_WRIST,-0.18573238,-0.1296714,-0.5420883,95.06818389892578
1749651040808,LEFT_HIP,0.2165858,-0.2771388,-0.69381213,46.841766357421875
1749651040808,RIGHT_HIP,0.038479432,-0.32925075,-0.80757546,80.07337951660156
1749651040842,PELVIS,0.14143524,-0.31760323,-0.788803,73.26094818115234
1749651040842,SPINE_1,0.13332112,-0.22340658,-0.75917166,88.34603118896484
1749651040842,SPINE_2,0.1335763,-0.14338553,-0.7824068,91.07459259033203
1749651040842,SPINE_3,0.13293499,-0.06239722,-0.7989098,96.57691192626953
1749651040842,NECK,0.1338291,0.025264725,-0.8232854,97.77938842773438
1749651040842,LEFT_CLAVICLE,0.19941661,0.028214768,-0.8019798,98.16702270507812
1749651040842,RIGHT_CLAVICLE,0.06712709,0.021551117,-0.8747625,98.26793670654297
1749651040842,LEFT_SHOULDER,0.2540872,0.032244176,-0.7694247,96.2225341796875
1749651040842,RIGHT_SHOULDER,-0.0057355138,0.01780717,-0.9150743,96.54924011230469
1749651040842,LEFT_ELBOW,0.18892357,-0.11667277,-0.5025445,96.4421615600586
1749651040842,RIGHT_ELBOW,-0.13894494,-0.12999986,-0.799872,95.89730072021484
1749651040842,LEFT_WRIST,0.07737109,-0.13490343,-0.3392043,62.6201171875
1749651040842,RIGHT_WRIST,-0.19507554,-0.122419775,-0.50237167,93.61165618896484
1749651040842,LEFT_HIP,0.21465492,-0.27721035,-0.6926435,47.37450408935547
1749651040842,RIGHT_HIP,0.036992244,-0.32740432,-0.80306715,78.54776763916016
1749651040875,PELVIS,0.13543473,-0.30652124,-0.75755745,51.903568267822266
1749651040875,SPINE_1,0.1312638,-0.22159946,-0.75769925,77.80035400390625
1749651040875,SPINE_2,0.13222218,-0.1418778,-0.7798608,84.2182388305664
1749651040875,SPINE_3,0.13093428,-0.059124194,-0.7953035,94.26777648925781
1749651040875,NECK,0.13080585,0.027986154,-0.8170566,97.25249481201172
1749651040875,LEFT_CLAVICLE,0.19706936,0.03215447,-0.80371714,97.64118957519531
1749651040875,RIGHT_CLAVICLE,0.06466328,0.023580447,-0.8726898,97.9432373046875
1749651040875,LEFT_SHOULDER,0.2550959,0.035886988,-0.7729902,95.06555938720703
1749651040875,RIGHT_SHOULDER,-0.009839791,0.01984936,-0.89924407,96.03681945800781
1749651040875,LEFT_ELBOW,0.18901984,-0.11661888,-0.50304323,95.66582489013672
1749651040875,RIGHT_ELBOW,-0.14366615,-0.11591583,-0.7734998,95.24352264404297
1749651040875,LEFT_WRIST,0.076517425,-0.13500312,-0.33887488,65.31642150878906
1749651040875,RIGHT_WRIST,-0.20341139,-0.11782996,-0.47534865,93.22381591796875
1749651040875,LEFT_HIP,nan,nan,nan,nan
1749651040875,RIGHT_HIP,0.032632153,-0.3243801,-0.8044514,48.31776809692383
1749651040909,PELVIS,0.13511854,-0.30864054,-0.7568659,73.75634002685547
1749651040909,SPINE_1,0.12833157,-0.21870592,-0.74223655,88.48216247558594
1749651040909,SPINE_2,0.13106352,-0.1414274,-0.77546436,91.00009155273438
1749651040909,SPINE_3,0.12936434,-0.05774504,-0.7904497,96.36512756347656
1749651040909,NECK,0.12921852,0.028746322,-0.8106977,97.21757507324219
1749651040909,LEFT_CLAVICLE,0.1973755,0.033748,-0.80260384,97.62712097167969
1749651040909,RIGHT_CLAVICLE,0.06310783,0.02603224,-0.86600703,97.90109252929688
1749651040909,LEFT_SHOULDER,0.25670776,0.036228478,-0.77562374,95.0562515258789
1749651040909,RIGHT_SHOULDER,-0.011673413,0.021535397,-0.89168805,95.93681335449219
1749651040909,LEFT_ELBOW,0.1904994,-0.11717416,-0.5045358,95.97499084472656
1749651040909,RIGHT_ELBOW,-0.1446133,-0.10761765,-0.75988615,95.75110626220703
1749651040909,LEFT_WRIST,0.07500517,-0.13571034,-0.33845016,66.10662078857422
1749651040909,RIGHT_WRIST,-0.20911662,-0.118405096,-0.45922816,94.39494323730469
1749651040909,LEFT_HIP,0.21463151,-0.27918375,-0.69292355,48.36994934082031
1749651040909,RIGHT_HIP,0.03304129,-0.32627386,-0.805706,78.7676010131836
1749651040942,PELVIS,0.1329122,-0.30448115,-0.7407111,74.15259552001953
1749651040942,SPINE_1,0.12766646,-0.21864977,-0.738184,88.79989624023438
1749651040942,SPINE_2,0.13000877,-0.1426376,-0.76987725,91.45768737792969
1749651040942,SPINE_3,0.12803252,-0.05663246,-0.7842838,96.7844467163086
1749651040942,NECK,0.12790696,0.029163063,-0.8024829,98.04634094238281
1749651040942,LEFT_CLAVICLE,0.19726068,0.034669593,-0.7996501,98.42049407958984
1749651040942,RIGHT_CLAVICLE,0.06213771,0.027531669,-0.8562898,98.44447326660156
1749651040942,LEFT_SHOULDER,0.2576923,0.036295637,-0.7737731,96.77271270751953
1749651040942,RIGHT_SHOULDER,-0.012998319,0.022646248,-0.88050765,96.8506088256836
1749651040942,LEFT_ELBOW,0.19203399,-0.11864381,-0.50281036,96.9072494506836
1749651040942,RIGHT_ELBOW,-0.14784569,-0.104458064,-0.7504503,95.883544921875
1749651040942,LEFT_WRIST,0.075838774,-0.13626966,-0.34057096,67.45954895019531
1749651040942,RIGHT_WRIST,-0.2100899,-0.117994025,-0.44228867,94.61968231201172
1749651040942,LEFT_HIP,0.21527117,-0.28058237,-0.6918955,49.76741409301758
1749651040942,RIGHT_HIP,0.03382136,-0.32822156,-0.8052553,78.48477172851562
1749651040976,PELVIS,0.13225989,-0.30174536,-0.730373,73.62334442138672
1749651040976,SPINE_1,0.12757285,-0.21826464,-0.7368843,88.45203399658203
1749651040976,SPINE_2,0.1290739,-0.14250581,-0.76425874,91.0359878540039
1749651040976,SPINE_3,0.12706411,-0.05539626,-0.77892727,96.44029998779297
1749651040976,NECK,0.12682344,0.03050682,-0.79551125,97.40814208984375
1749651040976,LEFT_CLAVICLE,0.19655848,0.03548892,-0.7945542,97.79984283447266
1749651040976,RIGHT_CLAVICLE,0.06129897,0.028655931,-0.8421247,98.0361099243164
1749651040976,LEFT_SHOULDER,0.2579552,0.037845433,-0.77086127,95.41641235351562
1749651040976,RIGHT_SHOULDER,-0.0138432905,0.024105236,-0.8746036,96.17765045166016
1749651040976,LEFT_ELBOW,0.19498637,-0.11709955,-0.5056691,95.80829620361328
1749651040976,RIGHT_ELBOW,-0.14811736,-0.10641443,-0.73750216,95.86091613769531
1749651040976,LEFT_WRIST,0.074458286,-0.13732526,-0.34160072,69.83567810058594
1749651040976,RIGHT_WRIST,-0.20718125,-0.11924641,-0.4462215,94.33949279785156
1749651040976,LEFT_HIP,0.21553701,-0.28158587,-0.69155025,48.217552185058594
1749651040976,RIGHT_HIP,0.034865063,-0.32689753,-0.8001822,78.62100219726562
